	msms_score	matched_peaks	feature_id	reference_id	short_inchikey
0	0.46669861379822886	7	1	166777	APTYMLOLERDMRK
1	0.4236627666090686	8	37	112736	XANRESOMAOULIU
2	0.45384595939105105	8	37	158622	YFTBALWTXJWGFU
3	0.3237132457001349	14	38	191118	ZJTSOHVFOHPWJC
4	0.21350211978143915	7	51	241930	NNCPNXNWAQSRCG
5	0.3395593563778107	8	56	198856	FDHFJXKRMIVNCQ
6	0.48810547127698556	43	57	192292	BEYAPDNDPYAWHT
7	0.8021324941523965	54	57	225113	LBHQTVBKPMHICN
8	0.3947969198974885	30	57	271770	ULDNZNZTSYZQKK
9	0.4978121192835809	25	59	31399	MYTDNGUQXKUHFN
10	0.4658966953576867	23	59	103223	NHIPIGXCJWQVRH
11	0.7458116229361723	27	59	138421	LYRFLYHAGKPMFH
12	0.522852323364907	20	59	182796	GHSBLFLOXXCDDN
13	0.3526356685889692	19	59	189778	XVJURMGLVCDMPO
14	0.5947279718610459	23	59	212611	USBSYOMZAJVNGA
15	0.49881408308214625	30	60	30939	XCADPUVJDQXSTQ
16	0.7080414223438365	41	70	731	BUOSOJFCMIYTBG
17	0.6995405518571906	14	71	1024	GUFMBISUSZUUCB
18	0.5410073890583486	29	71	49248	DGHCIOUISGMOJE
19	0.45964211572075453	28	71	64028	NPAWGLOPXKCTCV
20	0.5367283525858731	29	71	81324	PGVOXXHNGYYHHB
21	0.5737127592137342	29	71	119043	VRPRIAVYSREHAN
22	0.703618530844902	25	71	125938	ROXLYQQDLJJEBE
23	0.6165833679947458	26	71	180550	ZYHJQFMTTFCBKH
24	0.5846276877454498	29	71	195677	KWKXNDCHNDYVRT
25	0.5115566916550947	29	71	216118	RHDHXBLZBVAPTL
26	0.78437047939274	42	74	20509	BXUVLPDAJOPHFD
27	0.6221668875335505	35	74	36134	ZKCKHRAPIWMJMM
28	0.7472678961000035	44	74	67350	RXORHYFDDNAOQS
29	0.7678891192255298	44	74	68368	UVNRLSCOYBEJTM
30	0.7744770716883467	44	74	106818	AMVROEXDYFQCMJ
31	0.7385276238759144	42	74	156733	IKYKEVDKGZYRMQ
32	0.653085998767312	40	74	194844	RSWYJAMVUDLFEQ
33	0.7425643845036783	44	74	198250	NCFULMZVHNTQOK
34	0.7456647930686969	44	74	207893	FSWKPPANMNTLMX
35	0.7408031925958947	44	74	224513	NSHFPFZDITUYCS
36	0.7713199781684256	44	74	235984	HXLZULGRVFOIDK
37	0.5470262700117706	38	74	265446	FNSKSLNGIWWXGL
38	0.21690651315960413	28	76	97462	KPYNOSFEWCAQPM
39	0.5335998837619401	44	78	141631	XCLBZPCBKFADQY
40	0.48912140327695497	25	78	168571	CMWZZRZGLKJOMZ
41	0.2915773731738485	27	78	178655	NUVZRXFYBBDUJZ
42	0.3588887981352742	39	78	230081	DVBUHWFEXOSULX
43	0.7874850867092961	45	78	243570	SNIUTNKNNXNVFA
44	0.29420074296822024	24	78	253920	QNXDEBZEUMVFNP
45	0.7520188999826597	27	80	71394	BKSKLPMHTCDKMA
46	0.7273934282716087	26	80	103513	JLXFCRGBJHNVNU
47	0.5504808282143376	40	80	170458	WQXMQVGEJLKXJG
48	0.6713783190957636	48	81	62002	UCHLTCVIJSLZTA
49	0.6608231077888107	49	81	118402	ZBJGGLXQNXXXRO
50	0.6239910940366225	10	81	129089	QNYKAPDLFBDEOG
51	0.6583170005677877	33	81	134100	DROLRDZYPMOKLM
52	0.5095865601862265	18	81	143973	DPABFWDZPDTZJM
53	0.7118206329639309	49	81	210685	PWEFZYNCAMCEJG
54	0.3297073675262504	8	82	94444	QNWQYXJJIAXWKD
55	0.452402024502148	8	82	121318	KJXSXHGTHSJJMJ
56	0.34369973566834233	8	82	161963	SHEYJRIILVVUIW
57	0.5506024300608421	8	82	164046	MGKJUIWFWNJABP
58	0.5769330906293525	8	82	220681	HSEMFIZWXHQJAE
59	0.34423362016764636	8	82	258027	BBZHHOGHQKXCRQ
60	0.5288299323536406	40	83	6604	WQUFOQOJRNRZNB
61	0.6491167126238074	21	83	173766	APMYDBPENKLBFT
62	0.4903394308436626	39	83	182827	GNJWFARVIURMAW
63	0.5463681506073444	41	83	198853	HZSCAIKPGSXTOF
64	0.5336441458944102	40	83	280033	PKCDBAJESFUNQJ
65	0.7623961489119065	47	83	285349	YRPQTVNCCVPGFA
66	0.3342214680780048	7	84	29597	AUYWNLPGKFYZFF
67	0.7043305508532022	8	84	77388	RMTOFKWPCZJSGD
68	0.3545580133515092	8	84	125825	RNPKKCQJBPCWEE
69	0.38931023104872026	8	84	169696	ZMLQVXILYPDTDA
70	0.6392283401590958	8	84	229287	TYTDPXWKDACQAX
71	0.3901994581595685	8	84	231043	VHELBPHHBAPVFI
72	0.4876867065824734	8	84	278850	GMXKHKFLSPARRX
73	0.5746713000569703	46	85	4638	NKFFXNLIDWNGAG
74	0.6389851737823118	49	85	10152	PPXXPCVCAHJUQP
75	0.43437345388650866	47	85	30494	JUSMYQGXNCVARI
76	0.47343636417979673	38	85	47905	BFZOTKYPSZSDEV
77	0.6910298034581869	50	85	123267	LTUMRKDLVGQMJU
78	0.7092810281821001	50	85	132247	TUCMDDWTBVMRTP
79	0.6890984745120798	46	85	133350	LAEIZWJAQRGPDA
80	0.6411999526675289	48	85	148120	FYTVLSLHXKPOEQ
81	0.6655841912911624	51	85	169792	JJTXQCMHUFFVOF
82	0.6374990684627608	46	85	176085	HXPJEKSKJRYDGV
83	0.6306412354128104	46	85	197379	KRVFOGYBUVKPJD
84	0.5832879986091037	46	85	250686	GMVGICPZYOQEHV
85	0.2978759804804258	18	85	283090	UWXUBLOUNKBKIO
86	0.8243041348105808	66	87	38544	SFIHQZFZMWZOJV
87	0.4378692358386003	35	87	119610	CXUNGJFNAGVPSI
88	0.8003661772101579	55	87	125977	QFIHQWXKTUONPL
89	0.4301433721248017	47	87	157604	AGJAUFUNZWHLKE
90	0.644496338795083	55	87	248624	CJPAHDXHCYFKCY
91	0.5114081119551445	47	87	251347	OVFMKKLQLQCHKA
92	0.24240150048046988	30	87	274742	DXBDZYJWHXTGMU
93	0.5585740915290828	40	90	257098	GJDPGFHVEKFXEZ
94	0.635608851989154	54	91	60069	PEVJDMWZXLRJSP
95	0.41738369363920286	51	91	118221	JCMLOIKRBBQIBA
96	0.474598264843076	42	91	145905	YIOUPFBHICGXGU
97	0.41366443346340676	48	91	186756	RVYUTDKHUFWTFC
98	0.22018697645276733	37	91	188964	NYLFQLXBQJZGOR
99	0.44341786886145873	38	91	253816	KNDQZHFTKYJGCP
100	0.6452403466528506	55	91	256778	YNNQTVPKSXTDCK
101	0.25537844498346546	51	93	101134	GWQUPQQEOPTHCP
102	0.3191039910997549	39	93	233305	WOJLHVINQPZVFH
103	0.21492519319583145	42	94	11673	YILPETBITVIXIX
104	0.251144023285222	50	94	18898	AMCKSJIHLFXIIZ
105	0.23181823879164834	52	94	59450	MBUPMCAGGCGJDW
106	0.459147622041469	32	94	61204	OMYRBCZBTQDJHF
107	0.3431214622293758	46	94	78455	BKOAXGLIGFXNIJ
108	0.2545506815308671	52	94	185002	AGSDDWKTIRYHSX
109	0.24587109262488346	39	94	205099	TZSCTOSDUYUBJK
110	0.2430306926223854	37	94	243514	CFZBYEMAQOZSHS
111	0.562206552158354	9	96	39624	SMUVABOERCFKRW
112	0.28623820928819227	9	96	50638	UMFCIIBZHQXRCJ
113	0.20278847431115749	9	96	57723	LDQSHVHRBJJNDT
114	0.20878640630873602	9	96	76887	PEHSSTUGJUBZBI
115	0.46132939511694865	8	96	82231	NBEFMISJJNGCIZ
116	0.35604049664114257	9	96	133437	GISVICWQYMUPJF
117	0.5162948266663778	9	96	163766	NTWBHJYRDKBGBR
118	0.20713249860403407	9	96	178436	YGCZTXZTJXYWCO
119	0.41101858541927383	9	96	192168	QNGNSVIICDLXHT
120	0.2033876675594594	9	96	218924	MCBGBITUMUAJMT
121	0.34574287871958786	8	96	238492	IQVAERDLDAZARL
122	0.5205996343058138	9	96	256035	UIFVCPMLQXKEEU
123	0.40990871161742753	9	96	264902	LLYXUFQXCNIGDG
124	0.5602976143039659	35	99	72363	DIPDTUOTIZEHEQ
125	0.5428204233073487	35	99	80413	WGNPLLQDSRTCDM
126	0.4199633472163132	29	99	117004	ZWOWUVBTGMGXFA
127	0.3518587856281288	28	99	149100	LUMDYBWCUSZXFA
128	0.43719380108558437	37	99	150948	ASRZUUIQEMYXLQ
129	0.4731549913361265	41	99	155476	BGURCEBDLFPFSC
130	0.4205032675612346	36	99	169382	WNSKMJPVTNVRSD
131	0.42327855698368977	36	99	206809	YFRGJIVWBMOBIT
132	0.41560543371041314	20	99	245487	XDDJYYVXLXUTSA
133	0.4733205031280346	41	99	273615	DBUTWWBBBQFAJO
134	0.531928953376532	38	102	5024	OVCNLQUMMGZZFV
135	0.3320744666503588	32	102	33280	IGOWIHNQOCQAAD
136	0.26147253235803136	29	102	86641	NGCIMCKRDVIWAA
137	0.45166954181133023	48	102	91453	BBRMJCAPNGJKEM
138	0.4017910870306791	37	102	156065	OKTQTXDNHCOLHT
139	0.4963018668744731	48	102	170780	ZZRUATRJSMWKIB
140	0.4147122278786548	48	102	261750	JNPRQUIWDVDHIT
141	0.2195640268906732	10	104	12336	GUOSQNAUYHMCRU
142	0.2551597842380989	12	104	217881	ZJIMVXLDDNBLAK
143	0.23790513002613758	10	106	153028	ASEBTWHXRMVUJL
144	0.20185994983739952	7	107	88245	MRKMGEXDKRHLPD
145	0.20583827431045734	34	110	36582	LQSRPJKNQQPZHM
146	0.23043431667758282	30	110	84215	LVMASFUXMANZSS
147	0.3113247037115889	38	110	121064	YJBDONBQDZQXCM
148	0.32693711062364805	38	110	232921	FHFVOPNRJSTEAZ
149	0.2517325027028612	24	110	237937	GJNIZHUDNBTUTM
150	0.21176850987283388	20	110	264491	BWHFZQMZPPOMMK
151	0.3003431039050341	38	110	276035	NDFHTIDRPJBWIN
152	0.22515774886104384	16	111	87244	KYKBHRVKONYRBO
153	0.2588369469578769	12	111	268128	UGJMXCAKCUNAIE
154	0.6871268433234219	9	114	279007	AOMUHOFOVNGZAN
155	0.22434412248150645	7	117	193689	ZZMRRHANYHOIDL
156	0.2083622510051073	8	117	270578	QJBOZPLEQLTYDL
157	0.7203082114443778	7	118	109579	LCZVSXRMYJUNFX
158	0.3356675704886828	24	121	494	CUSAOHXMIBSEHH
159	0.44192721478882396	23	121	20391	HDNGHNOEMOMCKM
160	0.371672663923268	28	121	23342	FLJRXICXLUZYBE
161	0.50158762222696	27	121	25777	KZUSVZNJHFYUQX
162	0.20800723210460098	20	121	27277	MQETZQLZTJUQHR
163	0.3246656238680023	26	121	39550	FEHJIZDZFVLRLD
164	0.3617302269145225	26	121	39946	YKUZRVDDAPLZDF
165	0.49326784215884883	27	121	49195	UHHVTGOVUBSAIG
166	0.4473625775883963	28	121	60786	HFULRMSLMBVSDW
167	0.6822995928663602	30	121	64934	UXYFUYRKYUHZOH
168	0.6778121161736728	26	121	73097	DVKUEUADFHEKNX
169	0.28501877952969756	24	121	77676	QALMJEBRDYDKOB
170	0.29266543788438737	30	121	77791	UKAYSZOBJMGOTG
171	0.2969688660800245	23	121	86627	FVLOVPUOMLOXJT
172	0.25973246516793985	22	121	89098	CQVCJRAFQMGRDD
173	0.641860607853433	27	121	99831	MGYJEJUWQRJNBN
174	0.585844004288878	28	121	107751	UANZCTRZDQLPDX
175	0.3209679895772147	22	121	112173	GUVJPXABQYFWPD
176	0.2675357426692473	21	121	121777	HYUVPGKOZBLTBP
177	0.29992348204670427	7	121	126282	ORYLMZKDRMYWGM
178	0.23743056956587616	23	121	128575	ZQUICPBUMISQIC
179	0.28200200889132315	23	121	129344	NAZSXQGQWGMPPM
180	0.29843442140390564	24	121	129900	ULSLQASWGCDIGX
181	0.44013848366053165	8	121	135088	JJQOCZNUTZIGAX
182	0.3567914001885924	22	121	135942	PSGRXCIJQHOXDC
183	0.6152612842280807	26	121	136484	XEPCTAKXVIPOJK
184	0.2009134901557158	22	121	153088	FNODVCVNRVJIPB
185	0.4159817661928165	28	121	154761	RKSYUYCKHRVFNL
186	0.4522626963232592	24	121	183614	TYFBKCNLJSYFSS
187	0.647139590944189	28	121	184461	NJAYHLDXCVDTEV
188	0.40221760597289374	24	121	190281	XJDAAAPRTJXHFM
189	0.6553435091307017	27	121	194535	MHALAIOXRHAOFI
190	0.37626360526322916	26	121	198394	DGTXWIIFBBXJAA
191	0.43224491652541913	21	121	213088	RRYVAIMRWICAQE
192	0.6324482682778662	32	121	213544	MJHCLSMOSXLVMS
193	0.6987892679960764	28	121	218137	GDCBVHSUEZTUIW
194	0.3923545114744648	33	121	218681	VFUTWIAUDWRGRZ
195	0.34007586127456774	23	121	219444	BFDKCISGMFXZOW
196	0.27526103386531714	22	121	219861	XZEIVZDLJSQWCC
197	0.28820944091991774	30	121	236634	UYQGVDXDXBAABN
198	0.6136488903484798	27	121	239465	XHMGEKKHSKIGMI
199	0.6756561866654852	29	121	249270	ABCUJZSRBYAWAE
200	0.30280954005128136	12	121	260057	NRSXTYHHUFXQIS
201	0.29146015839998707	22	121	266205	VRUFZWKTAKCFGU
202	0.30255661210063167	23	121	268561	QXGBPLWKLUOLSY
203	0.32992338146100686	30	121	269553	UHFDVJRNQGHKJH
204	0.23353006413365598	22	121	270206	YYZBBTIMECBEED
205	0.28301192053352425	22	121	282042	WBGZYWAQSKEEGP
206	0.6521545389399372	25	121	283602	RCMABBHQYMBYKV
207	0.43974238625311796	35	124	31430	JVRVKOOOXHGJKI
208	0.47923130539134695	39	124	52117	OGEVDGPPHTZMPM
209	0.5004225762848649	39	124	53843	UFKFDATWXJRMOS
210	0.4723019667936112	38	124	66525	RAPBJBKXYYMYAY
211	0.4192700321793588	32	124	69785	XJJBSSJHWZLHHT
212	0.4859294277026283	37	124	80457	LZSJCSQKHQTZID
213	0.6186223154783905	13	124	83980	NOCVMSYGCYUEIV
214	0.4004546369122826	33	124	98066	DSPKXVYJORTNRJ
215	0.47832052993072344	38	124	133121	BNJWNDPSWUOBCU
216	0.4582044226754823	38	124	171954	QBTJRRWTWAXKSO
217	0.504474982887644	38	124	194435	NSOPGAYUGBZWHL
218	0.4031005401677621	33	124	231598	DNGFLPFNXOMGJW
219	0.6274408050775697	11	124	252321	PORBGBCZJXACJU
220	0.3888756011592992	31	124	261560	CDTXMUFCBIHNCK
221	0.26551079463875027	17	124	278849	GCSGWQIIVZDSSY
222	0.27111741026628244	12	125	40131	PAUQJQHFKKNJSY
223	0.2784801860220017	12	125	106094	SQIQZZJGWUWAFZ
224	0.40140796618884933	10	134	37190	XPJRQAIZZQMSCM
225	0.38149048314611267	8	140	60820	DXRJDPYAUGGBPB
226	0.5296587898716928	8	140	79340	IIHODMXLVYVECB
227	0.49376112957000806	8	140	84174	UQAARSRFYUOBII
228	0.6749832715318979	7	140	206798	BTUSGZZCQZACPT
229	0.4623739525868337	9	149	37444	XQVGKCPBADDMQR
230	0.5808655821221065	8	149	200712	GAPOVTCESQJLFA
231	0.6042122931024113	8	149	271879	VDRZDTXJMRRVMF
232	0.24991102976089083	9	149	284587	GXCOATDWZKRJOA
233	0.24684183266693588	7	157	164958	PBLZLIFKVPJDCO
234	0.5520545261197919	7	158	174223	VEGJUCGIMLDNRR
235	0.238375025510282	8	159	21314	AFQJAHRYMBYSMO
236	0.26806695684090864	10	159	37807	IMSSROKUHAOUJS
237	0.3859338409279141	9	159	84819	ILEFDVKRZHNRNV
238	0.238649490101323	7	159	127477	GJURQIFLIZOXFV
239	0.4537630916544404	9	159	155366	IPHMYTYOJLRBNJ
240	0.31513325315553775	8	159	240230	QJJGQLADYJUOHS
241	0.3712267697562593	11	159	249668	AWSIPXHKLWUCJU
242	0.22976291198606758	7	159	285651	YMLYCYPKXSJFSY
243	0.5399382524701152	10	160	19110	LEKRFEFLVRJAMH
244	0.2877451206476477	7	160	44305	YTEYTHRWXHJPKG
245	0.2715048326799864	8	160	60711	CMUUAODGTQVYHQ
246	0.25992769119062825	8	160	60803	PVYORFBABSDDNC
247	0.21956428977724812	10	160	89103	AGAVZGGLSQTDIW
248	0.20389535537584857	9	160	94734	MXPGQUVVLMPLEC
249	0.2554267570067593	10	160	104396	YHCIKUXPWFLCFN
250	0.24582309525941154	7	160	107540	KMODTCMZRVFBEH
251	0.25634461804722986	10	160	143138	AZVREFBOZWOSCN
252	0.28986195225243494	9	160	147412	BFPYWIDHMRZLRN
253	0.24817664934094508	9	160	148761	IFSKJOBQGRCJHO
254	0.2516486646771277	9	160	153719	ZZKYIXZFKUGPRI
255	0.4043145627348052	8	160	172011	BEYNZZVKYQTAAE
256	0.291821472707193	9	160	172163	FORLYQGDAZRKBL
257	0.49976081079004553	7	160	217929	RHRKZIFEVKRELT
258	0.20119582132952935	10	160	248834	OAQVZPYXYSRBQH
259	0.4069148218150669	8	160	271971	AAXDGOBXHIYHQV
260	0.3361504561178182	7	160	279275	KKQISYVOAZMUOF
261	0.25035805182782145	12	160	288211	NEWBSSHUUPIRNQ
262	0.4073104911344689	30	161	19852	AHRUFYIOZLJWPI
263	0.5128630431454771	25	161	50981	QGQUORCPVPRLCK
264	0.21579765794655176	15	161	106872	XAUKEFNFVZJJRQ
265	0.5375799636979813	31	161	209489	ZLZRLBMUOXIEFI
266	0.8151558525840034	49	166	38544	SFIHQZFZMWZOJV
267	0.4379171877569513	29	166	119610	CXUNGJFNAGVPSI
268	0.79258717749868	45	166	125977	QFIHQWXKTUONPL
269	0.4133761113426964	36	166	157604	AGJAUFUNZWHLKE
270	0.6307395184173055	44	166	248624	CJPAHDXHCYFKCY
271	0.4843899646437491	38	166	251347	OVFMKKLQLQCHKA
272	0.23804566493279639	24	166	274742	DXBDZYJWHXTGMU
273	0.5630762503529566	8	167	39624	SMUVABOERCFKRW
274	0.2822246770880185	8	167	50638	UMFCIIBZHQXRCJ
275	0.20526239219196404	8	167	76887	PEHSSTUGJUBZBI
276	0.47338430313164853	8	167	82231	NBEFMISJJNGCIZ
277	0.3604604770249984	8	167	133437	GISVICWQYMUPJF
278	0.5214366206137069	8	167	163766	NTWBHJYRDKBGBR
279	0.20113223830323876	8	167	178436	YGCZTXZTJXYWCO
280	0.41236896071309326	8	167	192168	QNGNSVIICDLXHT
281	0.3575766456185437	8	167	238492	IQVAERDLDAZARL
282	0.5200743686635113	8	167	256035	UIFVCPMLQXKEEU
283	0.41106250044514286	8	167	264902	LLYXUFQXCNIGDG
284	0.5413548802887407	28	168	6604	WQUFOQOJRNRZNB
285	0.6379141615154214	13	168	173766	APMYDBPENKLBFT
286	0.4972292590826531	25	168	182827	GNJWFARVIURMAW
287	0.5573790920028724	28	168	198853	HZSCAIKPGSXTOF
288	0.5446940866262401	28	168	280033	PKCDBAJESFUNQJ
289	0.7681463795877108	30	168	285349	YRPQTVNCCVPGFA
290	0.713090202467217	38	169	731	BUOSOJFCMIYTBG
291	0.3850493978146943	11	171	887	OUPXLQOHVPEXME
292	0.26016020017575314	11	171	4921	KXOWHZMNPYXWQV
293	0.6420526673952206	10	171	40136	QGXJTDHPWUQRFT
294	0.31766697775579733	7	171	45575	KMHXBSBEAHDUGB
295	0.4020355917329955	8	171	59074	PLYSJDAYJMFETG
296	0.4112891432876094	8	171	63978	BGMOXLYBBTWIMD
297	0.47597005826763616	8	171	68078	TVDPVFPVOHCHQM
298	0.3017432721426314	9	171	68885	VPGPQVKJUYKKNN
299	0.46089410812733106	11	171	79536	UNYNVICDCJHOPO
300	0.3852195384990236	11	171	84340	DFCKRIQJSYAFQG
301	0.4905259343997304	11	171	93874	BHALNYVILOSMDQ
302	0.26754850356066534	11	171	114045	DQNKZKKRGMNVBT
303	0.49983985087126603	11	171	117907	MEZHTUKDGVTUCD
304	0.459802968314531	11	171	120601	YOSOKWRRCVPEJS
305	0.27164041781830717	7	171	143045	PXNRZJNTMDCHFR
306	0.5488849867185649	11	171	168824	YWBPYSCGWZUZTP
307	0.44188839587567597	11	171	194750	DSLRVRBSNLHVBH
308	0.4367939997638218	8	171	233155	BKVUTCCUMZQAOB
309	0.2655095655400919	11	171	241771	ZWVZCLKOCMWAKG
310	0.5031743148834152	11	171	250026	OXJORRLAXFDANJ
311	0.27207235089390863	8	171	262940	AHLDCEZSQNGEFT
312	0.4779563834051374	11	171	281675	HVNDECDCMWQSGR
313	0.2294735148155206	13	173	136739	SHZGCJCMOBCMKK
314	0.20213041288517045	10	173	163348	MCHWWJLLPNDHGL
315	0.46183689437329556	21	174	19852	AHRUFYIOZLJWPI
316	0.6119130400955287	18	174	50981	QGQUORCPVPRLCK
317	0.5815929733440932	21	174	209489	ZLZRLBMUOXIEFI
318	0.21737255400955105	10	185	100653	PXPIJNMPDAFWSF
319	0.25562826549094997	10	185	217902	QIFKKOLRBBCKDZ
320	0.29217768872718464	8	186	55285	IOTTUNXDZBJQGD
321	0.30888698604361464	7	186	90422	SUIBWCZNINPRMW
322	0.24568192347462559	8	186	192153	UPZZBIGJSKRXQV
323	0.24444158154054496	9	186	217229	FNEYFRLVOWTCBP
324	0.4668515365131147	18	189	6604	WQUFOQOJRNRZNB
325	0.6533014585854703	8	189	173766	APMYDBPENKLBFT
326	0.4747924297413652	14	189	182827	GNJWFARVIURMAW
327	0.49746747662288365	18	189	198853	HZSCAIKPGSXTOF
328	0.46441453662573706	18	189	280033	PKCDBAJESFUNQJ
329	0.6892588868194277	18	189	285349	YRPQTVNCCVPGFA
330	0.3915959295327717	16	193	887	OUPXLQOHVPEXME
331	0.2575090024074406	15	193	4921	KXOWHZMNPYXWQV
332	0.630484323844555	14	193	40136	QGXJTDHPWUQRFT
333	0.32855017244675894	11	193	45575	KMHXBSBEAHDUGB
334	0.3889886750326142	14	193	59074	PLYSJDAYJMFETG
335	0.4116865426739643	14	193	63978	BGMOXLYBBTWIMD
336	0.4686486310608361	14	193	68078	TVDPVFPVOHCHQM
337	0.34142839565706057	13	193	68885	VPGPQVKJUYKKNN
338	0.5091812238367565	17	193	79536	UNYNVICDCJHOPO
339	0.4161117887681596	16	193	84340	DFCKRIQJSYAFQG
340	0.49012688122102077	17	193	93874	BHALNYVILOSMDQ
341	0.27705014799413447	17	193	114045	DQNKZKKRGMNVBT
342	0.4944274026667835	15	193	117907	MEZHTUKDGVTUCD
343	0.45126460654692824	15	193	120601	YOSOKWRRCVPEJS
344	0.28138458378793957	12	193	143045	PXNRZJNTMDCHFR
345	0.5510445732263736	16	193	168824	YWBPYSCGWZUZTP
346	0.4367186508347819	15	193	194750	DSLRVRBSNLHVBH
347	0.42682645112099815	13	193	233155	BKVUTCCUMZQAOB
348	0.2583508457472733	14	193	241771	ZWVZCLKOCMWAKG
349	0.5118754013632991	17	193	250026	OXJORRLAXFDANJ
350	0.28094168230373656	14	193	262940	AHLDCEZSQNGEFT
351	0.47512285628071377	17	193	281675	HVNDECDCMWQSGR
352	0.565831913632388	8	194	39624	SMUVABOERCFKRW
353	0.28492752965568413	8	194	50638	UMFCIIBZHQXRCJ
354	0.20799920221128956	8	194	76887	PEHSSTUGJUBZBI
355	0.46746081569528763	8	194	82231	NBEFMISJJNGCIZ
356	0.36209959639043227	8	194	133437	GISVICWQYMUPJF
357	0.5211007207645173	8	194	163766	NTWBHJYRDKBGBR
358	0.2128725155543393	8	194	178436	YGCZTXZTJXYWCO
359	0.41302859219376764	8	194	192168	QNGNSVIICDLXHT
360	0.20389813137257248	8	194	218924	MCBGBITUMUAJMT
361	0.35337041386244394	8	194	238492	IQVAERDLDAZARL
362	0.5246788762128471	8	194	256035	UIFVCPMLQXKEEU
363	0.4120210227588941	8	194	264902	LLYXUFQXCNIGDG
364	0.3657632219634028	13	195	2963	IBMRTYCHDPMBFN
365	0.3388335068702002	13	195	14839	RUKBZMQXLNLXDE
366	0.21761217361800705	11	195	52292	PBWGPVKLJDUIJH
367	0.31191909593452466	13	195	68215	MTXVDRINZSDQHC
368	0.32186287071748243	11	195	69661	ASUGCSTWKLTCSR
369	0.24085331240131994	12	195	97741	GOVNVPJYMDJYSR
370	0.2450118022352258	11	195	120172	KLDXJTOLSGUMSJ
371	0.2572749768696529	13	195	159386	RUOYDTZDXIKJLO
372	0.387169251845944	11	195	170849	RKMQRPYLPSKVNS
373	0.26072905609908353	11	195	217810	LRUBQXAKGXQBHA
374	0.40369703694246456	11	195	222875	OAVZGKBBHXFFGL
375	0.2453492587930058	12	195	226595	XXDQOOOVVVJHJN
376	0.22455054148908185	14	195	275933	WNLRTRBMVRJNCN
377	0.22357843323151677	12	196	136739	SHZGCJCMOBCMKK
378	0.20469276302154651	9	196	163348	MCHWWJLLPNDHGL
379	0.20156983183087665	7	199	80063	MNJOYTAOBYKTHC
380	0.2604047732031115	7	199	154110	QTTAJMQGQJRLDK
381	0.23337341358735364	11	199	161056	UQNSGOYQGBXKSN
382	0.3629043496648411	7	199	257092	ARNQMQXMJRUMRP
383	0.45239265952402535	20	201	19852	AHRUFYIOZLJWPI
384	0.5931108978603299	17	201	50981	QGQUORCPVPRLCK
385	0.5783042144982796	21	201	209489	ZLZRLBMUOXIEFI
386	0.29920376192532233	7	203	76304	OERDHVYMRBEQEA
387	0.3211950964174047	11	203	228840	JSMLDRQMULJGNG
388	0.4650631607641066	9	211	48849	ZEZFFRWWHKSMEB
389	0.29890344085653936	7	211	121299	MOPRTFSMCQNUCT
390	0.5184563213575901	9	212	48849	ZEZFFRWWHKSMEB
391	0.2387719682715932	8	215	9894	HWPZKJVGDYNEAW
392	0.2381794570776855	13	217	23614	GMNLYZMBIUXKNI
393	0.23044140230490462	12	217	61661	MOFKMHCZSXGRKR
394	0.28339509829613996	13	217	72609	XLBJKJYFRHUHQH
395	0.4871545961276374	8	217	79376	MZNYKIXDEPFZJF
396	0.4686341583398931	7	217	89845	WMUNKZAZIGVJSP
397	0.2502146220101438	16	217	104823	PBLYJNWLOXWSSP
398	0.2759150674860699	7	217	148561	UCNNZELZXFXXJQ
399	0.3520075927167553	13	217	191801	MWKRMHRQABNMEF
400	0.2905902469265668	14	217	210198	GWMPSZIOAYAGPH
401	0.3986081768071475	9	220	65904	NCMDMZMGJSDWGY
402	0.39375337883547373	8	220	123098	DJKSRTYQAWKUME
403	0.222276059792383	7	226	20368	NRFGTHFONZYFNY
404	0.22034376999709268	12	226	23614	GMNLYZMBIUXKNI
405	0.21337346505671553	12	226	61661	MOFKMHCZSXGRKR
406	0.26325145425469587	13	226	72609	XLBJKJYFRHUHQH
407	0.4488341114727656	9	226	79376	MZNYKIXDEPFZJF
408	0.44415084741876976	9	226	89845	WMUNKZAZIGVJSP
409	0.2470533206558167	17	226	104823	PBLYJNWLOXWSSP
410	0.2555909312980725	7	226	148561	UCNNZELZXFXXJQ
411	0.3340054748753259	16	226	191801	MWKRMHRQABNMEF
412	0.2699135121679923	13	226	210198	GWMPSZIOAYAGPH
413	0.3458116976191432	8	226	263360	SQZGLNJGLTXCMY
414	0.45639244376828	10	228	78223	YLSPVSWMAHXPCB
415	0.5689051388975987	14	228	266721	VSUBZAVPZZDZOR
416	0.31296829251021785	7	233	153851	RZSYGLBUQJUZDO
417	0.27033328504036863	7	233	285062	DGZAJIFGFBNYNY
418	0.32547983580423556	11	234	2932	VWPQCOZMXULHDM
419	0.22287648558434903	10	234	268169	XFGWQYYDOWONQJ
420	0.3993546303523165	11	235	1195	MASDSRQGDJFGPI
421	0.5191863977502755	7	235	86201	WSRPXRPLNPKUCF
422	0.43090137910195314	9	235	102885	RCIZHEHSKOBULF
423	0.4977696843684492	11	235	192481	GPVNHTHHMMKLHI
424	0.3631015224929998	10	235	282435	KYVXEZPQRULTLX
425	0.20138493995379284	11	239	27338	CPHALJMXKNITBL
426	0.2164322841371983	16	239	137651	LDJGFVIFCPBTNK
427	0.5272569850420636	9	239	224700	PSYJEEMZZIZTSR
428	0.23542706416952716	13	242	6452	QIZQZQCADPIVCI
429	0.6979685552632463	13	242	8481	HVGNSPLLPQWYGC
430	0.22228012028830424	11	242	14381	BXFIHDMPMGLIDF
431	0.7436168328021595	11	242	17398	UJYUDTPLHOZSGT
432	0.48607729876416716	12	242	25503	LZKXQEWGRISBLV
433	0.3124541325685027	14	242	28029	PQEKEYKFSWTAJS
434	0.5819021425169343	14	242	32945	VQJPIDCZXISJKM
435	0.5294390098880444	14	242	36578	BZEUPWLVFWCNBV
436	0.4461231611285225	13	242	44625	JMFRWRFFLBVWSI
437	0.2285055634225691	13	242	44878	GZMJDUSOFSPHID
438	0.3392578671529208	13	242	47866	YKLIFQPPZZVFPR
439	0.6578646109220386	9	242	50153	YJKHOUIVWKQRSL
440	0.3303477286157844	9	242	53939	GMFURTWBEPILKH
441	0.46421647327232857	14	242	60225	LDSWZTLIQOJYJT
442	0.31851766193473796	11	242	66623	VWELEPLJZIXGFW
443	0.30537869813432966	10	242	68486	OBVFRTQKKWGYMJ
444	0.28766384269700795	10	242	68560	GDFUWFOCYZZGQU
445	0.36089225874874326	11	242	70062	FHUODBDRWMIBQP
446	0.3365223957421093	13	242	71787	HFNGYHHRRMSKEU
447	0.34385490469648305	9	242	75435	JDDAFBRBRLVHFY
448	0.37348475434413053	14	242	75614	BJJQJLOZWBZEGA
449	0.34112972124221164	11	242	77219	USFSXUYYGPLLQC
450	0.33003575875502156	11	242	82477	SAXHIDRUJXPDOD
451	0.2075981255262654	12	242	85705	VFYMSAONOBWBNN
452	0.4494301881760284	13	242	86403	COZBGKLOQYBHKN
453	0.40694502437307656	14	242	86741	QHTSEJMIJNFTJD
454	0.5477690819588272	11	242	86845	BERFDQAMXIBOHM
455	0.28490707504255885	9	242	90611	QELSKZZBTMNZEB
456	0.5465105358510983	11	242	91889	MAKZPFSTXDXNJN
457	0.482370290900614	14	242	92820	LHCOUCTYTUVKNR
458	0.31700369210484514	14	242	93189	YHXYRISRGHSPNV
459	0.2964271441311607	13	242	93253	RTYQTTPTUBTOOF
460	0.42271128132387537	10	242	95398	ZMBVXSACMPMEHU
461	0.39653320357218624	14	242	96461	KBDLTYNZHQRMQC
462	0.4131851959437334	12	242	100752	GFWRERVOFRPXKB
463	0.5523429261764057	12	242	107681	GBNCQQKBWZJIGX
464	0.5168982264823252	11	242	109361	KZNSMGZIFUYDTJ
465	0.4735826647733115	14	242	109816	VAFOLTKCMXTVQD
466	0.2982331292745178	16	242	110064	OOQUCJPSNWQKFG
467	0.22169940713551936	13	242	110698	FOHLVJQDZBALFM
468	0.23583783521239812	13	242	112082	HCTNZAAVSRVKLJ
469	0.39976479177451263	15	242	117646	XSZSNLOPIWWFHS
470	0.36203510793809923	14	242	123770	XRAMJHXWXCMGJM
471	0.33217990582441365	15	242	124351	CTIJRJWOAGTXJC
472	0.668050014468103	12	242	126955	ZTXTZJHRRIQLRH
473	0.32490084828542887	13	242	129299	JZINUBOCUVPLGH
474	0.7350970750234261	13	242	130515	DTNGDTFARJMFLC
475	0.35987422915938966	12	242	131922	QRYSMWVPJDAMGZ
476	0.3686731580841144	11	242	137097	XLCROZPQTTVQIN
477	0.42549763588009243	12	242	140600	CYEJTKLZJUZCOS
478	0.34999441897140454	12	242	140810	FBGXENQFSMMBNY
479	0.6576613113210857	11	242	140874	KDUUURSYZCGUBI
480	0.40333899609783824	8	242	140906	OLQHWMVTGZBGLG
481	0.26734206860074505	13	242	141268	KIEATOGEYUWTSR
482	0.25486953597887435	12	242	143769	OBLUVUJNAGOBPQ
483	0.34475221071308065	11	242	145003	YNMSXDTVNUURCX
484	0.38922132343275395	13	242	146896	BFAPKXQOLRZYTB
485	0.6710539157139955	10	242	147440	XCTGBWRNPBNMNX
486	0.45487690963192023	16	242	147735	GSCKNWYHELSSSU
487	0.6262094133494928	14	242	149077	BHIIRUKUMCZDIB
488	0.5685919476118513	10	242	151880	MBPGDDYEFPQJLT
489	0.6760595303423393	13	242	157100	DFMWSPPHROULTM
490	0.3350574772827192	14	242	159928	WTXFBCVFHRHFQD
491	0.5519458158348908	14	242	162978	FIUFLISGGHNPSM
492	0.46757843718599856	13	242	163564	XYMWAGYFGHSFJC
493	0.6302994438632976	13	242	164704	OMYVQMNBUXUYLM
494	0.34420655122328403	13	242	165808	WKABNSOLXPEPJQ
495	0.3700645102384692	10	242	167469	WXVQURJGDUNJCS
496	0.40577722174334624	14	242	169652	YMQOWBARIGEIMW
497	0.33590402053742485	9	242	170810	SLFZJKUFAVHARP
498	0.34400411378743523	13	242	171315	LFVCJQWZGDLHSD
499	0.2720658255704178	15	242	171509	ZQHMVQITCFVJFA
500	0.6020670867759375	11	242	175189	UCOYSJMMNKTNHP
501	0.32823412220416603	13	242	175402	YBINBZCRYSTRIP
502	0.2651255464854678	11	242	175839	HPPDWCXQOXACSB
503	0.23176954448584075	13	242	176997	RBBDGVVYMLWJNK
504	0.5384644847501251	13	242	178651	XNGDDFPFJFPWRU
505	0.4457249882185535	15	242	184989	ALEVUYMOJKJJSA
506	0.3736240584030573	11	242	186927	JMJXBWVQZRFIHZ
507	0.29054408020390365	14	242	187193	SJGKYVCZSNGHPC
508	0.23633985281215988	11	242	188685	RVWUAXZJPZNHIE
509	0.36327172864230706	12	242	193219	OGQGIKZPOBBMNO
510	0.44930163240555476	10	242	197244	WJBBJTQRZGMBEM
511	0.3316478404413191	11	242	201574	YTNGLQLQPPYEAT
512	0.6850769722332031	11	242	202027	KHHDJKGGBJWOCP
513	0.5883172853014295	10	242	202519	DNRLWLBGSCPICC
514	0.394139816129102	9	242	205853	IQZLUWLMQNGTIW
515	0.3795730570018007	10	242	207277	QPMKMKZECSGAQA
516	0.3385987037741501	15	242	207381	YGPGUEZTBZXORL
517	0.3721474469228202	11	242	207602	FPMXQCOFXWVRLL
518	0.28366034576062443	11	242	207707	GTROJNGJJKJMDO
519	0.7282695280513727	15	242	213020	UOMUHNNOLZVNSH
520	0.5251403862973852	15	242	214496	BSNRFXVUOLROJV
521	0.3595363703505469	11	242	218587	COUDKMJLVVETJL
522	0.44524002637056814	15	242	229100	HSRZSUUQIFGNJF
523	0.36220087257153427	10	242	234316	SORVIHQBRAIQKQ
524	0.3617225104024367	10	242	236898	PWFBIRXDBRONAJ
525	0.3286817210606999	13	242	238070	LDLOCPJLLDCCGO
526	0.4542244900974361	13	242	239969	HZRDEPDQYBDIPR
527	0.6402993773714482	13	242	250445	ZQYLDVNTWDEAJI
528	0.6519511186984442	13	242	251141	ATWBUGUSQHGDOQ
529	0.2901555213925003	11	242	252982	ZXLVBNBARMXEBG
530	0.3586625743813286	13	242	254716	HYUPPKVFCGIMDB
531	0.4387981910254782	12	242	254826	PXFYAFDHWSXVLU
532	0.6189105781394661	13	242	255618	DSKOPBZVUDDAFH
533	0.410916861467197	11	242	257309	BNMHCCDWXGBFGJ
534	0.7044695662362663	12	242	263626	OBAWNXJOHPSFMJ
535	0.5893263100191326	10	242	268137	RTRFTGJNWSOWPO
536	0.4336873256070039	13	242	268227	CAQJZUXHKMYJEF
537	0.7124010471648535	11	242	269118	QHJGZUSJKGVMTF
538	0.25364936376521935	12	242	269768	GAIOEEDYZHKHNI
539	0.6827945356774034	11	242	270654	AMZNYVFIWCPUAY
540	0.4066697855621627	11	242	273353	BPQSUBYBOQQEAD
541	0.6842386689680815	16	242	273618	HOXZLCMLRLXRIN
542	0.3431045945943762	8	242	277387	NMPPJJIBQQCOOI
543	0.556036524256259	14	242	279573	MSWKQQGUQXTPPA
544	0.6327171465540294	14	242	288085	IZEZSOSPEGKVRG
545	0.28639819545900574	12	246	147611	SOFSTVNBQFOELD
546	0.3264243503056519	9	247	28075	PPWODKDWYWFWSE
547	0.4869740669739055	10	247	30189	UNYWUKPRXHBHNV
548	0.5144694784029467	10	247	80282	QGPUVHJCWMROIW
549	0.2578967571657397	10	247	161426	MDVOIGYMDJYYGO
550	0.22644573267681833	7	247	211002	SJGJCJLSSXJWOR
551	0.28919769939801726	13	247	235920	BICQIIMUXNNGDO
552	0.6265985942543308	10	247	239602	AJJJRSKTRLDSEB
553	0.39245909650385946	11	247	248967	DQHMITDFLUTHSW
554	0.4542643777088837	10	247	271064	HZSZGECQJDGGRQ
555	0.4675418473954896	12	247	281851	SZOHHLKEGWGWNH
556	0.3219584349429327	8	250	12236	JATNWMBUDXLMEO
557	0.486306955771675	9	250	163498	HTSOMKXWOBFXMF
558	0.6054261841856056	8	250	170200	GKTIVNKILASSAW
559	0.29719344030556905	8	250	197084	SGHJUJBYMSVAJY
560	0.20224325536229112	7	250	248211	MKWQGOSIKKPMLW
561	0.7037523419919639	8	252	13443	MTXSIJUGVMTTMU
562	0.6775358170960796	8	252	198092	JUOSGGQXEBBCJB
563	0.7583222411710132	8	252	200179	SNICXCGAKADSCV
564	0.6867540067040949	8	252	233139	WERCHVXXXMTJME
565	0.6381580147388833	7	252	268482	RVKVUYGBDYOOJD
566	0.23275863996269613	10	254	16025	LWKQMJMZQKJRPU
567	0.33622078963653973	8	263	10533	VNVRDLSPDQOAQQ
568	0.5168530724312369	10	263	16025	LWKQMJMZQKJRPU
569	0.22670514154067914	7	263	68947	IJMWYFHXJWRHQH
570	0.29533041809996696	7	263	77488	COFYDGKGNFNRJW
571	0.2329225936701615	7	263	81229	PQCIBORQLVRFMR
572	0.26597520112171036	7	263	98847	AIUWTUISVMSLIC
573	0.21455160225216	10	263	178094	DWMPUSYNOLYENT
574	0.27277036575402047	7	263	224791	LFHSZRTUBXHYFX
575	0.3315111660925156	7	267	280689	XMVYTWVWYJLUHK
576	0.3224895007572734	8	270	217881	ZJIMVXLDDNBLAK
577	0.21011093952733204	9	271	136119	HGKXDDJOAPAFHO
578	0.29426074029749505	7	271	174097	XJZGUAOGZWCCNE
579	0.2703564022315549	8	271	263716	AMKJRXWVNVNVKO
580	0.36273652158671726	8	271	266795	AVGVCMDFODSDCK
581	0.4725345959158666	12	275	52268	VAFNMNRKDDAKRM
582	0.5643352043147907	11	275	275573	OVEAWSPZRGBTSS
583	0.5003061898168197	8	281	103366	MTDAMXMCHSXPCC
584	0.45691182365326344	12	281	187694	TXXBMMUOVJQQKD
585	0.4213451321699381	9	281	199412	NWZMTUZIVUBFAS
586	0.5198013383582756	11	281	256110	BUHLPZGJSXOBGG
587	0.8343258469966278	12	282	13443	MTXSIJUGVMTTMU
588	0.6505808999508277	8	282	15162	KTACIEACGJRXQD
589	0.790568089149969	8	282	32647	PCTYKJNZAZUCLN
590	0.44081705724200054	12	282	198092	JUOSGGQXEBBCJB
591	0.7400796600096942	12	282	200179	SNICXCGAKADSCV
592	0.5337714692928371	9	282	204104	ZFPORMYSWAHSAQ
593	0.7860414095401105	12	282	233139	WERCHVXXXMTJME
594	0.7731611623179288	10	282	268482	RVKVUYGBDYOOJD
595	0.2130443066010409	8	283	80819	IYJXSJJCXYNKBU
596	0.3435361735426482	7	283	86210	USGQADYZRWUBHS
597	0.20907822035427706	8	283	165142	HVMXRHIFEALNRH
598	0.2208406674666147	10	283	273552	AFBIDHYBVNNJGJ
599	0.2307735567769935	8	286	46928	MMOXZBCLCQITDF
600	0.22841762247152553	10	286	172128	XOVCOZPZAACWRA
601	0.33101091727645704	12	286	187426	AHOGYJASUMLRRS
602	0.4040896501380934	11	286	230078	SSWZIHDEYOORCA
603	0.27543948731905066	8	286	231766	RYZBRYZTGMIVCE
604	0.2569488431177706	10	286	278082	MMUVMQBKPYDMKS
605	0.21078407362570048	9	286	285444	RDLKKRWBZLFOAU
606	0.5008420222309208	7	288	69076	CMKHWUBEVSIFHL
607	0.7082160155491174	8	291	57957	QYFSHTYKVAOVJM
608	0.32327394432708895	9	294	26984	NDDMVJXHROIJBV
609	0.3399562245337309	8	294	55337	WBJYPKOZOKJWSD
610	0.4469829605977544	9	294	101158	MYKUKUCHPMASKF
611	0.26765410877085455	7	294	123561	YSQNQOKRWIKETP
612	0.3371987943253295	7	294	173021	CTFGVWCFSGCLHZ
613	0.29412908300091806	8	294	174263	UPGLIDCBHZSEJE
614	0.36294871544354473	7	294	221423	FKMPZHRHBYPYIZ
615	0.2819143172779365	8	294	225888	GHMVLFIPIFJTOS
616	0.31999468752468285	9	295	138680	QTNCVVIHEYTVBY
617	0.6885746526420347	8	301	12347	AWMVMTVKBNGEAK
618	0.5714650893059413	9	301	21942	FXLOVSHXALFLKQ
619	0.744562473952772	9	301	63563	HBEDSQVIWPRPAY
620	0.5585005664781545	9	301	128777	BTFQKIATRPGRBS
621	0.6398625405500898	8	301	183970	OVWYEQOVUDKZNU
622	0.6051958960972734	9	301	223247	FUGYGGDSWSUORM
623	0.4046928439310733	8	301	249458	DTUQWGWMVIHBKE
624	0.6108743579012826	9	301	267304	JESXATFQYMPTNL
625	0.7192149438753234	7	303	215141	VFDJEJCELMPUBS
626	0.7770993076794507	7	303	276605	NAKUGCPAQTUSBE
627	0.4933184762054808	8	306	45583	OONPMWYINBHIDB
628	0.5963203808980975	8	306	68146	CHJPLPXYURJSLZ
629	0.6277985974486096	9	311	195108	PUHPUKQMXOCIJV
630	0.48903272746621745	7	312	55087	AMVINSXYOHNVTD
631	0.5114957045005647	7	312	176617	SFUVCMKSYKHYLD
632	0.3639159959586663	8	438	83729	MDIOLFKJIQWECS
633	0.43691075221960235	14	445	2963	IBMRTYCHDPMBFN
634	0.41289138076335014	15	445	14839	RUKBZMQXLNLXDE
635	0.284360988331086	13	445	52292	PBWGPVKLJDUIJH
636	0.39516234797652755	15	445	68215	MTXVDRINZSDQHC
637	0.3986250451628318	13	445	69661	ASUGCSTWKLTCSR
638	0.2846518470677159	14	445	97741	GOVNVPJYMDJYSR
639	0.22700237914345964	14	445	103209	MQLMCMRCMGKYFQ
640	0.2906998644024179	13	445	120172	KLDXJTOLSGUMSJ
641	0.3195038661721629	15	445	159386	RUOYDTZDXIKJLO
642	0.45607581190458657	12	445	170849	RKMQRPYLPSKVNS
643	0.2459646411283963	14	445	176544	HYPIEAMVGHPKTC
644	0.32379094787686263	13	445	217810	LRUBQXAKGXQBHA
645	0.23049183653852318	15	445	221224	AQYCMVICBNBXNA
646	0.47042927395268314	13	445	222875	OAVZGKBBHXFFGL
647	0.3009873089669755	14	445	226595	XXDQOOOVVVJHJN
648	0.23093035896644964	15	445	275297	QFCPIZSGDXQFDK
649	0.2954857264344858	15	445	275933	WNLRTRBMVRJNCN
650	0.24237475704357636	17	445	276707	ATPYMFXOZQEWIG
651	0.22374922919679824	14	446	125088	AFNUZVCFKQUDBJ
652	0.26596034347668035	14	446	136739	SHZGCJCMOBCMKK
653	0.24805134444330437	11	446	163348	MCHWWJLLPNDHGL
654	0.20951706772770337	11	446	256175	XHRNJZRZXZGBMY
655	0.22946211644407324	11	446	265884	MPCAJMNYNOGXPB
656	0.22881799968194402	12	446	283690	PMMURAAUARKVCB
657	0.37731197702493924	19	448	887	OUPXLQOHVPEXME
658	0.29770430655529495	19	448	4921	KXOWHZMNPYXWQV
659	0.5722682534468067	18	448	40136	QGXJTDHPWUQRFT
660	0.3264327851660996	15	448	45575	KMHXBSBEAHDUGB
661	0.2299253982156842	17	448	54286	INAXVXBDKKUCGI
662	0.48690554142847026	18	448	59074	PLYSJDAYJMFETG
663	0.40159287089926143	18	448	63978	BGMOXLYBBTWIMD
664	0.5254660808941836	18	448	68078	TVDPVFPVOHCHQM
665	0.3393523836486121	17	448	68885	VPGPQVKJUYKKNN
666	0.5144719883227755	21	448	79536	UNYNVICDCJHOPO
667	0.4332342936537212	20	448	84340	DFCKRIQJSYAFQG
668	0.5106897645920113	21	448	93874	BHALNYVILOSMDQ
669	0.38224833825688437	13	448	100324	RPQRDASANLAFCM
670	0.3081932081843519	20	448	114045	DQNKZKKRGMNVBT
671	0.5637457247675134	19	448	117907	MEZHTUKDGVTUCD
672	0.5001412795441422	19	448	120601	YOSOKWRRCVPEJS
673	0.28727343576972425	16	448	143045	PXNRZJNTMDCHFR
674	0.5882412582837883	20	448	168824	YWBPYSCGWZUZTP
675	0.45483057612571604	19	448	194750	DSLRVRBSNLHVBH
676	0.5607516718857435	17	448	233155	BKVUTCCUMZQAOB
677	0.31096846840517484	18	448	241771	ZWVZCLKOCMWAKG
678	0.5726569992143736	21	448	250026	OXJORRLAXFDANJ
679	0.2745822321397101	18	448	262940	AHLDCEZSQNGEFT
680	0.4715237827850418	20	448	281675	HVNDECDCMWQSGR
681	0.29647148656636746	21	450	43428	NGCXIFFZXAZRAF
682	0.47240092718648713	17	450	287608	XTODRVPJPOKIHB
683	0.5790820480444633	10	451	112260	SKXPOIQAAMIVEO
684	0.5594087821120336	20	451	132314	WFOFKRKDDKGRIK
685	0.34796353617532355	14	451	137336	RBWXRFBKVDBXEG
686	0.561976947598301	19	451	147177	AOMLMYXPXUTBQH
687	0.5813182443999403	20	451	156661	HFXAFXVXPMUQCQ
688	0.5746634573997613	19	451	254281	ODHCTXKNWHHXJC
689	0.3887088025176219	17	555	887	OUPXLQOHVPEXME
690	0.2936025649303336	16	555	4921	KXOWHZMNPYXWQV
691	0.5654586123078359	15	555	40136	QGXJTDHPWUQRFT
692	0.33986567234844345	12	555	45575	KMHXBSBEAHDUGB
693	0.22907319021204042	14	555	54286	INAXVXBDKKUCGI
694	0.4820914436937814	14	555	59074	PLYSJDAYJMFETG
695	0.4125643381267933	14	555	63978	BGMOXLYBBTWIMD
696	0.5267321226258004	14	555	68078	TVDPVFPVOHCHQM
697	0.3228032827106877	15	555	68885	VPGPQVKJUYKKNN
698	0.47730304251187466	18	555	79536	UNYNVICDCJHOPO
699	0.40772088060548545	18	555	84340	DFCKRIQJSYAFQG
700	0.5161689118028538	17	555	93874	BHALNYVILOSMDQ
701	0.3689069434701991	9	555	100324	RPQRDASANLAFCM
702	0.3065083018191487	18	555	114045	DQNKZKKRGMNVBT
703	0.5502802323915283	15	555	117907	MEZHTUKDGVTUCD
704	0.4879350609285362	15	555	120601	YOSOKWRRCVPEJS
705	0.2873341929103246	12	555	143045	PXNRZJNTMDCHFR
706	0.5679362617696977	17	555	168824	YWBPYSCGWZUZTP
707	0.44183778608410035	16	555	194750	DSLRVRBSNLHVBH
708	0.5613278041296086	13	555	233155	BKVUTCCUMZQAOB
709	0.3035299311268587	15	555	241771	ZWVZCLKOCMWAKG
710	0.5384554486183025	17	555	250026	OXJORRLAXFDANJ
711	0.2832890085933621	14	555	262940	AHLDCEZSQNGEFT
712	0.469409037871258	17	555	281675	HVNDECDCMWQSGR
713	0.39518080058020255	11	556	2963	IBMRTYCHDPMBFN
714	0.396512476450453	13	556	14839	RUKBZMQXLNLXDE
715	0.24890488226894708	11	556	52292	PBWGPVKLJDUIJH
716	0.37816774808958914	12	556	68215	MTXVDRINZSDQHC
717	0.3602005955433539	11	556	69661	ASUGCSTWKLTCSR
718	0.2659875039166164	12	556	97741	GOVNVPJYMDJYSR
719	0.21599545668007195	12	556	103209	MQLMCMRCMGKYFQ
720	0.27758320296044414	11	556	120172	KLDXJTOLSGUMSJ
721	0.3164757521957377	13	556	159386	RUOYDTZDXIKJLO
722	0.4149362033450888	9	556	170849	RKMQRPYLPSKVNS
723	0.24013596904046647	12	556	176544	HYPIEAMVGHPKTC
724	0.28717139557924304	11	556	217810	LRUBQXAKGXQBHA
725	0.20454905096822018	12	556	221224	AQYCMVICBNBXNA
726	0.4224204687453256	10	556	222875	OAVZGKBBHXFFGL
727	0.28205173083428714	12	556	226595	XXDQOOOVVVJHJN
728	0.20002874916777136	13	556	275297	QFCPIZSGDXQFDK
729	0.265465012493195	12	556	275933	WNLRTRBMVRJNCN
730	0.23224447819971553	15	556	276707	ATPYMFXOZQEWIG
731	0.211963011115807	14	557	125088	AFNUZVCFKQUDBJ
732	0.25693166537530715	14	557	136739	SHZGCJCMOBCMKK
733	0.23160542815306567	11	557	163348	MCHWWJLLPNDHGL
734	0.2113989357913901	11	557	265884	MPCAJMNYNOGXPB
735	0.2099481097195116	12	557	283690	PMMURAAUARKVCB
736	0.3856423044836531	7	559	19685	CTXQVLLVFBNZKL
737	0.25133479961282457	7	559	61010	RXORSUNDLFDGCD
738	0.27230888116512897	7	560	19702	BUGJJLOUCDBMAS
739	0.5305217503749089	8	698	256391	WMEAPXSFCMQXCW
740	0.223229284008833	8	706	92580	FDEAWJYWYKDVCX
741	0.2625357970584194	10	706	270551	VQHSOMBJVWLPSR
742	0.21200840376717736	14	710	125088	AFNUZVCFKQUDBJ
743	0.25753741510911976	14	710	136739	SHZGCJCMOBCMKK
744	0.23457711625987776	11	710	163348	MCHWWJLLPNDHGL
745	0.21552333890567	11	710	265884	MPCAJMNYNOGXPB
746	0.2190545493154353	12	710	283690	PMMURAAUARKVCB
747	0.2165858085827503	7	728	209371	KUFCJPJSPSUAEN
748	0.29515065533620044	7	731	199707	NDFLCTSMIHPKET
749	0.2235038884645418	10	731	209371	KUFCJPJSPSUAEN
750	0.21805707912609865	8	750	39413	QFHMNFAUXJAINK
751	0.8168380928334142	11	750	155780	ODKSFYDXXFIFQN
752	0.5594483056369314	8	750	200991	GFAXSDSHYATBAW
