CLUSTERID1	CLUSTERID2	DeltaMZ	MinRatio	Cosine	AlignScore2	AlignScore3
2	3	-15.978	0.000	0.7166	0.5779	1
2	6	18.010	0.000	0.7873	0.5514	1
2	9	2.033	0.000	0.7433	0.5134	1
3	4	-23.016	0.000	0.7179	0.5352	1
3	9	18.011	0.000	0.8453	0.5500	1
4	5	-88.931	0.000	0.7264	0.5982	1
6	9	-15.978	0.000	0.7006	0.6235	1
6	145	35.966	0.000	0.8977	0.6211	1
6	183	35.973	0.000	0.9017	0.6462	1
7	637	0.998	0.000	0.7109	0.7300	1
8	121	-0.998	0.000	0.7479	0.8331	1
8	170	-0.000	0.000	0.9477	0.8720	1
8	637	0.000	0.000	0.9168	0.8126	1
8	668	0.000	0.000	0.9467	0.8802	1
8	681	0.000	0.000	0.9293	0.8080	1
8	694	0.000	0.000	0.9472	0.8635	1
8	794	0.000	0.000	0.9476	0.8677	1
8	820	0.000	0.000	0.9621	0.9177	1
8	856	0.000	0.000	0.9458	0.8862	1
8	873	0.000	0.000	0.9390	0.8643	1
8	877	-1.995	0.000	0.9273	0.8795	1
8	954	-1.995	0.000	0.9427	0.8832	1
8	958	0.000	0.000	0.9608	0.9205	1
8	962	-1.995	0.000	0.9415	0.8754	1
8	968	0.000	0.000	0.9225	0.8705	1
10	559	0.000	0.000	0.9656	1.0000	1
13	24	-0.012	0.000	0.8432	0.7417	1
14	19	1.003	0.000	0.8023	0.6819	1
14	133	1.003	0.000	0.7942	0.6587	1
16	34	21.982	0.000	0.7446	0.5472	1
17	28	-37.955	0.000	0.9294	0.5769	1
17	37	37.954	0.000	0.9333	0.5648	1
19	133	0.000	0.000	0.9808	0.9322	1
20	28	-200.140	0.000	0.8691	0.4789	1
20	29	-238.096	0.000	0.8060	0.4107	1
20	34	37.956	0.000	0.9594	0.6442	1
20	38	-83.961	0.000	0.7969	0.4826	1
20	39	108.132	0.000	0.9458	0.6424	1
20	43	158.976	0.000	0.9419	0.5988	1
21	23	-238.096	0.000	0.8276	0.7502	1
21	26	-0.003	0.000	0.9612	0.7612	1
23	26	238.093	0.000	0.8374	0.7502	1
23	46	359.112	0.000	0.8533	0.5870	1
23	182	276.048	0.000	0.7875	0.4905	1
27	182	-128.086	0.000	0.7248	0.4636	1
28	29	-37.956	0.000	0.9184	0.5996	1
28	32	392.233	0.000	0.8655	0.4694	1
28	34	238.095	0.000	0.9014	0.5564	1
28	37	75.909	0.000	0.9162	0.6056	1
28	38	116.178	0.000	0.7260	0.4861	1
28	39	308.272	0.000	0.8540	0.5006	1
29	34	276.052	0.000	0.8055	0.4253	1
29	38	154.135	0.000	0.9447	0.5854	1
30	40	28.010	0.000	0.7541	0.5139	1
30	124	-0.000	0.000	0.9557	0.8246	1
30	127	21.521	0.000	0.7858	0.5623	1
30	136	28.010	0.000	0.7583	0.5121	1
30	143	-0.000	0.000	0.9741	0.8877	1
30	161	-0.000	0.000	0.9751	0.8879	1
32	39	-83.961	0.000	0.9478	0.6742	1
33	141	-0.000	0.000	0.9119	0.8271	1
35	191	-0.000	0.000	0.8633	0.7326	1
35	198	-0.000	0.000	0.8754	0.7859	1
35	200	-0.000	0.000	0.8672	0.7610	1
35	474	-116.063	0.000	0.7167	0.5537	1
35	493	-116.063	0.000	0.7260	0.5383	1
36	37	-238.099	0.000	0.9230	0.6681	1
36	46	83.063	0.000	0.8528	0.4898	1
36	63	121.020	0.000	0.9189	0.5452	1
36	87	43.042	0.000	0.9779	0.7761	1
36	117	-0.000	0.000	0.9745	0.7771	1
36	182	-0.000	0.000	0.9325	0.6275	1
37	87	281.141	0.000	0.9038	0.6114	1
37	117	238.099	0.000	0.9210	0.6879	1
37	182	238.098	0.000	0.8699	0.5284	1
38	39	192.093	0.000	0.8870	0.5856	1
40	124	-28.010	0.000	0.7261	0.4872	1
40	127	-6.489	0.000	0.7114	0.4339	1
40	136	-0.000	0.000	0.9850	0.9160	1
40	143	-28.010	0.000	0.7631	0.5171	1
40	161	-28.010	0.000	0.7284	0.4985	1
43	46	37.955	0.000	0.9451	0.7537	1
43	47	-117.079	0.000	0.8939	0.6750	1
43	49	158.976	0.000	0.9547	0.6988	1
43	50	-42.065	0.000	0.8024	0.5242	1
43	52	-234.158	0.000	0.8076	0.4477	1
43	158	158.976	0.000	0.9517	0.6792	1
43	165	158.976	0.000	0.9659	0.7118	1
43	185	158.976	0.000	0.9727	0.8009	1
44	45	-15.974	0.000	0.8600	0.9515	1
44	167	-0.471	0.000	0.9218	0.7485	1
44	176	-0.471	0.000	0.9184	0.7581	1
46	47	-155.034	0.000	0.8970	0.6750	1
46	49	121.020	0.000	0.9114	0.5692	1
46	52	-272.113	0.000	0.7577	0.4148	1
46	54	3.942	0.000	0.8267	0.4798	1
46	63	37.957	0.000	0.8966	0.6126	1
46	131	-121.020	0.000	0.7762	0.5114	1
46	158	121.020	0.000	0.9188	0.6393	1
46	165	121.020	0.000	0.9174	0.6143	1
46	178	121.020	0.000	0.9171	0.5695	1
46	185	121.020	0.000	0.9285	0.6575	1
47	50	75.014	0.000	0.9433	0.6619	1
47	52	-117.079	0.000	0.9446	0.6543	1
47	53	-234.158	0.000	0.9164	0.6231	1
47	54	158.976	0.000	0.8976	0.5058	1
47	57	-79.123	0.000	0.9345	0.6371	1
47	58	-75.182	0.000	0.8898	0.6286	1
47	59	-196.201	0.000	0.8857	0.6001	1
47	61	-192.261	0.000	0.8682	0.6052	1
47	62	-309.340	0.000	0.8100	0.5392	1
47	165	276.054	0.000	0.8563	0.5205	1
47	185	276.054	0.000	0.8596	0.5212	1
48	68	21.982	0.000	0.9567	0.7196	1
48	165	-15.974	0.000	0.9737	0.7352	1
48	178	-15.974	0.000	0.9733	0.7386	1
48	179	-1.003	0.000	0.7740	0.8577	1
48	185	-15.974	0.000	0.9808	0.8231	1
48	188	-0.000	0.000	0.9920	0.8766	1
48	190	-1.003	0.000	0.7796	0.8111	1
48	193	-0.000	0.000	0.9886	0.8018	1
48	196	-1.003	0.000	0.7825	0.8596	1
48	203	-1.003	0.000	0.7790	0.8123	1
48	205	-0.000	0.000	0.9843	0.7684	1
48	208	-0.000	0.000	0.9875	0.8153	1
49	158	-0.000	0.000	0.9764	0.7385	1
49	185	-0.000	0.000	0.9760	0.7400	1
49	188	15.974	0.000	0.9678	0.7400	1
49	193	15.974	0.000	0.9710	0.7322	1
49	205	15.974	0.000	0.9653	0.6958	1
49	208	15.974	0.000	0.9656	0.7224	1
50	52	-192.093	0.000	0.9175	0.5846	1
50	54	83.962	0.000	0.8832	0.4703	1
50	57	-154.137	0.000	0.9648	0.6562	1
50	58	-150.197	0.000	0.9105	0.5954	1
50	59	-271.216	0.000	0.9245	0.5661	1
50	62	-384.355	0.000	0.8450	0.5036	1
50	165	201.040	0.000	0.8051	0.5014	1
50	178	201.040	0.000	0.8093	0.4976	1
50	185	201.040	0.000	0.8068	0.5038	1
52	53	-117.079	0.000	0.9394	0.7074	1
52	54	276.055	0.000	0.8755	0.5582	1
52	56	158.975	0.000	0.8705	0.4895	1
52	57	37.956	0.000	0.9044	0.5444	1
52	58	41.897	0.000	0.9148	0.6053	1
52	59	-79.122	0.000	0.8772	0.6326	1
52	61	-75.182	0.000	0.9091	0.6262	1
52	62	-192.261	0.000	0.8386	0.6322	1
52	158	393.133	0.000	0.7816	0.3753	1
52	165	393.133	0.000	0.7905	0.4179	1
52	185	393.133	0.000	0.7945	0.4317	1
53	54	393.134	0.000	0.8348	0.4836	1
53	58	158.976	0.000	0.8958	0.5952	1
53	59	37.957	0.000	0.8306	0.5488	1
53	61	41.897	0.000	0.9187	0.6476	1
53	62	-75.182	0.000	0.8717	0.6350	1
54	56	-117.079	0.000	0.8601	0.4745	1
54	57	-238.099	0.000	0.8804	0.4793	1
54	62	-468.316	0.000	0.7608	0.4809	1
54	165	117.079	0.000	0.8450	0.4669	1
54	207	15.974	0.000	0.8377	0.5024	1
55	166	-0.000	0.000	0.8874	0.5399	1
57	58	3.941	0.000	0.9001	0.5902	1
57	59	-117.078	0.000	0.9267	0.6192	1
57	62	-230.217	0.000	0.8377	0.5073	1
57	77	37.956	0.000	0.9434	0.6543	1
57	165	355.178	0.000	0.8107	0.4321	1
57	185	355.178	0.000	0.8123	0.4337	1
58	59	-121.019	0.000	0.9431	0.6577	1
58	61	-117.079	0.000	0.9276	0.6587	1
58	62	-234.158	0.000	0.8823	0.6312	1
58	74	37.956	0.000	0.9391	0.6886	1
58	78	-79.123	0.000	0.7784	0.5088	1
59	61	3.940	0.000	0.9468	0.6899	1
59	62	-113.139	0.000	0.9151	0.6985	1
59	79	37.955	0.000	0.9419	0.6458	1
59	83	-79.124	0.000	0.7568	0.6458	1
59	165	472.256	0.000	0.7059	0.3435	1
59	185	472.256	0.000	0.7096	0.3806	1
61	62	-117.079	0.000	0.9085	0.6319	1
61	78	37.956	0.000	0.9209	0.6474	1
62	82	37.956	0.000	0.9524	0.7196	1
62	85	-79.122	0.000	0.9398	0.7625	1
63	67	121.912	0.000	0.9720	0.6768	1
63	68	121.020	0.000	0.9721	0.6977	1
63	125	121.912	0.000	0.9725	0.6768	1
64	67	1.790	0.000	0.7087	0.4875	1
64	68	0.897	0.000	0.7784	0.8413	1
64	70	-116.182	0.000	0.9196	0.6567	1
64	80	-0.105	0.000	0.9972	0.9419	1
64	84	0.007	0.000	0.9960	0.9283	1
64	88	0.000	0.000	0.9955	0.9187	1
64	125	1.789	0.000	0.7077	0.4739	1
64	190	-22.088	0.000	0.9550	0.6620	1
65	75	18.011	0.000	0.7190	0.5436	1
65	119	18.011	0.000	0.7309	0.5436	1
65	120	36.021	0.000	0.7041	0.5415	1
65	122	-0.000	0.000	0.7205	0.5436	1
65	171	0.009	0.000	0.7635	0.5988	1
65	175	-0.010	0.000	0.7667	0.5988	1
65	186	0.009	0.000	0.7222	0.5436	1
65	187	-0.010	0.000	0.7661	0.5988	1
65	195	-0.010	0.000	0.7227	0.5436	1
65	465	18.011	0.000	0.7839	0.6018	1
65	498	18.011	0.000	0.7970	0.6690	1
65	517	18.010	0.000	0.8008	0.6660	1
65	544	0.000	0.000	0.7086	0.7629	1
65	549	0.000	0.000	0.7180	0.7629	1
65	741	18.011	0.000	0.7065	0.5436	1
65	767	-0.088	0.000	0.7040	0.6959	1
65	775	-0.088	0.000	0.7928	0.7774	1
65	829	18.011	0.000	0.7138	0.5622	1
65	859	18.010	0.000	0.7795	0.6250	1
65	911	-0.000	0.000	0.7745	0.7439	1
66	163	-0.000	0.000	0.9159	0.8228	1
66	172	-0.000	0.000	0.8627	0.7660	1
66	181	-0.000	0.000	0.8710	0.7945	1
66	192	-0.000	0.000	0.8810	0.8170	1
66	204	-0.000	0.000	0.8695	0.7886	1
67	68	-0.892	0.000	0.9937	0.8700	1
67	80	-1.895	0.000	0.7162	0.5326	1
67	84	-1.783	0.000	0.7122	0.4969	1
67	88	-1.789	0.000	0.7106	0.4905	1
67	125	-0.000	0.000	0.9984	0.9466	1
68	80	-1.003	0.000	0.7860	0.8413	1
68	84	-0.890	0.000	0.7819	0.8413	1
68	88	-0.897	0.000	0.7820	0.8604	1
68	125	0.892	0.000	0.9946	0.8886	1
68	165	-37.956	0.000	0.9566	0.6175	1
68	188	-21.982	0.000	0.9527	0.6919	1
68	208	-21.982	0.000	0.9506	0.6580	1
70	72	-117.079	0.000	0.8558	0.4713	1
70	74	-234.158	0.000	0.8563	0.5771	1
70	78	-351.237	0.000	0.7768	0.4841	1
70	79	-355.178	0.000	0.8635	0.5741	1
70	83	-472.257	0.000	0.8363	0.5431	1
70	88	116.182	0.000	0.9177	0.6340	1
70	207	-21.982	0.000	0.8991	0.5301	1
72	78	-234.158	0.000	0.7832	0.5529	1
72	79	-238.099	0.000	0.8058	0.5296	1
72	83	-355.178	0.000	0.7616	0.4696	1
72	156	-21.982	0.000	0.7852	0.4719	1
72	166	-21.982	0.000	0.7991	0.4800	1
72	184	-21.982	0.000	0.8051	0.4719	1
74	77	-3.941	0.000	0.9136	0.6602	1
74	78	-117.079	0.000	0.8044	0.6192	1
74	79	-121.020	0.000	0.9579	0.7254	1
74	82	-234.158	0.000	0.9255	0.7289	1
74	83	-238.099	0.000	0.9558	0.7599	1
74	85	-351.236	0.000	0.8869	0.5891	1
75	119	-0.000	0.000	0.9375	0.8444	1
75	120	18.011	0.000	0.8408	0.6954	1
75	122	-18.011	0.000	0.9584	0.9462	1
75	171	-18.001	0.000	0.9010	0.8200	1
75	175	-18.020	0.000	0.9118	0.8492	1
75	186	-18.001	0.000	0.9532	0.8957	1
75	187	-18.020	0.000	0.9089	0.8596	1
75	195	-18.020	0.000	0.9597	0.9494	1
75	465	-0.000	0.000	0.9346	0.8444	1
75	498	-0.000	0.000	0.9301	0.8444	1
75	517	-0.000	0.000	0.9261	0.8444	1
75	741	-0.000	0.000	0.8907	0.7933	1
75	766	-0.000	0.000	0.8105	0.6574	1
75	829	-0.000	0.000	0.8608	0.7204	1
75	859	-0.000	0.000	0.9244	0.8444	1
76	81	0.002	0.000	1.0000	1.0000	1
77	78	-113.138	0.000	0.8581	0.5891	1
77	79	-117.079	0.000	0.9307	0.7146	1
77	82	-230.217	0.000	0.8474	0.5999	1
77	83	-234.158	0.000	0.8989	0.6976	1
78	82	-117.079	0.000	0.9302	0.6200	1
78	83	-121.020	0.000	0.9343	0.6290	1
78	85	-234.157	0.000	0.8701	0.6400	1
79	82	-113.138	0.000	0.9001	0.5943	1
79	83	-117.079	0.000	0.9505	0.7328	1
80	84	0.112	0.000	0.9969	0.9427	1
80	88	0.106	0.000	0.9965	0.9187	1
80	125	1.895	0.000	0.7145	0.5036	1
80	190	-21.982	0.000	0.9542	0.6597	1
82	83	-3.941	0.000	0.9372	0.7043	1
82	85	-117.078	0.000	0.7635	0.7245	1
84	88	-0.007	0.000	0.9963	0.9196	1
84	125	1.783	0.000	0.7126	0.5098	1
84	165	-37.066	0.000	0.7009	0.6643	1
84	179	-22.095	0.000	0.9631	0.7825	1
84	188	-21.092	0.000	0.7014	0.7796	1
84	190	-22.095	0.000	0.9610	0.7134	1
84	203	-22.095	0.000	0.9661	0.7954	1
87	89	43.042	0.000	0.9278	0.6828	1
87	117	-43.042	0.000	0.9757	0.7965	1
87	182	-43.042	0.000	0.9421	0.6691	1
88	125	1.789	0.000	0.7099	0.4770	1
88	165	-37.059	0.000	0.7009	0.6450	1
88	179	-22.088	0.000	0.9595	0.7640	1
88	188	-21.085	0.000	0.7003	0.7549	1
88	190	-22.088	0.000	0.9587	0.7134	1
88	203	-22.088	0.000	0.9637	0.7900	1
93	104	-39.007	0.000	0.8642	0.7451	1
94	98	-11.003	0.000	0.7084	0.6079	1
95	96	-0.018	0.000	0.8696	0.6320	1
95	97	-9.504	0.000	0.9334	0.8277	1
95	98	-10.003	0.000	0.7971	0.7697	1
96	97	-9.485	0.000	0.8188	0.6004	1
96	98	-9.984	0.000	0.7374	0.6004	1
97	98	-0.499	0.000	0.8673	0.8849	1
98	99	-1.044	0.000	0.7812	0.6626	1
98	102	-3.040	0.000	0.7165	0.6133	1
100	101	-0.004	0.000	1.0000	1.0000	1
107	109	-7.996	0.000	0.7269	0.5761	1
107	110	-23.973	0.000	0.8570	0.8419	1
107	111	-28.953	0.000	0.7754	0.4880	1
108	194	-0.132	0.000	0.7550	0.5744	1
109	114	-39.958	0.000	0.7363	0.6053	1
110	145	78.014	0.000	0.7982	0.6135	1
110	183	78.020	0.000	0.8271	0.7457	1
111	112	-10.992	0.000	0.8955	0.7811	1
112	113	-2.998	0.000	0.7331	0.6658	1
112	160	18.964	0.000	0.9257	0.8695	1
115	116	-27.995	0.000	0.7718	0.7529	1
117	182	-0.000	0.000	0.9295	0.6401	1
118	465	-36.021	0.000	0.7577	0.6391	1
118	501	-18.010	0.000	0.7630	0.8234	1
118	829	-36.021	0.000	0.7528	0.6061	1
119	120	18.011	0.000	0.8529	0.7279	1
119	122	-18.011	0.000	0.9458	0.9020	1
119	138	-44.970	0.000	0.7142	0.5211	1
119	154	-44.970	0.000	0.7241	0.5278	1
119	164	-44.970	0.000	0.7193	0.5213	1
119	171	-18.001	0.000	0.9244	0.8763	1
119	175	-18.020	0.000	0.9241	0.8587	1
119	186	-18.001	0.000	0.9780	0.9449	1
119	187	-18.020	0.000	0.8929	0.7984	1
119	195	-18.020	0.000	0.9451	0.9021	1
119	465	-0.000	0.000	0.9540	0.9129	1
119	498	0.000	0.000	0.9469	0.8915	1
119	517	-0.000	0.000	0.9430	0.8763	1
119	741	-0.000	0.000	0.9489	0.8639	1
119	766	-0.000	0.000	0.8667	0.7210	1
119	829	-0.000	0.000	0.8730	0.7204	1
119	859	-0.000	0.000	0.9797	0.9430	1
120	122	-36.021	0.000	0.8140	0.6454	1
120	171	-36.012	0.000	0.8206	0.6542	1
120	175	-36.031	0.000	0.8193	0.6583	1
120	186	-36.012	0.000	0.8171	0.6510	1
120	187	-36.031	0.000	0.8304	0.6456	1
120	195	-36.031	0.000	0.8197	0.6609	1
120	465	-18.011	0.000	0.9037	0.8118	1
120	469	-0.000	0.000	0.9332	0.8373	1
120	498	-18.011	0.000	0.9100	0.8242	1
120	501	0.000	0.000	0.9020	0.7885	1
120	517	-18.011	0.000	0.8637	0.7537	1
120	741	-18.011	0.000	0.8274	0.6698	1
120	829	-18.011	0.000	0.8342	0.6430	1
120	859	-18.011	0.000	0.8437	0.7164	1
121	170	0.998	0.000	0.7502	0.7880	1
121	173	-0.000	0.000	0.7506	0.6162	1
121	668	0.998	0.000	0.7019	0.7835	1
121	694	0.998	0.000	0.7133	0.7764	1
121	794	0.998	0.000	0.7389	0.7714	1
121	820	0.998	0.000	0.7489	0.7748	1
121	856	0.998	0.000	0.7342	0.7836	1
121	873	0.998	0.000	0.7404	0.7615	1
121	877	-0.998	0.000	0.7285	0.7658	1
121	958	0.998	0.000	0.7455	0.7696	1
121	968	0.998	0.000	0.7313	0.7220	1
122	154	-26.960	0.000	0.7040	0.4876	1
122	164	-26.960	0.000	0.7033	0.4857	1
122	171	0.009	0.000	0.9501	0.9266	1
122	175	-0.010	0.000	0.9452	0.9017	1
122	186	0.009	0.000	0.9995	1.0000	1
122	187	-0.010	0.000	0.9447	0.8899	1
122	195	-0.010	0.000	0.9966	0.9751	1
122	465	18.011	0.000	0.8975	0.7980	1
122	498	18.011	0.000	0.8919	0.7732	1
122	499	-116.063	0.000	0.7007	0.5881	1
122	517	18.011	0.000	0.8864	0.7732	1
122	520	-116.062	0.000	0.7003	0.6230	1
122	741	18.011	0.000	0.8997	0.8482	1
122	766	18.011	0.000	0.8211	0.7210	1
122	829	18.011	0.000	0.8213	0.7170	1
122	859	18.011	0.000	0.9593	0.8929	1
124	127	21.521	0.000	0.7691	0.5137	1
124	136	28.010	0.000	0.7407	0.5354	1
124	143	0.000	0.000	0.9400	0.7689	1
124	161	-0.000	0.000	0.9590	0.8490	1
127	136	6.489	0.000	0.7231	0.4693	1
127	143	-21.521	0.000	0.7898	0.5664	1
127	161	-21.521	0.000	0.7690	0.5383	1
128	132	1.003	0.000	0.8441	0.6998	1
130	132	-18.011	0.000	0.7482	0.6347	1
134	151	0.000	0.000	0.9502	0.8919	1
135	138	-15.975	0.000	0.7036	0.6656	1
135	141	-7.989	0.000	0.7227	0.6037	1
135	146	0.000	0.000	0.9738	0.9595	1
135	154	-15.975	0.000	0.7112	0.6762	1
136	143	-28.010	0.000	0.7685	0.5240	1
136	161	-28.010	0.000	0.7331	0.5008	1
137	152	-0.000	0.000	0.9727	0.9466	1
138	154	-0.000	0.000	0.9978	1.0000	1
138	164	-0.000	0.000	0.9649	0.9527	1
138	741	44.970	0.000	0.7019	0.5252	1
138	829	44.970	0.000	0.7103	0.5510	1
138	859	44.970	0.000	0.7001	0.4821	1
140	174	-0.000	0.000	0.9817	0.9377	1
143	161	-0.000	0.000	0.9660	0.8382	1
145	183	0.006	0.000	0.9808	0.9042	1
148	168	-0.000	0.000	0.8560	0.6293	1
154	164	0.000	0.000	0.9659	0.9547	1
154	186	26.969	0.000	0.7060	0.4876	1
154	195	26.950	0.000	0.7018	0.4876	1
154	741	44.970	0.000	0.7119	0.5333	1
154	829	44.970	0.000	0.7190	0.5552	1
154	859	44.970	0.000	0.7097	0.4876	1
155	167	15.503	0.000	0.8044	0.7738	1
158	165	0.000	0.000	0.9725	0.6942	1
159	167	0.000	0.000	0.9790	0.9379	1
159	176	0.000	0.000	0.9622	0.8824	1
159	189	0.000	0.000	0.9840	0.9428	1
159	197	0.000	0.000	0.9689	0.8866	1
159	206	0.000	0.000	0.9989	1.0000	1
163	172	0.000	0.000	0.9400	0.9003	1
163	181	0.000	0.000	0.9359	0.8968	1
163	192	0.000	0.000	0.9372	0.9088	1
163	204	0.000	0.000	0.9253	0.8724	1
164	186	26.969	0.000	0.7051	0.4857	1
164	195	26.950	0.000	0.7015	0.4857	1
164	741	44.970	0.000	0.7100	0.5323	1
164	829	44.970	0.000	0.7205	0.5590	1
164	859	44.970	0.000	0.7077	0.4857	1
165	185	0.000	0.000	0.9784	0.7118	1
165	188	15.974	0.000	0.9735	0.7352	1
165	193	15.974	0.000	0.9761	0.7018	1
165	205	15.974	0.000	0.9710	0.7390	1
165	208	15.974	0.000	0.9702	0.7210	1
166	184	0.000	0.000	0.8635	0.5287	1
167	176	0.000	0.000	0.9825	0.9427	1
167	189	0.000	0.000	0.9859	0.9473	1
167	197	0.000	0.000	0.9740	0.8959	1
167	206	0.000	0.000	0.9823	0.9379	1
168	198	182.079	0.000	0.7165	0.6387	1
169	202	0.000	0.000	0.8723	0.6923	1
169	209	0.000	0.000	0.8414	0.6194	1
169	211	42.047	0.000	0.7038	0.5594	1
169	213	0.000	0.000	0.8642	0.6439	1
170	637	0.000	0.000	0.9143	0.8896	1
170	668	0.000	0.000	0.9065	0.8196	1
170	681	0.000	0.000	0.9471	0.9229	1
170	694	0.000	0.000	0.9640	0.9517	1
170	794	0.000	0.000	0.9832	0.9525	1
170	820	0.000	0.000	0.9819	0.9476	1
170	856	0.000	0.000	0.9394	0.8196	1
170	873	0.000	0.000	0.9975	1.0000	1
170	877	-1.995	0.000	0.9582	0.8872	1
170	954	-1.995	0.000	0.9651	0.8872	1
170	958	0.000	0.000	0.9796	0.9443	1
170	962	-1.995	0.000	0.9813	0.9531	1
170	968	0.000	0.000	0.9750	0.9341	1
171	175	-0.019	0.000	0.9952	0.9779	1
171	186	0.000	0.000	0.9491	0.9248	1
171	187	-0.019	0.000	0.9918	0.9579	1
171	195	-0.019	0.000	0.9465	0.9071	1
171	465	18.001	0.000	0.8929	0.7671	1
171	498	18.001	0.000	0.8864	0.7450	1
171	499	-116.072	0.000	0.7029	0.5957	1
171	517	18.001	0.000	0.9233	0.8158	1
171	520	-116.072	0.000	0.7307	0.6681	1
171	741	18.001	0.000	0.8901	0.8064	1
171	766	18.001	0.000	0.8071	0.6570	1
171	829	18.001	0.000	0.7922	0.6389	1
171	859	18.001	0.000	0.9136	0.8200	1
172	181	0.000	0.000	0.9876	0.9655	1
172	192	0.000	0.000	0.9784	0.9327	1
172	204	0.000	0.000	0.9784	0.9325	1
175	186	0.019	0.000	0.9452	0.9056	1
175	187	0.000	0.000	0.9925	0.9579	1
175	195	0.000	0.000	0.9463	0.9080	1
175	465	18.020	0.000	0.8927	0.7541	1
175	498	18.020	0.000	0.8889	0.7541	1
175	499	-116.053	0.000	0.7043	0.5957	1
175	517	18.020	0.000	0.9269	0.8259	1
175	520	-116.053	0.000	0.7313	0.6681	1
175	741	18.020	0.000	0.8931	0.8064	1
175	766	18.020	0.000	0.8095	0.6570	1
175	829	18.020	0.000	0.7941	0.6389	1
175	859	18.020	0.000	0.9182	0.8290	1
176	189	0.000	0.000	0.9838	0.9427	1
176	197	0.000	0.000	0.9823	0.9382	1
176	206	0.000	0.000	0.9681	0.8836	1
177	180	0.000	0.000	0.9335	0.9139	1
178	185	0.000	0.000	0.9799	0.7399	1
178	188	15.974	0.000	0.9746	0.7658	1
178	205	15.974	0.000	0.9711	0.6969	1
178	208	15.974	0.000	0.9697	0.7026	1
179	188	1.003	0.000	0.7655	0.8089	1
179	190	0.000	0.000	0.9808	0.7928	1
179	193	1.003	0.000	0.7690	0.7735	1
179	196	0.000	0.000	0.9856	0.8536	1
179	203	0.000	0.000	0.9837	0.8276	1
179	205	1.003	0.000	0.7603	0.7617	1
179	207	-116.076	0.000	0.8976	0.5248	1
179	208	1.003	0.000	0.7621	0.7639	1
181	192	0.000	0.000	0.9911	0.9700	1
181	204	0.000	0.000	0.9772	0.9325	1
185	188	15.974	0.000	0.9827	0.8420	1
185	193	15.974	0.000	0.9798	0.7465	1
185	205	15.974	0.000	0.9735	0.7400	1
185	208	15.974	0.000	0.9775	0.8072	1
186	187	-0.019	0.000	0.9446	0.8899	1
186	195	-0.019	0.000	0.9974	0.9808	1
186	465	18.001	0.000	0.9341	0.8435	1
186	498	18.001	0.000	0.9278	0.8243	1
186	499	-116.072	0.000	0.7026	0.5881	1
186	517	18.001	0.000	0.9244	0.8243	1
186	520	-116.072	0.000	0.7002	0.6230	1
186	741	18.001	0.000	0.9275	0.8639	1
186	766	18.001	0.000	0.8572	0.7210	1
186	829	18.001	0.000	0.8559	0.7204	1
186	859	18.001	0.000	0.9595	0.8957	1
187	195	0.000	0.000	0.9466	0.8899	1
187	465	18.020	0.000	0.8597	0.6953	1
187	498	18.020	0.000	0.8587	0.6953	1
187	499	-116.053	0.000	0.7016	0.5957	1
187	517	18.020	0.000	0.8920	0.7633	1
187	520	-116.053	0.000	0.7287	0.6681	1
187	741	18.020	0.000	0.8661	0.7681	1
187	766	18.020	0.000	0.7801	0.6570	1
187	829	18.020	0.000	0.7707	0.6389	1
187	859	18.020	0.000	0.9184	0.8126	1
188	190	-1.003	0.000	0.7743	0.7936	1
188	193	0.000	0.000	0.9896	0.8377	1
188	196	-1.003	0.000	0.7801	0.8836	1
188	203	-1.003	0.000	0.7766	0.8318	1
188	205	0.000	0.000	0.9819	0.7442	1
188	208	0.000	0.000	0.9877	0.8170	1
189	197	0.000	0.000	0.9852	0.9415	1
189	206	0.000	0.000	0.9858	0.9501	1
190	193	1.003	0.000	0.7777	0.7410	1
190	196	0.000	0.000	0.9818	0.7936	1
190	203	0.000	0.000	0.9791	0.7701	1
190	205	1.003	0.000	0.7634	0.7159	1
190	208	1.003	0.000	0.7718	0.7820	1
190	220	-275.145	0.000	0.7369	0.3829	1
191	198	0.000	0.000	0.9397	0.8426	1
191	200	0.000	0.000	0.9711	0.8852	1
191	474	-116.063	0.000	0.7597	0.5670	1
191	493	-116.063	0.000	0.7400	0.5082	1
192	204	0.000	0.000	0.9718	0.9169	1
193	196	-1.003	0.000	0.7781	0.7810	1
193	203	-1.003	0.000	0.7786	0.8054	1
193	205	0.000	0.000	0.9830	0.7177	1
193	208	0.000	0.000	0.9857	0.7665	1
195	465	18.020	0.000	0.9002	0.7936	1
195	498	18.020	0.000	0.8989	0.7936	1
195	499	-116.053	0.000	0.7028	0.5881	1
195	517	18.020	0.000	0.8930	0.7936	1
195	520	-116.053	0.000	0.7005	0.6230	1
195	741	18.020	0.000	0.9024	0.8639	1
195	766	18.020	0.000	0.8225	0.7210	1
195	829	18.020	0.000	0.8248	0.7204	1
195	859	18.020	0.000	0.9600	0.9110	1
196	203	0.000	0.000	0.9828	0.8239	1
196	205	1.003	0.000	0.7715	0.7816	1
196	208	1.003	0.000	0.7744	0.8068	1
196	210	-76.033	0.000	0.9032	0.6416	1
197	206	0.000	0.000	0.9706	0.8912	1
198	200	0.000	0.000	0.9380	0.8481	1
198	474	-116.063	0.000	0.7526	0.5995	1
198	493	-116.063	0.000	0.7363	0.5441	1
200	474	-116.063	0.000	0.7705	0.6227	1
200	493	-116.063	0.000	0.7469	0.5482	1
202	209	0.000	0.000	0.8785	0.7130	1
202	213	0.000	0.000	0.8735	0.6898	1
203	208	1.003	0.000	0.7680	0.7354	1
203	210	-76.033	0.000	0.9016	0.6424	1
205	208	0.000	0.000	0.9803	0.7659	1
205	210	-77.036	0.000	0.8900	0.6665	1
207	210	40.043	0.000	0.8814	0.5235	1
208	210	-77.036	0.000	0.8847	0.6414	1
209	211	42.047	0.000	0.7311	0.6379	1
209	213	0.000	0.000	0.8768	0.6928	1
211	213	-42.047	0.000	0.7049	0.5643	1
217	232	-44.026	0.000	0.8651	0.5461	1
218	231	0.000	0.000	0.9063	0.8061	1
224	240	-0.000	0.000	0.7051	0.5722	1
228	237	0.000	0.000	0.9833	0.9122	1
229	236	0.000	0.000	0.9400	0.6676	1
239	246	0.000	0.000	0.8759	0.7759	1
239	247	18.011	0.000	0.7029	0.5085	1
241	256	-111.068	0.000	0.7732	0.4743	1
241	265	-222.136	0.000	0.7174	0.4768	1
248	331	-237.158	0.000	0.7186	0.4290	1
251	253	-55.534	0.000	0.8055	0.7023	1
251	257	-401.255	0.000	0.7034	0.5513	1
253	262	-55.534	0.000	0.7987	0.6899	1
253	264	-456.790	0.000	0.8162	0.6862	1
253	269	-111.069	0.000	0.7223	0.6238	1
256	265	-111.068	0.000	0.7136	0.4675	1
262	269	-55.534	0.000	0.8426	0.7704	1
262	271	9.005	0.000	0.7563	0.5889	1
262	281	-46.529	0.000	0.7458	0.6563	1
268	275	-55.534	0.000	0.7998	0.7052	1
269	278	-55.534	0.000	0.7470	0.7138	1
269	281	9.005	0.000	0.8096	0.7452	1
271	281	-55.534	0.000	0.7523	0.6114	1
275	284	-55.534	0.000	0.7681	0.6725	1
278	285	-55.534	0.000	0.7265	0.6549	1
278	288	8.504	0.000	0.7314	0.6359	1
278	296	-111.069	0.000	0.7311	0.6440	1
278	301	-735.464	0.000	0.7136	0.6193	1
281	288	-56.036	0.000	0.7481	0.6364	1
285	301	-679.930	0.000	0.7133	0.6070	1
286	309	-44.026	0.000	0.8719	0.6392	1
288	298	-55.033	0.000	0.7701	0.6910	1
288	301	-743.967	0.000	0.7117	0.6219	1
289	304	-55.033	0.000	0.7631	0.6640	1
289	322	-110.568	0.000	0.7524	0.6454	1
289	323	-111.068	0.000	0.7959	0.6860	1
289	342	-166.101	0.000	0.7517	0.6631	1
304	322	-55.534	0.000	0.7953	0.7057	1
304	323	-56.035	0.000	0.7124	0.5832	1
304	342	-111.068	0.000	0.7553	0.6540	1
309	796	-256.240	0.000	0.7147	0.4174	1
322	323	-0.501	0.000	0.7245	0.5824	1
322	342	-55.533	0.000	0.7455	0.6495	1
323	342	-55.033	0.000	0.7083	0.5735	1
428	441	45.058	0.000	0.7461	0.6051	1
428	470	28.031	0.000	0.7767	0.5649	1
428	475	45.058	0.000	0.7490	0.5660	1
428	477	-0.000	0.000	0.8522	0.6751	1
428	499	45.058	0.000	0.7320	0.5660	1
428	512	0.000	0.000	0.8381	0.6732	1
428	520	45.058	0.000	0.7319	0.5660	1
441	470	-17.027	0.000	0.8808	0.7324	1
441	475	0.000	0.000	0.9465	0.8083	1
441	477	-45.058	0.000	0.8500	0.7325	1
441	499	0.000	0.000	0.9401	0.8083	1
441	512	-45.058	0.000	0.8548	0.7481	1
441	513	0.000	0.000	0.8490	0.6867	1
441	520	0.000	0.000	0.9589	0.8430	1
441	589	18.011	0.000	0.7933	0.6569	1
441	621	18.011	0.000	0.8004	0.6605	1
464	497	0.000	0.000	0.9966	0.9641	1
464	519	0.000	0.000	0.9833	0.8950	1
464	617	0.000	0.000	0.9973	0.9773	1
465	469	18.011	0.000	0.8572	0.7171	1
465	498	0.000	0.000	0.9927	0.9522	1
465	501	18.011	0.000	0.8059	0.6391	1
465	517	-0.000	0.000	0.9575	0.8763	1
465	741	0.000	0.000	0.9107	0.7933	1
465	766	-0.000	0.000	0.8187	0.6574	1
465	829	-0.000	0.000	0.9022	0.7896	1
465	859	-0.000	0.000	0.9401	0.8778	1
468	739	0.000	0.000	0.9887	1.0000	1
469	498	-18.011	0.000	0.8658	0.7199	1
469	829	-18.011	0.000	0.8139	0.6429	1
470	475	17.027	0.000	0.9008	0.7990	1
470	477	-28.031	0.000	0.8236	0.6184	1
470	499	17.027	0.000	0.8876	0.7749	1
470	512	-28.031	0.000	0.8658	0.6849	1
470	513	17.027	0.000	0.8475	0.6867	1
470	520	17.027	0.000	0.8935	0.7999	1
470	589	35.037	0.000	0.7589	0.6358	1
470	621	35.037	0.000	0.7744	0.6605	1
471	494	0.000	0.000	0.8560	0.7766	1
473	502	0.000	0.000	0.7696	0.6014	1
474	493	0.000	0.000	0.8617	0.7745	1
474	633	-116.062	0.000	0.7749	0.7031	1
475	477	-45.058	0.000	0.8628	0.7298	1
475	499	0.000	0.000	0.9887	0.9294	1
475	512	-45.058	0.000	0.8654	0.7187	1
475	513	0.000	0.000	0.8931	0.7624	1
475	520	0.000	0.000	0.9794	0.9133	1
475	589	18.011	0.000	0.8538	0.7515	1
475	621	18.011	0.000	0.8677	0.7802	1
477	499	45.058	0.000	0.8528	0.7294	1
477	512	0.000	0.000	0.9340	0.8141	1
477	513	45.058	0.000	0.7869	0.6647	1
477	520	45.058	0.000	0.8558	0.7176	1
477	589	63.068	0.000	0.7509	0.6464	1
477	621	63.068	0.000	0.7558	0.6464	1
497	519	-0.000	0.000	0.9871	0.8950	1
497	617	0.000	0.000	0.9944	0.9453	1
498	501	18.011	0.000	0.8157	0.6418	1
498	517	-0.000	0.000	0.9612	0.9075	1
498	741	-0.000	0.000	0.9074	0.7933	1
498	766	-0.000	0.000	0.8177	0.6574	1
498	829	-0.000	0.000	0.9012	0.7896	1
498	859	-0.000	0.000	0.9349	0.8778	1
499	512	-45.058	0.000	0.8526	0.7187	1
499	513	0.000	0.000	0.8887	0.7698	1
499	517	134.073	0.000	0.7006	0.5657	1
499	520	0.000	0.000	0.9748	0.8932	1
499	589	18.011	0.000	0.8564	0.7515	1
499	621	18.011	0.000	0.8740	0.7980	1
500	518	0.104	0.000	0.8251	0.8515	1
501	517	-18.011	0.000	0.7960	0.6051	1
501	766	-18.011	0.000	0.7447	0.5690	1
504	529	-0.000	0.000	0.9853	0.9036	1
504	551	-0.000	0.000	0.9158	0.7556	1
508	509	-1.008	0.000	0.9509	0.7557	1
512	513	45.058	0.000	0.8110	0.7144	1
512	520	45.058	0.000	0.8567	0.7187	1
512	589	63.068	0.000	0.7203	0.6073	1
512	621	63.068	0.000	0.7352	0.6073	1
513	520	0.000	0.000	0.8895	0.7296	1
513	589	18.011	0.000	0.7992	0.6724	1
513	621	18.010	0.000	0.8301	0.7480	1
517	741	0.000	0.000	0.9028	0.7933	1
517	766	0.000	0.000	0.8320	0.7221	1
517	829	0.000	0.000	0.8591	0.7204	1
517	859	0.000	0.000	0.9324	0.8763	1
519	556	-41.974	0.000	0.8171	0.5975	1
519	617	0.000	0.000	0.9834	0.8950	1
520	589	18.011	0.000	0.8416	0.6952	1
520	621	18.010	0.000	0.8534	0.7206	1
521	536	-28.031	0.000	0.8550	0.7403	1
525	526	-18.011	0.000	0.7754	0.5567	1
526	538	-28.031	0.000	0.7948	0.5886	1
526	565	-56.063	0.000	0.7998	0.5843	1
528	537	-28.031	0.000	0.9431	0.7607	1
528	558	-56.063	0.000	0.9435	0.7737	1
529	551	-0.000	0.000	0.9189	0.7556	1
533	541	-28.031	0.000	0.7181	0.5757	1
533	587	-56.063	0.000	0.7769	0.6368	1
533	642	-70.078	0.000	0.7401	0.5817	1
533	704	-98.109	0.000	0.7039	0.5247	1
533	749	-126.141	0.000	0.7005	0.5247	1
534	535	-18.011	0.000	0.8794	0.7987	1
534	802	38.052	0.000	0.7474	0.6768	1
534	815	27.995	0.000	0.7251	0.6271	1
534	896	27.995	0.000	0.7283	0.6271	1
537	558	-28.031	0.000	0.9104	0.7156	1
538	565	-28.031	0.000	0.7707	0.5662	1
541	554	-15.019	0.000	0.7472	0.5651	1
541	587	-28.031	0.000	0.8002	0.6353	1
541	642	-42.047	0.000	0.8283	0.6698	1
541	652	-27.995	0.000	0.7138	0.5598	1
541	704	-70.078	0.000	0.8200	0.6308	1
541	749	-98.110	0.000	0.7719	0.6335	1
543	602	-24.036	0.000	0.8559	0.8100	1
543	684	-52.068	0.000	0.8448	0.7200	1
543	692	-52.068	0.000	0.7523	0.5922	1
543	700	-52.068	0.000	0.8436	0.7145	1
543	711	-52.068	0.000	0.7585	0.6479	1
543	722	-52.068	0.000	0.7404	0.6314	1
543	752	-70.078	0.000	0.7884	0.6587	1
543	761	-52.068	0.000	0.7311	0.6057	1
543	808	-52.068	0.000	0.7035	0.6273	1
543	816	-52.068	0.000	0.8417	0.7097	1
543	818	-35.041	0.000	0.7184	0.5883	1
543	825	-52.068	0.000	0.7969	0.6524	1
543	826	-35.041	0.000	0.7073	0.5622	1
543	883	-53.914	0.000	0.7062	0.6492	1
543	890	-54.083	0.000	0.7150	0.6450	1
543	907	-54.083	0.000	0.7012	0.6339	1
543	923	-80.099	0.000	0.7689	0.5948	1
543	927	-80.099	0.000	0.7460	0.6211	1
544	549	0.000	0.000	0.9923	0.9751	1
544	575	0.000	0.000	0.9071	0.8570	1
544	641	-0.000	0.000	0.9779	0.9417	1
544	658	-0.000	0.000	0.9824	0.9637	1
544	767	-0.088	0.000	0.7047	0.6939	1
544	775	-0.088	0.000	0.7664	0.7522	1
544	911	-0.000	0.000	0.7554	0.7522	1
544	948	-0.000	0.000	0.7401	0.7133	1
545	701	-38.088	0.000	0.7165	0.6150	1
545	830	-26.088	0.000	0.7697	0.7086	1
547	561	0.000	0.000	0.9481	0.8928	1
547	612	63.971	0.000	0.7695	0.5861	1
549	575	0.000	0.000	0.9056	0.8570	1
549	641	-0.000	0.000	0.9779	0.9417	1
549	658	-0.000	0.000	0.9763	0.9397	1
549	767	-0.088	0.000	0.7059	0.6939	1
549	775	-0.088	0.000	0.7700	0.7501	1
549	911	-0.000	0.000	0.7599	0.7501	1
549	948	-0.000	0.000	0.7413	0.7133	1
550	682	-16.031	0.000	0.7052	0.6665	1
554	587	-13.013	0.000	0.8219	0.6445	1
554	642	-27.028	0.000	0.8033	0.6079	1
554	704	-55.060	0.000	0.8029	0.6557	1
554	749	-83.091	0.000	0.7717	0.5893	1
560	572	0.000	0.000	0.7686	0.5755	1
560	642	-14.016	0.000	0.7255	0.5954	1
560	657	-28.031	0.000	0.7159	0.5123	1
560	704	-42.047	0.000	0.7145	0.5680	1
561	612	63.971	0.000	0.7537	0.5406	1
568	593	-45.058	0.000	0.7741	0.4598	1
568	594	-0.000	0.000	0.9301	0.5865	1
568	595	-17.027	0.000	0.7614	0.5025	1
568	609	-0.000	0.000	0.9308	0.6267	1
568	610	-45.058	0.000	0.7351	0.4757	1
568	619	-0.000	0.000	0.9416	0.6368	1
568	630	18.010	0.000	0.9052	0.5579	1
568	634	-116.063	0.000	0.8972	0.5824	1
568	638	-31.042	0.000	0.7557	0.4450	1
568	645	-45.058	0.000	0.7748	0.5254	1
568	646	0.000	0.000	0.9406	0.6368	1
568	661	-45.058	0.000	0.7798	0.5069	1
568	663	0.000	0.000	0.9419	0.6646	1
568	695	-87.069	0.000	0.7895	0.4166	1
568	735	-27.047	0.000	0.7717	0.4659	1
568	871	-116.063	0.000	0.8964	0.6013	1
568	1007	-283.288	0.000	0.8197	0.4794	1
568	1010	-255.257	0.000	0.8698	0.5313	1
568	1029	-311.319	0.000	0.8028	0.4182	1
568	1030	-283.288	0.000	0.8519	0.4722	1
571	685	-2.016	0.000	0.7340	0.6527	1
572	652	0.036	0.000	0.8441	0.6081	1
572	657	-28.031	0.000	0.7575	0.4734	1
572	704	-42.047	0.000	0.7819	0.5416	1
573	588	-0.000	0.000	0.8090	0.6756	1
573	605	26.016	0.000	0.7628	0.6336	1
573	616	-14.016	0.000	0.7511	0.6054	1
575	641	-0.000	0.000	0.9025	0.8570	1
575	658	-0.000	0.000	0.8999	0.8570	1
576	577	-12.000	0.000	0.8907	0.5953	1
576	582	-14.016	0.000	0.9226	0.6548	1
577	582	-2.016	0.000	0.9208	0.6528	1
578	579	1.003	0.000	0.8214	0.6788	1
579	580	17.027	0.000	0.8956	0.7711	1
587	642	-14.016	0.000	0.8372	0.6188	1
587	652	0.036	0.000	0.7093	0.5348	1
587	704	-42.047	0.000	0.8212	0.5752	1
587	749	-70.078	0.000	0.8137	0.6335	1
588	605	26.016	0.000	0.7458	0.6561	1
588	616	-14.016	0.000	0.7451	0.6074	1
589	621	-0.000	0.000	0.9784	0.9332	1
590	618	19.031	0.000	0.7984	0.4780	1
590	639	-0.000	0.000	0.8988	0.6430	1
593	594	45.058	0.000	0.7735	0.4598	1
593	595	28.031	0.000	0.8867	0.6844	1
593	596	14.016	0.000	0.9235	0.7032	1
593	601	-74.037	0.000	0.7436	0.4667	1
593	609	45.058	0.000	0.8015	0.5092	1
593	610	0.000	0.000	0.9276	0.7075	1
593	619	45.058	0.000	0.8073	0.5351	1
593	620	28.031	0.000	0.8669	0.6628	1
593	622	2.015	0.000	0.9571	0.8177	1
593	623	-15.995	0.000	0.7209	0.4984	1
593	628	0.000	0.000	0.9420	0.7411	1
593	630	63.068	0.000	0.8088	0.6215	1
593	632	1.012	0.000	0.7499	0.5413	1
593	634	-71.005	0.000	0.7152	0.3545	1
593	635	-386.174	0.000	0.9282	0.7348	1
593	638	14.016	0.000	0.9538	0.7806	1
593	645	0.000	0.000	0.9236	0.7120	1
593	646	45.058	0.000	0.7832	0.5128	1
593	661	0.000	0.000	0.9677	0.8104	1
593	663	45.058	0.000	0.7928	0.4928	1
593	671	45.058	0.000	0.7605	0.4043	1
593	679	-14.016	0.000	0.7087	0.4972	1
593	695	-42.011	0.000	0.8666	0.6722	1
593	735	18.011	0.000	0.8210	0.5800	1
593	871	-71.005	0.000	0.7079	0.3508	1
593	1007	-238.230	0.000	0.9027	0.7858	1
593	1010	-210.199	0.000	0.7521	0.4700	1
593	1026	-266.261	0.000	0.7008	0.5259	1
593	1029	-266.261	0.000	0.8899	0.6968	1
593	1030	-238.230	0.000	0.7091	0.4228	1
594	595	-17.027	0.000	0.7752	0.5495	1
594	596	-31.042	0.000	0.7536	0.4707	1
594	609	-0.000	0.000	0.9390	0.5821	1
594	610	-45.058	0.000	0.7411	0.5021	1
594	619	-0.000	0.000	0.9449	0.5630	1
594	620	-17.027	0.000	0.7821	0.5892	1
594	628	-45.058	0.000	0.7677	0.4514	1
594	630	18.010	0.000	0.9193	0.6079	1
594	634	-116.063	0.000	0.8960	0.5681	1
594	638	-31.042	0.000	0.7648	0.4699	1
594	645	-45.058	0.000	0.7660	0.5002	1
594	646	0.000	0.000	0.9458	0.5869	1
594	661	-45.058	0.000	0.7853	0.5317	1
594	663	0.000	0.000	0.9440	0.5869	1
594	676	-14.016	0.000	0.7296	0.5860	1
594	695	-87.069	0.000	0.7825	0.3854	1
594	735	-27.047	0.000	0.7552	0.4296	1
594	871	-116.063	0.000	0.8808	0.5497	1
594	1007	-283.288	0.000	0.8203	0.4794	1
594	1029	-311.319	0.000	0.8101	0.4182	1
595	596	-14.015	0.000	0.8817	0.7057	1
595	609	17.027	0.000	0.7937	0.5650	1
595	610	-28.031	0.000	0.8586	0.6284	1
595	619	17.027	0.000	0.8020	0.5986	1
595	620	0.000	0.000	0.9097	0.7473	1
595	622	-26.016	0.000	0.8821	0.7064	1
595	628	-28.031	0.000	0.8608	0.6056	1
595	630	35.037	0.000	0.7985	0.5885	1
595	632	-27.019	0.000	0.7353	0.4808	1
595	635	-414.205	0.000	0.8002	0.5816	1
595	638	-14.015	0.000	0.8841	0.6928	1
595	645	-28.031	0.000	0.8477	0.6637	1
595	646	17.027	0.000	0.7674	0.5441	1
595	661	-28.031	0.000	0.8874	0.7401	1
595	662	0.000	0.000	0.7128	0.4857	1
595	663	17.027	0.000	0.7787	0.5136	1
595	695	-70.042	0.000	0.7241	0.4725	1
595	1007	-266.261	0.000	0.7561	0.5752	1
595	1010	-238.230	0.000	0.7621	0.5285	1
595	1029	-294.292	0.000	0.7433	0.4974	1
596	609	31.042	0.000	0.7972	0.5938	1
596	610	-14.016	0.000	0.9300	0.7692	1
596	619	31.042	0.000	0.7836	0.5266	1
596	620	14.016	0.000	0.8841	0.7152	1
596	622	-12.000	0.000	0.9318	0.7859	1
596	623	-30.010	0.000	0.7194	0.4892	1
596	628	-14.016	0.000	0.9424	0.7256	1
596	630	49.053	0.000	0.8005	0.6252	1
596	632	-13.004	0.000	0.8060	0.6021	1
596	634	-85.021	0.000	0.7039	0.3890	1
596	635	-400.189	0.000	0.9183	0.7461	1
596	638	0.000	0.000	0.9364	0.7481	1
596	645	-14.016	0.000	0.9198	0.7616	1
596	646	31.042	0.000	0.7546	0.4852	1
596	661	-14.016	0.000	0.9413	0.7966	1
596	663	31.042	0.000	0.7674	0.4852	1
596	695	-56.026	0.000	0.7221	0.4874	1
596	1007	-252.246	0.000	0.7419	0.5588	1
596	1010	-224.215	0.000	0.7700	0.5607	1
596	1029	-280.277	0.000	0.7515	0.5297	1
599	634	-24.999	0.000	0.8360	0.5609	1
599	871	-24.999	0.000	0.8206	0.5278	1
601	628	74.037	0.000	0.7442	0.4410	1
601	630	137.105	0.000	0.7225	0.3722	1
601	645	74.037	0.000	0.7351	0.4697	1
601	661	74.037	0.000	0.7486	0.4404	1
601	695	32.026	0.000	0.7875	0.5296	1
601	1007	-164.193	0.000	0.8156	0.5307	1
601	1029	-192.224	0.000	0.8245	0.5574	1
602	651	-26.016	0.000	0.7771	0.6860	1
602	655	-26.016	0.000	0.7861	0.6722	1
602	665	-26.016	0.000	0.7801	0.6615	1
602	670	-44.026	0.000	0.7216	0.6413	1
602	684	-28.031	0.000	0.8922	0.7978	1
602	692	-28.031	0.000	0.8245	0.7173	1
602	700	-28.031	0.000	0.8994	0.8019	1
602	701	-11.005	0.000	0.7437	0.6678	1
602	711	-28.031	0.000	0.8369	0.7245	1
602	718	26.016	0.000	0.7124	0.6309	1
602	722	-28.031	0.000	0.8170	0.7163	1
602	738	-30.047	0.000	0.7473	0.6792	1
602	752	-46.042	0.000	0.7352	0.6641	1
602	761	-28.031	0.000	0.8268	0.7047	1
602	765	-26.016	0.000	0.7842	0.6889	1
602	773	-26.016	0.000	0.8192	0.7189	1
602	774	12.000	0.000	0.7254	0.6221	1
602	783	-26.016	0.000	0.7772	0.6696	1
602	793	-2.016	0.000	0.7112	0.6211	1
602	805	-2.016	0.000	0.7199	0.6395	1
602	808	-28.031	0.000	0.8262	0.7382	1
602	812	-2.016	0.000	0.7217	0.6434	1
602	816	-28.031	0.000	0.9045	0.8137	1
602	818	-11.005	0.000	0.8164	0.7490	1
602	825	-28.031	0.000	0.9030	0.8187	1
602	826	-11.005	0.000	0.7862	0.7276	1
602	831	-16.031	0.000	0.7001	0.6050	1
602	845	-54.047	0.000	0.7734	0.6270	1
602	851	-54.047	0.000	0.7653	0.6693	1
602	879	40.031	0.000	0.7081	0.6122	1
602	890	-30.047	0.000	0.7272	0.6206	1
602	907	-30.047	0.000	0.7304	0.6313	1
602	923	-56.062	0.000	0.7888	0.6469	1
602	927	-56.062	0.000	0.8471	0.7319	1
605	616	-40.031	0.000	0.7951	0.6730	1
606	685	-0.984	0.000	0.7683	0.7175	1
606	765	-2.016	0.000	0.7241	0.6962	1
606	783	-2.016	0.000	0.7253	0.6987	1
606	851	-30.047	0.000	0.7051	0.6771	1
609	610	-45.058	0.000	0.7791	0.5903	1
609	619	-0.000	0.000	0.9678	0.7131	1
609	620	-17.027	0.000	0.7983	0.5860	1
609	622	-43.043	0.000	0.7938	0.5316	1
609	628	-45.058	0.000	0.7908	0.4748	1
609	630	18.010	0.000	0.9229	0.5768	1
609	632	-44.046	0.000	0.7088	0.4199	1
609	634	-116.063	0.000	0.9058	0.6404	1
609	635	-431.232	0.000	0.7325	0.5017	1
609	638	-31.042	0.000	0.8072	0.5824	1
609	645	-45.058	0.000	0.7965	0.5770	1
609	646	0.000	0.000	0.9587	0.7025	1
609	661	-45.058	0.000	0.8171	0.6040	1
609	663	0.000	0.000	0.9597	0.7025	1
609	695	-87.069	0.000	0.7913	0.4020	1
609	735	-27.047	0.000	0.7736	0.4674	1
609	871	-116.063	0.000	0.8844	0.5713	1
609	1007	-283.288	0.000	0.8293	0.4874	1
609	1010	-255.257	0.000	0.8817	0.5620	1
609	1029	-311.319	0.000	0.8282	0.4581	1
609	1030	-283.288	0.000	0.8539	0.4733	1
610	619	45.058	0.000	0.7718	0.5749	1
610	620	28.031	0.000	0.8767	0.6892	1
610	622	2.015	0.000	0.9084	0.7048	1
610	623	-15.995	0.000	0.7066	0.4437	1
610	628	0.000	0.000	0.9307	0.6965	1
610	630	63.068	0.000	0.7683	0.6019	1
610	632	1.012	0.000	0.7596	0.5524	1
610	635	-386.174	0.000	0.9222	0.7578	1
610	638	14.016	0.000	0.9483	0.7874	1
610	645	0.000	0.000	0.9075	0.7227	1
610	646	45.058	0.000	0.7353	0.4916	1
610	661	0.000	0.000	0.9381	0.7832	1
610	663	45.058	0.000	0.7486	0.4916	1
610	679	-14.016	0.000	0.7176	0.4972	1
610	695	-42.011	0.000	0.8337	0.6411	1
610	715	-42.047	0.000	0.7173	0.5207	1
610	735	18.011	0.000	0.8308	0.6123	1
610	1007	-238.230	0.000	0.8565	0.7249	1
610	1010	-210.199	0.000	0.7259	0.5038	1
610	1029	-266.261	0.000	0.8575	0.6889	1
618	625	-368.149	0.000	0.7777	0.3429	1
618	639	-19.031	0.000	0.8353	0.4973	1
619	620	-17.027	0.000	0.7983	0.6128	1
619	622	-43.042	0.000	0.7914	0.5316	1
619	628	-45.058	0.000	0.7921	0.4907	1
619	630	18.011	0.000	0.9393	0.5989	1
619	631	-3.008	0.000	0.7060	0.6223	1
619	632	-44.046	0.000	0.7246	0.5186	1
619	634	-116.063	0.000	0.9156	0.6307	1
619	635	-431.231	0.000	0.7312	0.4995	1
619	638	-31.042	0.000	0.7995	0.5578	1
619	645	-45.058	0.000	0.7954	0.6025	1
619	646	0.000	0.000	0.9807	0.7959	1
619	661	-45.058	0.000	0.8194	0.6236	1
619	663	0.000	0.000	0.9817	0.8109	1
619	676	-14.016	0.000	0.7537	0.7287	1
619	695	-87.069	0.000	0.7940	0.4123	1
619	735	-27.047	0.000	0.7721	0.4758	1
619	871	-116.063	0.000	0.9048	0.6226	1
619	1007	-283.288	0.000	0.8345	0.4874	1
619	1029	-311.319	0.000	0.8339	0.4290	1
620	622	-26.016	0.000	0.8601	0.6175	1
620	628	-28.031	0.000	0.8633	0.6339	1
620	630	35.037	0.000	0.8196	0.6962	1
620	632	-27.019	0.000	0.7311	0.4794	1
620	635	-414.205	0.000	0.8060	0.6187	1
620	638	-14.016	0.000	0.8739	0.6808	1
620	645	-28.031	0.000	0.8577	0.6544	1
620	646	17.027	0.000	0.7673	0.5675	1
620	661	-28.031	0.000	0.8708	0.7199	1
620	662	-0.000	0.000	0.7360	0.4857	1
620	663	17.027	0.000	0.7772	0.5416	1
620	695	-70.042	0.000	0.7575	0.5174	1
620	1007	-266.261	0.000	0.7812	0.6303	1
620	1010	-238.230	0.000	0.7807	0.5323	1
620	1029	-294.292	0.000	0.7552	0.5679	1
622	623	-18.010	0.000	0.7398	0.4879	1
622	628	-2.015	0.000	0.9339	0.7166	1
622	630	61.053	0.000	0.7900	0.5966	1
622	632	-1.004	0.000	0.7916	0.5604	1
622	634	-73.020	0.000	0.7189	0.4216	1
622	635	-388.189	0.000	0.9078	0.7490	1
622	638	12.000	0.000	0.9311	0.7539	1
622	645	-2.015	0.000	0.9535	0.8349	1
622	646	43.043	0.000	0.7671	0.5044	1
622	661	-2.015	0.000	0.9503	0.8251	1
622	663	43.043	0.000	0.7795	0.5044	1
622	671	43.043	0.000	0.7443	0.3980	1
622	695	-44.026	0.000	0.7314	0.4688	1
622	735	15.995	0.000	0.7209	0.4335	1
622	871	-73.020	0.000	0.7077	0.3993	1
622	1007	-240.245	0.000	0.7490	0.5567	1
622	1010	-212.214	0.000	0.7700	0.5285	1
622	1029	-268.277	0.000	0.7182	0.4615	1
623	638	30.010	0.000	0.7002	0.4437	1
623	661	15.995	0.000	0.7077	0.4437	1
625	649	0.000	0.000	0.9086	0.5110	1
628	630	63.068	0.000	0.7940	0.5710	1
628	632	1.012	0.000	0.7551	0.5838	1
628	635	-386.174	0.000	0.9565	0.7887	1
628	638	14.016	0.000	0.9689	0.8050	1
628	645	0.000	0.000	0.9132	0.6693	1
628	646	45.058	0.000	0.7666	0.4571	1
628	661	-0.000	0.000	0.9648	0.7801	1
628	663	45.058	0.000	0.7768	0.4479	1
628	671	45.058	0.000	0.7327	0.3237	1
628	679	-14.016	0.000	0.7167	0.5387	1
628	695	-42.011	0.000	0.8700	0.6888	1
628	735	18.011	0.000	0.7954	0.5416	1
628	1007	-238.230	0.000	0.9013	0.7297	1
628	1010	-210.199	0.000	0.7499	0.4516	1
628	1026	-266.261	0.000	0.7222	0.5583	1
628	1029	-266.261	0.000	0.9107	0.7439	1
630	632	-62.057	0.000	0.7044	0.5017	1
630	634	-134.073	0.000	0.8950	0.6245	1
630	635	-449.242	0.000	0.7400	0.6143	1
630	638	-49.053	0.000	0.8012	0.6223	1
630	645	-63.068	0.000	0.7794	0.5985	1
630	646	-18.010	0.000	0.9317	0.6118	1
630	661	-63.068	0.000	0.8105	0.6269	1
630	663	-18.010	0.000	0.9302	0.5734	1
630	695	-105.079	0.000	0.7807	0.4450	1
630	735	-45.058	0.000	0.7549	0.5410	1
630	871	-134.073	0.000	0.8794	0.5710	1
630	1006	-400.317	0.000	0.7146	0.4418	1
630	1007	-301.298	0.000	0.8352	0.5856	1
630	1010	-273.267	0.000	0.8821	0.6093	1
630	1029	-329.330	0.000	0.8426	0.5362	1
631	632	-41.038	0.000	0.7346	0.4898	1
631	646	3.008	0.000	0.7132	0.6503	1
631	663	3.008	0.000	0.7079	0.6503	1
632	635	-387.185	0.000	0.7312	0.5838	1
632	636	-390.195	0.000	0.8228	0.5721	1
632	638	13.004	0.000	0.8222	0.6320	1
632	645	-1.012	0.000	0.7407	0.5262	1
632	661	-1.012	0.000	0.7711	0.5838	1
634	646	116.063	0.000	0.9219	0.6654	1
634	661	71.005	0.000	0.7303	0.4201	1
634	663	116.063	0.000	0.9149	0.6342	1
634	676	102.047	0.000	0.8032	0.5730	1
634	688	116.063	0.000	0.8858	0.5962	1
634	695	28.994	0.000	0.7444	0.4056	1
634	735	89.016	0.000	0.7369	0.4290	1
634	871	0.000	0.000	0.9516	0.7697	1
634	1007	-167.225	0.000	0.8004	0.5037	1
634	1029	-195.256	0.000	0.7771	0.4143	1
635	638	400.189	0.000	0.9604	0.8547	1
635	645	386.174	0.000	0.9023	0.7286	1
635	646	431.232	0.000	0.7043	0.4686	1
635	661	386.174	0.000	0.9543	0.8244	1
635	663	431.232	0.000	0.7129	0.4370	1
635	1007	147.944	0.000	0.7041	0.6243	1
637	668	0.000	0.000	0.9741	0.9230	1
637	681	0.000	0.000	0.9762	0.9281	1
637	694	0.000	0.000	0.9716	0.9428	1
637	794	-0.000	0.000	0.9400	0.9468	1
637	820	-0.000	0.000	0.9027	0.8896	1
637	856	0.000	0.000	0.9019	0.8698	1
637	873	-0.000	0.000	0.8998	0.8896	1
637	877	-1.995	0.000	0.8385	0.7253	1
637	954	-1.995	0.000	0.8963	0.8896	1
637	958	0.000	0.000	0.8940	0.8874	1
637	962	-1.995	0.000	0.8926	0.8896	1
637	968	0.000	0.000	0.8406	0.7253	1
638	645	-14.016	0.000	0.9260	0.7554	1
638	646	31.042	0.000	0.7778	0.5622	1
638	661	-14.016	0.000	0.9724	0.8482	1
638	662	14.015	0.000	0.7029	0.5493	1
638	663	31.042	0.000	0.7823	0.5066	1
638	695	-56.026	0.000	0.7236	0.5181	1
638	735	3.995	0.000	0.7022	0.4415	1
638	1007	-252.246	0.000	0.7472	0.5903	1
638	1010	-224.215	0.000	0.7449	0.4783	1
638	1029	-280.277	0.000	0.7543	0.5374	1
641	658	0.000	0.000	0.9754	0.9397	1
641	767	-0.088	0.000	0.7013	0.6545	1
641	775	-0.088	0.000	0.7687	0.7253	1
641	911	-0.000	0.000	0.7602	0.7141	1
641	948	-0.000	0.000	0.7812	0.7689	1
642	652	14.052	0.000	0.7197	0.5338	1
642	657	-14.016	0.000	0.7205	0.5363	1
642	704	-28.031	0.000	0.8474	0.6404	1
642	749	-56.063	0.000	0.8253	0.6498	1
642	913	32.026	0.000	0.7027	0.5020	1
643	651	0.000	0.000	0.8043	0.6341	1
643	655	0.000	0.000	0.7734	0.5809	1
643	665	0.000	0.000	0.7687	0.5772	1
643	670	-18.010	0.000	0.7501	0.6446	1
643	765	0.000	0.000	0.7708	0.5808	1
643	773	0.000	0.000	0.7691	0.5876	1
643	783	0.000	0.000	0.7635	0.5758	1
643	831	9.984	0.000	0.7559	0.6440	1
643	841	-28.031	0.000	0.7294	0.5976	1
643	845	-28.031	0.000	0.7447	0.5454	1
643	851	-28.031	0.000	0.7377	0.5823	1
643	866	-4.031	0.000	0.7099	0.7127	1
643	923	-30.047	0.000	0.7349	0.5505	1
643	927	-30.047	0.000	0.7241	0.5574	1
645	646	45.058	0.000	0.7645	0.5180	1
645	661	-0.000	0.000	0.9384	0.7940	1
645	663	45.058	0.000	0.7755	0.5180	1
645	671	45.058	0.000	0.7434	0.4206	1
645	679	-14.016	0.000	0.7108	0.4681	1
645	688	45.058	0.000	0.7226	0.4142	1
645	695	-42.011	0.000	0.8618	0.6175	1
645	735	18.011	0.000	0.8260	0.5383	1
645	1007	-238.230	0.000	0.9041	0.7726	1
645	1010	-210.199	0.000	0.7613	0.5312	1
645	1029	-266.261	0.000	0.8775	0.7128	1
645	1030	-238.230	0.000	0.7344	0.4712	1
646	661	-45.058	0.000	0.7929	0.5801	1
646	663	-0.000	0.000	0.9869	0.8541	1
646	671	-0.000	0.000	0.9445	0.6368	1
646	676	-14.016	0.000	0.7595	0.7423	1
646	695	-87.069	0.000	0.7916	0.4378	1
646	735	-27.047	0.000	0.7528	0.4296	1
646	871	-116.063	0.000	0.9123	0.6532	1
646	1007	-283.288	0.000	0.8213	0.4555	1
646	1010	-255.257	0.000	0.8678	0.4915	1
646	1029	-311.319	0.000	0.8230	0.4300	1
651	655	0.000	0.000	0.9346	0.8797	1
651	665	0.000	0.000	0.9319	0.8748	1
651	670	-18.010	0.000	0.8129	0.6845	1
651	675	0.000	0.000	0.7144	0.6032	1
651	701	15.011	0.000	0.7366	0.5827	1
651	711	-2.016	0.000	0.7041	0.6016	1
651	724	-18.010	0.000	0.7423	0.6632	1
651	764	17.027	0.000	0.7220	0.6804	1
651	765	0.000	0.000	0.9580	0.9133	1
651	772	17.027	0.000	0.7897	0.7618	1
651	773	0.000	0.000	0.9725	0.9395	1
651	774	38.016	0.000	0.7379	0.6551	1
651	783	0.000	0.000	0.9596	0.9239	1
651	791	59.037	0.000	0.7298	0.6561	1
651	808	-2.016	0.000	0.7248	0.6213	1
651	816	-2.016	0.000	0.7054	0.6108	1
651	818	15.011	0.000	0.7539	0.6100	1
651	825	-2.016	0.000	0.7250	0.6341	1
651	826	15.011	0.000	0.7549	0.6125	1
651	831	9.984	0.000	0.7756	0.7402	1
651	841	-28.031	0.000	0.7406	0.6042	1
651	845	-28.031	0.000	0.8514	0.7446	1
651	851	-28.031	0.000	0.8624	0.7857	1
651	894	31.006	0.000	0.7418	0.7387	1
651	906	31.006	0.000	0.7235	0.6743	1
651	923	-30.047	0.000	0.7699	0.6544	1
651	927	-30.047	0.000	0.7640	0.6787	1
655	665	0.000	0.000	0.9535	0.9151	1
655	670	-18.010	0.000	0.8594	0.7141	1
655	675	0.000	0.000	0.7271	0.6281	1
655	701	15.011	0.000	0.7663	0.5972	1
655	724	-18.010	0.000	0.7928	0.7586	1
655	738	-4.031	0.000	0.7253	0.6845	1
655	764	17.027	0.000	0.7681	0.7001	1
655	765	0.000	0.000	0.9677	0.9385	1
655	772	17.027	0.000	0.8372	0.7773	1
655	773	0.000	0.000	0.9351	0.8966	1
655	774	38.016	0.000	0.7650	0.6719	1
655	783	0.000	0.000	0.9628	0.9225	1
655	784	17.027	0.000	0.7409	0.7006	1
655	791	59.037	0.000	0.8282	0.7212	1
655	808	-2.016	0.000	0.7085	0.6026	1
655	816	-2.016	0.000	0.7089	0.6316	1
655	818	15.011	0.000	0.7306	0.5669	1
655	825	-2.016	0.000	0.7375	0.6762	1
655	826	15.011	0.000	0.7647	0.6110	1
655	831	9.984	0.000	0.7834	0.7140	1
655	841	-28.031	0.000	0.7407	0.5834	1
655	845	-28.031	0.000	0.8856	0.7787	1
655	851	-28.031	0.000	0.8815	0.7718	1
655	890	-4.031	0.000	0.7271	0.7384	1
655	894	31.006	0.000	0.8361	0.8092	1
655	906	31.006	0.000	0.8147	0.7363	1
655	907	-4.031	0.000	0.7261	0.7187	1
655	923	-30.047	0.000	0.7608	0.6526	1
655	927	-30.047	0.000	0.7588	0.6759	1
657	704	-14.016	0.000	0.7190	0.5467	1
658	767	-0.088	0.000	0.7336	0.7103	1
658	775	-0.088	0.000	0.8023	0.7727	1
658	911	-0.000	0.000	0.7965	0.7727	1
658	948	-0.000	0.000	0.8024	0.7879	1
661	663	45.058	0.000	0.8023	0.5582	1
661	671	45.058	0.000	0.7581	0.4150	1
661	679	-14.016	0.000	0.7286	0.5237	1
661	695	-42.011	0.000	0.8707	0.6465	1
661	715	-42.047	0.000	0.7072	0.4732	1
661	735	18.011	0.000	0.8285	0.5800	1
661	871	-71.005	0.000	0.7210	0.4158	1
661	1007	-238.230	0.000	0.9114	0.7810	1
661	1010	-210.199	0.000	0.7602	0.5285	1
661	1026	-266.261	0.000	0.7150	0.5190	1
661	1029	-266.261	0.000	0.9081	0.7213	1
661	1030	-238.230	0.000	0.7153	0.4734	1
663	671	-0.000	0.000	0.9406	0.6333	1
663	676	-14.016	0.000	0.7600	0.7423	1
663	695	-87.069	0.000	0.7884	0.4127	1
663	735	-27.047	0.000	0.7571	0.4296	1
663	871	-116.063	0.000	0.9036	0.6170	1
663	1007	-283.288	0.000	0.8231	0.4555	1
663	1010	-255.257	0.000	0.8703	0.4909	1
663	1030	-283.288	0.000	0.8505	0.4722	1
665	670	-18.010	0.000	0.8362	0.6878	1
665	675	0.000	0.000	0.7232	0.6281	1
665	701	15.011	0.000	0.7690	0.6265	1
665	724	-18.010	0.000	0.7731	0.7263	1
665	764	17.027	0.000	0.7405	0.6887	1
665	765	0.000	0.000	0.9321	0.8858	1
665	772	17.027	0.000	0.7994	0.7493	1
665	773	0.000	0.000	0.9289	0.8896	1
665	774	38.016	0.000	0.7232	0.6233	1
665	783	0.000	0.000	0.9257	0.8748	1
665	784	17.027	0.000	0.7491	0.7273	1
665	791	59.037	0.000	0.7643	0.6766	1
665	808	-2.016	0.000	0.7026	0.5977	1
665	818	15.011	0.000	0.7325	0.5981	1
665	825	-2.016	0.000	0.7151	0.6320	1
665	826	15.011	0.000	0.7595	0.6235	1
665	831	9.984	0.000	0.7794	0.7091	1
665	845	-28.031	0.000	0.8155	0.7110	1
665	851	-28.031	0.000	0.8326	0.7183	1
665	894	31.006	0.000	0.7705	0.7523	1
665	906	31.006	0.000	0.7486	0.6766	1
665	907	-4.031	0.000	0.7017	0.6997	1
665	923	-30.047	0.000	0.7696	0.6706	1
665	927	-30.047	0.000	0.7861	0.7033	1
668	681	0.000	0.000	0.9561	0.8548	1
668	694	0.000	0.000	0.9466	0.8628	1
668	794	-0.000	0.000	0.9299	0.8646	1
668	820	-0.000	0.000	0.8963	0.8106	1
668	856	0.000	0.000	0.9432	0.9425	1
668	873	-0.000	0.000	0.8928	0.8104	1
668	877	-1.995	0.000	0.8431	0.7277	1
668	954	-1.995	0.000	0.8943	0.8314	1
668	958	0.000	0.000	0.8905	0.8079	1
668	962	-1.995	0.000	0.8900	0.8126	1
668	968	0.000	0.000	0.8417	0.7277	1
670	684	15.995	0.000	0.7761	0.6540	1
670	686	0.000	0.000	0.7211	0.6574	1
670	692	15.995	0.000	0.7705	0.6873	1
670	700	15.995	0.000	0.7852	0.6582	1
670	701	33.021	0.000	0.7562	0.6738	1
670	711	15.995	0.000	0.7538	0.6640	1
670	722	15.995	0.000	0.7232	0.6092	1
670	724	0.000	0.000	0.8092	0.6813	1
670	727	-2.016	0.000	0.7387	0.7321	1
670	752	-2.016	0.000	0.7401	0.6379	1
670	761	15.995	0.000	0.7767	0.6698	1
670	765	18.010	0.000	0.8410	0.7013	1
670	772	35.037	0.000	0.7252	0.6672	1
670	773	18.010	0.000	0.8357	0.6979	1
670	783	18.010	0.000	0.8427	0.7029	1
670	791	77.048	0.000	0.7880	0.7197	1
670	792	59.037	0.000	0.7034	0.6482	1
670	816	15.995	0.000	0.7784	0.6516	1
670	818	33.021	0.000	0.7275	0.6659	1
670	825	15.995	0.000	0.7569	0.6422	1
670	826	33.021	0.000	0.7701	0.7234	1
670	841	-10.021	0.000	0.7405	0.6564	1
670	845	-10.021	0.000	0.7612	0.6054	1
670	851	-10.021	0.000	0.8252	0.7442	1
670	894	49.016	0.000	0.7817	0.7162	1
670	906	49.016	0.000	0.7642	0.7015	1
670	923	-12.036	0.000	0.7815	0.6385	1
670	927	-12.036	0.000	0.7690	0.6492	1
671	688	0.000	0.000	0.9110	0.5661	1
671	695	-87.069	0.000	0.7831	0.3776	1
671	735	-27.047	0.000	0.7477	0.3981	1
675	701	15.011	0.000	0.8070	0.7289	1
675	765	-0.000	0.000	0.7236	0.6571	1
675	773	-0.000	0.000	0.7436	0.6820	1
675	783	-0.000	0.000	0.7281	0.6571	1
675	818	15.011	0.000	0.7506	0.6406	1
675	826	15.011	0.000	0.7914	0.7367	1
675	845	-28.031	0.000	0.7285	0.6747	1
675	851	-28.031	0.000	0.7277	0.6324	1
676	679	-45.058	0.000	0.7759	0.5021	1
676	871	-102.047	0.000	0.7874	0.5970	1
679	715	-28.031	0.000	0.7959	0.6124	1
681	694	0.000	0.000	0.9600	0.8812	1
681	794	-0.000	0.000	0.9546	0.9281	1
681	820	-0.000	0.000	0.9232	0.8812	1
681	856	0.000	0.000	0.9203	0.8548	1
681	873	-0.000	0.000	0.9362	0.9229	1
681	877	-1.995	0.000	0.8656	0.7374	1
681	954	-1.995	0.000	0.9178	0.8812	1
681	958	0.000	0.000	0.9155	0.8812	1
681	962	-1.995	0.000	0.9136	0.8812	1
681	968	0.000	0.000	0.8822	0.7791	1
682	798	-42.047	0.000	0.7524	0.6788	1
682	842	-56.063	0.000	0.7676	0.6135	1
682	861	-56.063	0.000	0.7545	0.7131	1
682	894	-66.083	0.000	0.7049	0.5583	1
682	906	-66.083	0.000	0.7084	0.5627	1
684	692	-0.000	0.000	0.8094	0.7070	1
684	700	-0.000	0.000	0.9921	0.9724	1
684	701	17.026	0.000	0.7561	0.6644	1
684	711	-0.000	0.000	0.8649	0.7605	1
684	722	-0.000	0.000	0.8275	0.7404	1
684	724	-15.995	0.000	0.7044	0.6129	1
684	752	-18.011	0.000	0.7801	0.7031	1
684	761	-0.000	0.000	0.8790	0.8213	1
684	765	2.016	0.000	0.7497	0.6783	1
684	773	2.016	0.000	0.7265	0.6544	1
684	774	40.031	0.000	0.7462	0.6250	1
684	783	2.016	0.000	0.7419	0.6577	1
684	793	26.016	0.000	0.7197	0.6382	1
684	808	-0.000	0.000	0.7719	0.6287	1
684	812	26.016	0.000	0.7259	0.6393	1
684	816	-0.000	0.000	0.9873	0.9593	1
684	818	17.026	0.000	0.8065	0.7457	1
684	825	-0.000	0.000	0.9515	0.9157	1
684	826	17.026	0.000	0.8129	0.7457	1
684	831	12.000	0.000	0.7054	0.6137	1
684	845	-26.016	0.000	0.8046	0.7259	1
684	849	12.000	0.000	0.7370	0.6344	1
684	851	-26.016	0.000	0.7972	0.7119	1
684	879	68.062	0.000	0.7279	0.5808	1
684	897	-3.196	0.000	0.7031	0.6407	1
684	923	-28.031	0.000	0.8898	0.7900	1
684	927	-28.031	0.000	0.8374	0.7485	1
684	936	-16.031	0.000	0.7054	0.6451	1
684	955	-30.047	0.000	0.7683	0.6742	1
685	764	15.995	0.000	0.8024	0.7148	1
685	772	15.995	0.000	0.7975	0.7148	1
685	784	15.995	0.000	0.7837	0.7264	1
685	791	58.005	0.000	0.8408	0.6988	1
685	894	29.974	0.000	0.8417	0.7717	1
685	906	29.974	0.000	0.8325	0.7717	1
686	692	15.995	0.000	0.7209	0.6409	1
686	752	-2.016	0.000	0.7060	0.6082	1
686	841	-10.021	0.000	0.7654	0.6840	1
686	851	-10.021	0.000	0.7136	0.6442	1
686	923	-12.036	0.000	0.7453	0.6232	1
686	927	-12.036	0.000	0.7077	0.6027	1
688	871	-116.063	0.000	0.8686	0.5513	1
688	1030	-283.288	0.000	0.8342	0.4700	1
691	768	-29.034	0.000	0.8369	0.7020	1
691	806	-42.047	0.000	0.8796	0.7323	1
691	813	-42.047	0.000	0.8474	0.6851	1
691	848	-57.066	0.000	0.7351	0.4801	1
691	854	-57.065	0.000	0.7928	0.5960	1
691	913	-70.078	0.000	0.8709	0.6334	1
691	915	-71.081	0.000	0.8100	0.5815	1
691	928	-70.078	0.000	0.8653	0.6791	1
692	700	0.000	0.000	0.8151	0.7083	1
692	711	0.000	0.000	0.8337	0.7522	1
692	722	0.000	0.000	0.7645	0.6925	1
692	729	-2.016	0.000	0.7051	0.6103	1
692	738	-2.016	0.000	0.7234	0.6436	1
692	761	-0.000	0.000	0.8095	0.7287	1
692	765	2.016	0.000	0.7604	0.6815	1
692	773	2.016	0.000	0.7246	0.6425	1
692	783	2.016	0.000	0.7582	0.6818	1
692	816	-0.000	0.000	0.8090	0.6974	1
692	818	17.026	0.000	0.7072	0.6090	1
692	825	-0.000	0.000	0.8236	0.7225	1
692	826	17.026	0.000	0.7518	0.6492	1
692	845	-26.015	0.000	0.7294	0.6355	1
692	851	-26.016	0.000	0.8141	0.7563	1
692	890	-2.016	0.000	0.7249	0.6609	1
692	907	-2.016	0.000	0.7186	0.6643	1
692	923	-28.031	0.000	0.8302	0.7156	1
692	927	-28.031	0.000	0.7752	0.6657	1
692	955	-30.047	0.000	0.7274	0.6088	1
694	794	-0.000	0.000	0.9673	0.9517	1
694	820	-0.000	0.000	0.9562	0.9476	1
694	856	0.000	0.000	0.9081	0.8146	1
694	873	-0.000	0.000	0.9541	0.9489	1
694	877	-1.995	0.000	0.9065	0.8200	1
694	954	-1.995	0.000	0.9505	0.9517	1
694	958	0.000	0.000	0.9500	0.9443	1
694	962	-1.995	0.000	0.9507	0.9517	1
694	968	0.000	0.000	0.9081	0.8200	1
695	735	60.021	0.000	0.7741	0.5100	1
695	871	-28.994	0.000	0.7470	0.4120	1
695	1007	-196.219	0.000	0.9135	0.6681	1
695	1010	-168.188	0.000	0.7793	0.4566	1
695	1029	-224.251	0.000	0.8827	0.5905	1
698	727	-2.016	0.000	0.7324	0.6181	1
700	701	17.027	0.000	0.7638	0.6742	1
700	711	0.000	0.000	0.8698	0.7606	1
700	722	0.000	0.000	0.8255	0.7321	1
700	724	-15.995	0.000	0.7096	0.6129	1
700	752	-18.011	0.000	0.7840	0.7027	1
700	761	-0.000	0.000	0.8905	0.8355	1
700	765	2.016	0.000	0.7539	0.6771	1
700	773	2.016	0.000	0.7463	0.6798	1
700	774	40.031	0.000	0.7547	0.6328	1
700	783	2.016	0.000	0.7445	0.6531	1
700	793	26.016	0.000	0.7123	0.6238	1
700	808	0.000	0.000	0.7720	0.6248	1
700	812	26.016	0.000	0.7230	0.6321	1
700	816	-0.000	0.000	0.9870	0.9593	1
700	818	17.026	0.000	0.8125	0.7536	1
700	825	-0.000	0.000	0.9527	0.9157	1
700	826	17.026	0.000	0.8151	0.7382	1
700	831	12.000	0.000	0.7076	0.6141	1
700	845	-26.015	0.000	0.8075	0.7259	1
700	849	12.000	0.000	0.7387	0.6313	1
700	851	-26.016	0.000	0.8015	0.7106	1
700	879	68.063	0.000	0.7277	0.5786	1
700	897	-3.196	0.000	0.7015	0.6407	1
700	923	-28.031	0.000	0.8914	0.7900	1
700	927	-28.031	0.000	0.8452	0.7485	1
700	936	-16.031	0.000	0.7105	0.6451	1
700	955	-30.047	0.000	0.7720	0.6742	1
701	711	-17.027	0.000	0.7171	0.6173	1
701	764	2.016	0.000	0.8077	0.7778	1
701	765	-15.011	0.000	0.7353	0.5618	1
701	772	2.016	0.000	0.7659	0.7302	1
701	773	-15.011	0.000	0.7630	0.6068	1
701	783	-15.011	0.000	0.7320	0.5641	1
701	784	2.016	0.000	0.8019	0.8055	1
701	791	44.026	0.000	0.7099	0.6576	1
701	792	26.016	0.000	0.7332	0.6269	1
701	816	-17.027	0.000	0.7548	0.6600	1
701	817	18.011	0.000	0.7618	0.8000	1
701	818	-0.000	0.000	0.9286	0.8839	1
701	825	-17.027	0.000	0.7392	0.6593	1
701	826	-0.000	0.000	0.9255	0.8652	1
701	827	18.011	0.000	0.7925	0.8075	1
701	830	12.000	0.000	0.7795	0.7289	1
701	841	-43.042	0.000	0.7219	0.5774	1
701	845	-43.042	0.000	0.7822	0.5927	1
701	851	-43.042	0.000	0.7080	0.5775	1
701	870	52.031	0.000	0.7199	0.5719	1
701	894	15.995	0.000	0.7153	0.6375	1
701	913	-7.042	0.000	0.7124	0.5918	1
701	923	-45.058	0.000	0.7111	0.5806	1
701	928	-7.042	0.000	0.7362	0.5691	1
704	749	-28.031	0.000	0.7906	0.5752	1
711	722	0.000	0.000	0.7501	0.6578	1
711	738	-2.016	0.000	0.7032	0.6508	1
711	752	-18.011	0.000	0.7464	0.6540	1
711	761	-0.000	0.000	0.8745	0.8007	1
711	765	2.016	0.000	0.7694	0.6675	1
711	773	2.016	0.000	0.7403	0.6360	1
711	783	2.016	0.000	0.7708	0.6719	1
711	792	43.042	0.000	0.7039	0.6031	1
711	793	26.016	0.000	0.7158	0.6115	1
711	805	26.016	0.000	0.7175	0.6115	1
711	808	0.000	0.000	0.8112	0.7030	1
711	812	26.016	0.000	0.7117	0.6115	1
711	816	-0.000	0.000	0.8732	0.7643	1
711	818	17.026	0.000	0.7561	0.6723	1
711	825	-0.000	0.000	0.8645	0.7576	1
711	826	17.026	0.000	0.7582	0.6723	1
711	831	12.000	0.000	0.7165	0.6309	1
711	845	-26.015	0.000	0.7276	0.6212	1
711	851	-26.016	0.000	0.8264	0.7619	1
711	923	-28.031	0.000	0.8736	0.7538	1
711	927	-28.031	0.000	0.8469	0.7437	1
711	955	-30.047	0.000	0.7512	0.6495	1
712	776	-15.995	0.000	0.7217	0.5881	1
712	803	-15.995	0.000	0.7353	0.5487	1
714	745	-2.016	0.000	0.7090	0.5693	1
714	927	-12.036	0.000	0.7021	0.6769	1
718	729	-56.063	0.000	0.8230	0.7423	1
718	738	-56.063	0.000	0.8290	0.7028	1
718	751	-14.016	0.000	0.7819	0.6963	1
718	774	-14.016	0.000	0.8963	0.8456	1
718	793	-28.031	0.000	0.8609	0.7800	1
718	797	-29.034	0.000	0.7760	0.6642	1
718	805	-28.031	0.000	0.8496	0.7589	1
718	812	-28.031	0.000	0.8630	0.8000	1
718	815	28.031	0.000	0.9344	0.8623	1
718	830	-25.020	0.000	0.7219	0.6129	1
718	831	-42.047	0.000	0.8933	0.8044	1
718	849	-42.047	0.000	0.7771	0.6599	1
718	866	-56.063	0.000	0.8142	0.7510	1
718	875	-57.234	0.000	0.8615	0.7167	1
718	879	14.016	0.000	0.8907	0.8572	1
718	883	-55.894	0.000	0.8353	0.6977	1
718	884	42.047	0.000	0.8843	0.7533	1
718	885	-14.016	0.000	0.8843	0.8218	1
718	890	-56.063	0.000	0.8873	0.7594	1
718	891	-0.000	0.000	0.9894	0.9756	1
718	893	-57.065	0.000	0.8152	0.6566	1
718	896	28.031	0.000	0.9383	0.8638	1
718	897	-57.243	0.000	0.7883	0.6433	1
718	901	-57.236	0.000	0.8178	0.6839	1
718	907	-56.063	0.000	0.8704	0.7454	1
718	909	-25.020	0.000	0.7088	0.6472	1
718	935	-70.078	0.000	0.8704	0.7238	1
718	936	-70.078	0.000	0.7897	0.6559	1
718	940	-112.125	0.000	0.7139	0.5569	1
718	955	-84.094	0.000	0.8005	0.6474	1
718	956	-67.067	0.000	0.7047	0.6072	1
718	989	-112.125	0.000	0.8126	0.6554	1
720	807	-28.031	0.000	0.8293	0.7021	1
722	738	-2.016	0.000	0.7237	0.6511	1
722	761	-0.000	0.000	0.7435	0.6583	1
722	816	-0.000	0.000	0.8193	0.7230	1
722	825	-0.000	0.000	0.7852	0.6803	1
722	845	-26.015	0.000	0.7120	0.5827	1
722	849	12.000	0.000	0.7184	0.6300	1
722	851	-26.016	0.000	0.7837	0.7314	1
722	883	-1.847	0.000	0.7407	0.6462	1
722	890	-2.016	0.000	0.7211	0.6365	1
722	907	-2.016	0.000	0.7486	0.6667	1
722	923	-28.031	0.000	0.8171	0.6938	1
722	927	-28.031	0.000	0.7597	0.6463	1
722	935	-16.031	0.000	0.7005	0.6004	1
722	936	-16.031	0.000	0.7025	0.6214	1
724	765	18.010	0.000	0.7673	0.7102	1
724	773	18.010	0.000	0.7842	0.7508	1
724	783	18.010	0.000	0.7580	0.6938	1
724	792	59.037	0.000	0.7012	0.5950	1
724	816	15.995	0.000	0.7048	0.6129	1
724	845	-10.021	0.000	0.7730	0.7417	1
724	851	-10.021	0.000	0.7229	0.6198	1
724	885	56.026	0.000	0.7081	0.5710	1
726	731	0.000	0.000	0.7659	0.7252	1
727	752	-0.000	0.000	0.7089	0.6030	1
727	923	-10.021	0.000	0.7308	0.5354	1
727	927	-10.021	0.000	0.7320	0.5496	1
727	955	-12.036	0.000	0.7180	0.5589	1
727	989	-40.068	0.000	0.7115	0.5620	1
729	738	0.000	0.000	0.8382	0.7193	1
729	751	42.047	0.000	0.7465	0.6499	1
729	752	-15.995	0.000	0.7204	0.6074	1
729	774	42.047	0.000	0.7960	0.7312	1
729	792	45.058	0.000	0.7074	0.5925	1
729	793	28.031	0.000	0.8763	0.7740	1
729	805	28.031	0.000	0.8926	0.7904	1
729	812	28.031	0.000	0.8929	0.8403	1
729	815	84.094	0.000	0.7242	0.6412	1
729	830	31.042	0.000	0.7293	0.6368	1
729	831	14.016	0.000	0.8644	0.7411	1
729	849	14.016	0.000	0.8178	0.7398	1
729	866	-0.000	0.000	0.8089	0.7492	1
729	875	-1.171	0.000	0.8029	0.6609	1
729	879	70.078	0.000	0.7788	0.6909	1
729	883	0.169	0.000	0.8565	0.7007	1
729	884	98.110	0.000	0.7541	0.6343	1
729	885	42.047	0.000	0.8538	0.7556	1
729	890	-0.000	0.000	0.9017	0.7662	1
729	891	56.062	0.000	0.8258	0.7423	1
729	893	-1.002	0.000	0.7781	0.6519	1
729	896	84.094	0.000	0.7713	0.6902	1
729	897	-1.180	0.000	0.7383	0.6103	1
729	901	-1.173	0.000	0.8394	0.7095	1
729	907	-0.000	0.000	0.9074	0.7715	1
729	935	-14.016	0.000	0.8392	0.6659	1
729	936	-14.016	0.000	0.8437	0.7020	1
729	940	-56.062	0.000	0.8052	0.6499	1
729	955	-28.031	0.000	0.7597	0.6180	1
729	956	-11.005	0.000	0.7564	0.6512	1
729	989	-56.063	0.000	0.7808	0.6275	1
730	780	0.000	0.000	0.8158	0.7150	1
730	804	-0.000	0.000	0.7063	0.5825	1
730	967	0.000	0.000	0.7212	0.6119	1
731	798	-28.031	0.000	0.7042	0.6470	1
731	809	-28.031	0.000	0.7229	0.6395	1
731	822	-28.031	0.000	0.7102	0.5587	1
735	871	-89.016	0.000	0.7415	0.4290	1
735	1007	-256.241	0.000	0.8096	0.5746	1
735	1010	-228.210	0.000	0.7282	0.4237	1
735	1029	-284.272	0.000	0.7783	0.5105	1
735	1030	-256.241	0.000	0.7200	0.4212	1
738	751	42.047	0.000	0.7559	0.6229	1
738	752	-15.995	0.000	0.7069	0.6074	1
738	774	42.047	0.000	0.8631	0.7585	1
738	792	45.058	0.000	0.7916	0.6605	1
738	793	28.031	0.000	0.8716	0.7865	1
738	805	28.031	0.000	0.8840	0.7904	1
738	812	28.031	0.000	0.8688	0.7617	1
738	815	84.094	0.000	0.7569	0.6205	1
738	825	2.016	0.000	0.7035	0.6373	1
738	830	31.042	0.000	0.7881	0.7203	1
738	831	14.016	0.000	0.8428	0.7422	1
738	849	14.016	0.000	0.8075	0.7345	1
738	851	-24.000	0.000	0.7174	0.6923	1
738	866	-0.000	0.000	0.7437	0.6263	1
738	875	-1.172	0.000	0.8232	0.7146	1
738	879	70.078	0.000	0.7718	0.6435	1
738	883	0.169	0.000	0.8973	0.7971	1
738	884	98.109	0.000	0.7623	0.5984	1
738	885	42.047	0.000	0.8889	0.7926	1
738	890	-0.000	0.000	0.8868	0.7810	1
738	891	56.062	0.000	0.8252	0.7028	1
738	893	-1.002	0.000	0.7710	0.6838	1
738	896	84.094	0.000	0.7611	0.6205	1
738	897	-1.180	0.000	0.7672	0.6677	1
738	901	-1.173	0.000	0.8268	0.7225	1
738	907	-0.000	0.000	0.9011	0.8112	1
738	935	-14.016	0.000	0.9233	0.7918	1
738	936	-14.016	0.000	0.8758	0.7756	1
738	940	-56.063	0.000	0.7310	0.5914	1
738	955	-28.031	0.000	0.7913	0.6900	1
738	956	-11.005	0.000	0.7791	0.6368	1
738	989	-56.063	0.000	0.8435	0.7053	1
741	766	-0.000	0.000	0.9244	0.8647	1
741	829	-0.000	0.000	0.8669	0.7772	1
741	859	-0.000	0.000	0.9346	0.8639	1
745	752	-0.000	0.000	0.7002	0.6538	1
745	927	-10.021	0.000	0.7280	0.6299	1
745	935	1.979	0.000	0.7339	0.6143	1
745	936	1.979	0.000	0.7386	0.6458	1
745	955	-12.036	0.000	0.7082	0.5738	1
751	774	0.000	0.000	0.8113	0.7166	1
751	793	-14.016	0.000	0.7842	0.6630	1
751	797	-15.019	0.000	0.7197	0.6038	1
751	805	-14.016	0.000	0.8353	0.7169	1
751	812	-14.016	0.000	0.7824	0.6928	1
751	815	42.047	0.000	0.8539	0.7607	1
751	830	-11.005	0.000	0.7148	0.5979	1
751	831	-28.031	0.000	0.8259	0.6963	1
751	849	-28.031	0.000	0.8380	0.7138	1
751	866	-42.047	0.000	0.7617	0.6919	1
751	875	-43.218	0.000	0.7830	0.6106	1
751	879	28.031	0.000	0.8498	0.7970	1
751	883	-41.878	0.000	0.8133	0.6610	1
751	884	56.063	0.000	0.7924	0.6406	1
751	885	0.000	0.000	0.8474	0.7422	1
751	890	-42.047	0.000	0.8160	0.6680	1
751	891	14.015	0.000	0.8190	0.7302	1
751	893	-43.049	0.000	0.8273	0.6623	1
751	896	42.047	0.000	0.8820	0.7943	1
751	897	-43.227	0.000	0.7954	0.6229	1
751	901	-43.220	0.000	0.8215	0.6780	1
751	907	-42.047	0.000	0.7814	0.6306	1
751	935	-56.063	0.000	0.7984	0.6258	1
751	936	-56.063	0.000	0.8084	0.6660	1
751	940	-98.109	0.000	0.7512	0.5949	1
751	955	-70.078	0.000	0.7475	0.5825	1
751	989	-98.109	0.000	0.7356	0.5718	1
752	761	18.010	0.000	0.7677	0.7017	1
752	816	18.010	0.000	0.7924	0.7127	1
752	825	18.010	0.000	0.7745	0.6896	1
752	890	15.995	0.000	0.7283	0.6367	1
752	907	15.995	0.000	0.7127	0.6074	1
752	923	-10.021	0.000	0.7425	0.6301	1
752	927	-10.021	0.000	0.7840	0.7160	1
752	935	1.979	0.000	0.7704	0.7002	1
752	936	1.979	0.000	0.7835	0.7370	1
752	955	-12.036	0.000	0.7838	0.7053	1
752	989	-40.068	0.000	0.7079	0.6084	1
753	1023	-168.188	0.000	0.8028	0.6065	1
757	833	-74.019	0.000	0.7031	0.4389	1
757	838	0.000	0.000	0.8237	0.5755	1
757	931	0.000	0.000	0.8395	0.6104	1
761	808	0.000	0.000	0.7443	0.6110	1
761	816	-0.000	0.000	0.8874	0.8299	1
761	818	17.026	0.000	0.7246	0.6376	1
761	825	0.000	0.000	0.8422	0.7732	1
761	826	17.027	0.000	0.7213	0.6091	1
761	851	-26.016	0.000	0.7755	0.6889	1
761	879	68.063	0.000	0.7022	0.5499	1
761	897	-3.196	0.000	0.7192	0.6541	1
761	923	-28.031	0.000	0.8232	0.7266	1
761	927	-28.031	0.000	0.8010	0.7162	1
761	955	-30.047	0.000	0.7076	0.6118	1
764	765	-17.027	0.000	0.7662	0.6978	1
764	772	0.000	0.000	0.9517	0.9294	1
764	783	-17.027	0.000	0.7643	0.6993	1
764	784	0.000	0.000	0.8695	0.7606	1
764	791	42.010	0.000	0.8053	0.6747	1
764	792	24.000	0.000	0.7838	0.6855	1
764	809	38.016	0.000	0.7039	0.6089	1
764	817	15.995	0.000	0.7243	0.6731	1
764	818	-2.016	0.000	0.8129	0.7856	1
764	822	38.016	0.000	0.7099	0.6182	1
764	826	-2.016	0.000	0.7535	0.7381	1
764	830	9.984	0.000	0.7672	0.6731	1
764	870	50.016	0.000	0.7023	0.5547	1
764	894	13.979	0.000	0.7896	0.6747	1
764	906	13.979	0.000	0.7707	0.6747	1
765	772	17.027	0.000	0.8378	0.7786	1
765	773	0.000	0.000	0.9417	0.9122	1
765	774	38.016	0.000	0.7713	0.6743	1
765	783	0.000	0.000	0.9904	0.9676	1
765	784	17.027	0.000	0.7375	0.6992	1
765	791	59.037	0.000	0.8002	0.6901	1
765	808	-2.016	0.000	0.7166	0.5903	1
765	816	-2.016	0.000	0.7668	0.6955	1
765	818	15.011	0.000	0.7272	0.5701	1
765	825	-2.016	0.000	0.7955	0.7254	1
765	826	15.011	0.000	0.7682	0.6300	1
765	831	9.984	0.000	0.7911	0.7306	1
765	841	-28.031	0.000	0.7510	0.6001	1
765	845	-28.031	0.000	0.8828	0.7977	1
765	851	-28.031	0.000	0.8719	0.7628	1
765	894	31.006	0.000	0.8202	0.7960	1
765	906	31.006	0.000	0.7976	0.7172	1
765	923	-30.047	0.000	0.7705	0.6699	1
765	927	-30.047	0.000	0.7618	0.6787	1
766	829	0.000	0.000	0.8350	0.7391	1
766	859	-0.000	0.000	0.8573	0.7210	1
767	775	-0.000	0.000	0.8645	0.8602	1
767	911	0.088	0.000	0.8626	0.8602	1
767	948	0.088	0.000	0.8424	0.8654	1
768	806	-13.012	0.000	0.8373	0.7309	1
768	813	-13.013	0.000	0.8338	0.7171	1
768	848	-28.031	0.000	0.8629	0.6710	1
768	854	-28.031	0.000	0.9479	0.8416	1
768	857	-29.034	0.000	0.7915	0.6597	1
768	913	-41.044	0.000	0.8694	0.7343	1
768	915	-42.047	0.000	0.9505	0.8190	1
768	928	-41.044	0.000	0.8657	0.7572	1
768	950	-56.062	0.000	0.7458	0.5257	1
768	987	-83.091	0.000	0.7173	0.6025	1
770	842	-14.016	0.000	0.7505	0.7210	1
770	865	-28.031	0.000	0.7148	0.5022	1
770	894	-24.036	0.000	0.7028	0.6553	1
772	773	-17.027	0.000	0.7569	0.7120	1
772	783	-17.027	0.000	0.8378	0.7844	1
772	784	0.000	0.000	0.8871	0.7891	1
772	791	42.010	0.000	0.8471	0.7261	1
772	792	24.000	0.000	0.8296	0.7392	1
772	809	38.016	0.000	0.7387	0.6492	1
772	817	15.995	0.000	0.7147	0.6466	1
772	818	-2.016	0.000	0.7722	0.7351	1
772	826	-2.016	0.000	0.7198	0.6980	1
772	830	9.984	0.000	0.7777	0.6948	1
772	894	13.979	0.000	0.8352	0.7261	1
772	906	13.979	0.000	0.8171	0.7261	1
773	774	38.016	0.000	0.7464	0.6510	1
773	783	0.000	0.000	0.9415	0.9122	1
773	791	59.037	0.000	0.7432	0.6522	1
773	816	-2.016	0.000	0.7574	0.6936	1
773	818	15.011	0.000	0.7792	0.6422	1
773	825	-2.016	0.000	0.7836	0.7219	1
773	826	15.011	0.000	0.7859	0.6612	1
773	831	9.984	0.000	0.7730	0.7173	1
773	841	-28.031	0.000	0.7221	0.5761	1
773	845	-28.031	0.000	0.8801	0.8042	1
773	851	-28.031	0.000	0.8879	0.8028	1
773	890	-4.031	0.000	0.7109	0.7205	1
773	894	31.006	0.000	0.7635	0.7615	1
773	906	31.006	0.000	0.7460	0.6874	1
773	923	-30.047	0.000	0.8111	0.7315	1
773	927	-30.047	0.000	0.8033	0.7428	1
774	783	-38.016	0.000	0.7738	0.6793	1
774	792	3.011	0.000	0.7505	0.6925	1
774	793	-14.016	0.000	0.8067	0.7004	1
774	805	-14.016	0.000	0.8259	0.7153	1
774	808	-40.031	0.000	0.7289	0.6638	1
774	812	-14.016	0.000	0.8091	0.7363	1
774	815	42.047	0.000	0.8288	0.7568	1
774	816	-40.031	0.000	0.7611	0.6317	1
774	825	-40.031	0.000	0.7571	0.6291	1
774	830	-11.005	0.000	0.7900	0.6926	1
774	831	-28.031	0.000	0.8645	0.7565	1
774	849	-28.031	0.000	0.8527	0.7522	1
774	866	-42.047	0.000	0.7581	0.6985	1
774	875	-43.218	0.000	0.7605	0.5989	1
774	879	28.031	0.000	0.8450	0.8021	1
774	883	-41.878	0.000	0.8023	0.6498	1
774	884	56.063	0.000	0.7608	0.6317	1
774	885	0.000	0.000	0.8284	0.7293	1
774	890	-42.047	0.000	0.8396	0.7067	1
774	891	14.015	0.000	0.8895	0.8391	1
774	893	-43.049	0.000	0.8251	0.6662	1
774	896	42.047	0.000	0.8347	0.7568	1
774	897	-43.227	0.000	0.7815	0.6202	1
774	901	-43.220	0.000	0.7800	0.6291	1
774	907	-42.047	0.000	0.8230	0.6968	1
774	935	-56.063	0.000	0.8249	0.6613	1
774	936	-56.063	0.000	0.8604	0.7298	1
774	955	-70.078	0.000	0.7778	0.6277	1
774	956	-53.052	0.000	0.7284	0.6540	1
774	989	-98.109	0.000	0.7789	0.6309	1
775	911	0.088	0.000	0.9568	0.9279	1
775	948	0.088	0.000	0.8816	0.8350	1
776	803	0.000	0.000	0.7855	0.5702	1
778	801	-0.000	0.000	0.9976	1.0000	1
779	799	0.000	0.000	0.9820	0.9573	1
780	804	-0.000	0.000	0.8037	0.7150	1
780	823	-0.000	0.000	0.7155	0.6412	1
781	785	44.026	0.000	0.7333	0.6406	1
783	784	17.027	0.000	0.7348	0.6965	1
783	791	59.037	0.000	0.7928	0.6824	1
783	808	-2.016	0.000	0.7178	0.5936	1
783	816	-2.016	0.000	0.7617	0.6789	1
783	818	15.011	0.000	0.7148	0.5486	1
783	825	-2.016	0.000	0.7919	0.7227	1
783	826	15.011	0.000	0.7538	0.6109	1
783	831	9.984	0.000	0.7786	0.7138	1
783	841	-28.031	0.000	0.7481	0.6031	1
783	845	-28.031	0.000	0.8658	0.7701	1
783	851	-28.031	0.000	0.8677	0.7605	1
783	894	31.006	0.000	0.8151	0.7808	1
783	906	31.006	0.000	0.7979	0.7184	1
783	923	-30.047	0.000	0.7710	0.6699	1
783	927	-30.047	0.000	0.7628	0.6787	1
784	791	42.010	0.000	0.7562	0.5661	1
784	792	24.000	0.000	0.7882	0.6410	1
784	818	-2.016	0.000	0.7977	0.7824	1
784	826	-2.016	0.000	0.7438	0.7159	1
784	830	9.984	0.000	0.7303	0.6843	1
784	894	13.979	0.000	0.7377	0.5661	1
784	906	13.979	0.000	0.7201	0.5661	1
785	787	44.026	0.000	0.7731	0.6733	1
785	788	88.053	0.000	0.7446	0.6575	1
786	787	-88.053	0.000	0.7049	0.5467	1
786	788	-44.026	0.000	0.7479	0.5907	1
787	788	44.026	0.000	0.7815	0.6324	1
791	792	-18.010	0.000	0.7633	0.7745	1
791	817	-26.016	0.000	0.7967	0.6765	1
791	827	-26.016	0.000	0.8506	0.7497	1
791	845	-87.068	0.000	0.7346	0.6586	1
791	894	-28.031	0.000	0.9756	0.9153	1
791	906	-28.031	0.000	0.9661	0.9212	1
792	793	-17.027	0.000	0.7452	0.6318	1
792	805	-17.027	0.000	0.7217	0.6076	1
792	812	-17.027	0.000	0.7448	0.6488	1
792	830	-14.016	0.000	0.8066	0.6857	1
792	831	-31.042	0.000	0.7133	0.5954	1
792	879	25.020	0.000	0.7595	0.7391	1
792	883	-44.889	0.000	0.7528	0.6045	1
792	886	-29.035	0.000	0.7992	0.7309	1
792	890	-45.058	0.000	0.7542	0.6110	1
792	894	-10.021	0.000	0.8403	0.7885	1
792	896	39.036	0.000	0.7024	0.6132	1
792	906	-10.021	0.000	0.8263	0.7901	1
792	907	-45.058	0.000	0.7557	0.6017	1
792	923	-71.073	0.000	0.7638	0.6002	1
792	927	-71.073	0.000	0.7620	0.6466	1
792	935	-59.073	0.000	0.8035	0.6354	1
792	936	-59.073	0.000	0.7492	0.6142	1
792	955	-73.089	0.000	0.7551	0.5881	1
792	956	-56.063	0.000	0.9232	0.8497	1
793	797	-1.003	0.000	0.7588	0.6716	1
793	805	0.000	0.000	0.9479	0.9157	1
793	812	0.000	0.000	0.9581	0.8727	1
793	815	56.063	0.000	0.8117	0.6675	1
793	816	-26.016	0.000	0.7313	0.6196	1
793	825	-26.016	0.000	0.7358	0.6146	1
793	830	3.011	0.000	0.7467	0.6561	1
793	831	-14.016	0.000	0.9325	0.8861	1
793	849	-14.016	0.000	0.7701	0.6610	1
793	875	-29.203	0.000	0.7781	0.6493	1
793	879	42.047	0.000	0.8698	0.7580	1
793	883	-27.862	0.000	0.9138	0.8331	1
793	884	70.078	0.000	0.8215	0.6434	1
793	885	14.016	0.000	0.8132	0.7745	1
793	890	-28.031	0.000	0.8346	0.7890	1
793	891	28.031	0.000	0.8716	0.8033	1
793	893	-29.034	0.000	0.7721	0.6431	1
793	896	56.063	0.000	0.8176	0.6675	1
793	897	-29.211	0.000	0.7476	0.6091	1
793	901	-29.204	0.000	0.8550	0.7319	1
793	907	-28.031	0.000	0.9206	0.8574	1
793	923	-54.047	0.000	0.7510	0.6676	1
793	927	-54.047	0.000	0.7366	0.6363	1
793	935	-42.047	0.000	0.9281	0.8527	1
793	936	-42.047	0.000	0.8697	0.7722	1
793	940	-84.094	0.000	0.7419	0.6459	1
793	955	-56.062	0.000	0.8965	0.8067	1
793	956	-39.036	0.000	0.7243	0.5803	1
793	989	-84.094	0.000	0.8267	0.7247	1
794	820	0.000	0.000	0.9809	0.9476	1
794	856	0.000	0.000	0.9541	0.8646	1
794	873	0.000	0.000	0.9809	0.9489	1
794	877	-1.995	0.000	0.9549	0.8811	1
794	954	-1.995	0.000	0.9826	0.9525	1
794	958	0.000	0.000	0.9785	0.9443	1
794	962	-1.995	0.000	0.9808	0.9525	1
794	968	0.000	0.000	0.9567	0.8811	1
795	821	0.000	0.000	0.8388	0.6422	1
795	843	0.000	0.000	0.8546	0.6795	1
795	853	0.000	0.000	0.8300	0.5960	1
795	874	0.000	0.000	0.8718	0.7015	1
795	910	0.000	0.000	0.8357	0.6432	1
795	930	0.000	0.000	0.8133	0.5701	1
795	937	0.000	0.000	0.7781	0.5391	1
795	949	0.000	0.000	0.8482	0.6865	1
797	805	1.003	0.000	0.7675	0.6746	1
797	812	1.003	0.000	0.7697	0.6716	1
797	831	-13.013	0.000	0.7819	0.7118	1
797	875	-28.200	0.000	0.7828	0.6811	1
797	878	-29.034	0.000	0.7221	0.6184	1
797	883	-26.859	0.000	0.7099	0.5998	1
797	885	15.019	0.000	0.7238	0.6092	1
797	886	-11.005	0.000	0.7106	0.6030	1
797	890	-27.029	0.000	0.7146	0.6051	1
797	891	29.034	0.000	0.7747	0.6642	1
797	893	-28.031	0.000	0.7382	0.6271	1
797	897	-28.209	0.000	0.8454	0.7187	1
797	900	-29.210	0.000	0.7441	0.6148	1
797	901	-28.201	0.000	0.7499	0.6752	1
797	907	-27.029	0.000	0.7348	0.6352	1
797	935	-41.044	0.000	0.7015	0.5959	1
797	955	-55.060	0.000	0.7206	0.6054	1
798	809	0.000	0.000	0.8291	0.7598	1
798	842	-14.016	0.000	0.8483	0.8045	1
798	865	-28.031	0.000	0.7124	0.6100	1
798	894	-24.036	0.000	0.7520	0.6990	1
798	906	-24.036	0.000	0.7495	0.7093	1
798	909	-28.031	0.000	0.8755	0.7497	1
802	809	-35.077	0.000	0.7053	0.5928	1
802	822	-35.077	0.000	0.7024	0.5855	1
805	812	-0.000	0.000	0.9204	0.8362	1
805	815	56.063	0.000	0.8583	0.7180	1
805	816	-26.016	0.000	0.7353	0.6196	1
805	825	-26.016	0.000	0.7380	0.6146	1
805	830	3.011	0.000	0.7494	0.6737	1
805	831	-14.016	0.000	0.9267	0.8638	1
805	849	-14.016	0.000	0.8049	0.7023	1
805	866	-28.031	0.000	0.7550	0.6489	1
805	875	-29.203	0.000	0.8210	0.6814	1
805	879	42.047	0.000	0.8945	0.8059	1
805	883	-27.862	0.000	0.9565	0.8649	1
805	884	70.078	0.000	0.8700	0.7038	1
805	885	14.016	0.000	0.8111	0.7546	1
805	890	-28.031	0.000	0.8352	0.7782	1
805	891	28.031	0.000	0.8657	0.7846	1
805	893	-29.034	0.000	0.8272	0.7135	1
805	896	56.063	0.000	0.8635	0.7180	1
805	897	-29.212	0.000	0.7904	0.6542	1
805	901	-29.204	0.000	0.8972	0.7824	1
805	907	-28.031	0.000	0.9206	0.8326	1
805	923	-54.047	0.000	0.7128	0.6234	1
805	935	-42.047	0.000	0.9261	0.8284	1
805	936	-42.047	0.000	0.8848	0.7796	1
805	940	-84.094	0.000	0.7903	0.6894	1
805	955	-56.062	0.000	0.8959	0.7888	1
805	956	-39.036	0.000	0.7348	0.6033	1
805	989	-84.094	0.000	0.8369	0.7230	1
806	813	-0.000	0.000	0.9329	0.8357	1
806	848	-15.019	0.000	0.7213	0.4536	1
806	854	-15.018	0.000	0.8174	0.6320	1
806	867	-26.016	0.000	0.8265	0.6899	1
806	913	-28.031	0.000	0.8851	0.6883	1
806	915	-29.035	0.000	0.8295	0.6320	1
806	928	-28.031	0.000	0.9273	0.8116	1
806	987	-70.078	0.000	0.7668	0.6655	1
808	816	-0.000	0.000	0.7745	0.6268	1
808	825	-0.000	0.000	0.7678	0.6207	1
808	831	12.000	0.000	0.7077	0.6516	1
808	849	12.000	0.000	0.7525	0.6966	1
808	851	-26.016	0.000	0.7388	0.6286	1
808	907	-2.016	0.000	0.7084	0.6135	1
808	923	-28.031	0.000	0.7746	0.6179	1
808	927	-28.031	0.000	0.7513	0.6113	1
808	955	-30.047	0.000	0.7012	0.5614	1
809	815	25.020	0.000	0.7004	0.6756	1
809	842	-14.016	0.000	0.8111	0.7647	1
809	879	11.005	0.000	0.7015	0.6437	1
809	894	-24.036	0.000	0.7528	0.6345	1
809	896	25.020	0.000	0.7407	0.7277	1
809	906	-24.036	0.000	0.7422	0.6337	1
809	909	-28.031	0.000	0.7410	0.5546	1
812	815	56.063	0.000	0.7840	0.6671	1
812	816	-26.016	0.000	0.7349	0.6234	1
812	825	-26.016	0.000	0.7464	0.6326	1
812	830	3.011	0.000	0.7450	0.6647	1
812	831	-14.016	0.000	0.9114	0.8152	1
812	849	-14.016	0.000	0.7781	0.6610	1
812	866	-28.031	0.000	0.7118	0.6338	1
812	875	-29.203	0.000	0.7876	0.6264	1
812	879	42.047	0.000	0.8680	0.7993	1
812	883	-27.862	0.000	0.8762	0.7256	1
812	884	70.078	0.000	0.8152	0.6731	1
812	885	14.016	0.000	0.7732	0.7192	1
812	890	-28.031	0.000	0.8257	0.7166	1
812	891	28.031	0.000	0.8672	0.8061	1
812	893	-29.034	0.000	0.7712	0.6224	1
812	896	56.063	0.000	0.7893	0.6671	1
812	897	-29.211	0.000	0.7436	0.5751	1
812	901	-29.204	0.000	0.8637	0.7319	1
812	907	-28.031	0.000	0.8853	0.7498	1
812	923	-54.047	0.000	0.7338	0.6176	1
812	927	-54.047	0.000	0.7455	0.6374	1
812	935	-42.047	0.000	0.8919	0.7498	1
812	936	-42.047	0.000	0.8495	0.7213	1
812	940	-84.094	0.000	0.7246	0.5633	1
812	955	-56.062	0.000	0.8806	0.7490	1
812	956	-39.036	0.000	0.7301	0.6203	1
812	989	-84.094	0.000	0.8083	0.6593	1
813	848	-15.019	0.000	0.7256	0.4808	1
813	854	-15.018	0.000	0.8138	0.6320	1
813	867	-26.016	0.000	0.8304	0.7274	1
813	913	-28.031	0.000	0.8430	0.5999	1
813	915	-29.035	0.000	0.8212	0.6216	1
813	928	-28.031	0.000	0.8929	0.7265	1
813	987	-70.078	0.000	0.7773	0.6655	1
815	831	-70.078	0.000	0.7751	0.6314	1
815	849	-70.078	0.000	0.7997	0.6633	1
815	866	-84.094	0.000	0.7000	0.6343	1
815	875	-85.265	0.000	0.7878	0.6070	1
815	879	-14.016	0.000	0.7689	0.6726	1
815	883	-83.925	0.000	0.8139	0.6527	1
815	884	14.016	0.000	0.8534	0.7769	1
815	885	-42.047	0.000	0.8463	0.7426	1
815	890	-84.094	0.000	0.8039	0.6404	1
815	891	-28.031	0.000	0.9368	0.8646	1
815	893	-85.096	0.000	0.8041	0.6220	1
815	896	0.000	0.000	0.9650	0.9454	1
815	897	-85.274	0.000	0.7843	0.6088	1
815	901	-85.267	0.000	0.7348	0.5709	1
815	907	-84.094	0.000	0.7563	0.6102	1
815	935	-98.109	0.000	0.7709	0.6022	1
815	936	-98.109	0.000	0.7356	0.5933	1
815	940	-140.156	0.000	0.7124	0.5445	1
815	955	-112.125	0.000	0.7323	0.5581	1
816	818	17.027	0.000	0.8052	0.7352	1
816	825	0.000	0.000	0.9607	0.9259	1
816	826	17.027	0.000	0.8141	0.7497	1
816	831	12.000	0.000	0.7093	0.6119	1
816	845	-26.015	0.000	0.7564	0.6854	1
816	849	12.000	0.000	0.7298	0.6182	1
816	851	-26.015	0.000	0.8353	0.7641	1
816	879	68.063	0.000	0.7245	0.5667	1
816	897	-3.196	0.000	0.7080	0.6613	1
816	923	-28.031	0.000	0.8975	0.8106	1
816	927	-28.031	0.000	0.8509	0.7485	1
816	936	-16.031	0.000	0.7184	0.6662	1
816	955	-30.047	0.000	0.7642	0.6742	1
817	818	-18.011	0.000	0.7677	0.7975	1
817	826	-18.011	0.000	0.7598	0.7895	1
817	827	0.000	0.000	0.8933	0.8488	1
817	894	-2.016	0.000	0.8248	0.8151	1
817	906	-2.016	0.000	0.8172	0.7609	1
818	825	-17.026	0.000	0.7914	0.7348	1
818	826	0.000	0.000	0.9597	0.9284	1
818	827	18.011	0.000	0.8234	0.8441	1
818	830	12.000	0.000	0.7709	0.7047	1
818	845	-43.042	0.000	0.7446	0.5522	1
818	851	-43.042	0.000	0.7322	0.6140	1
818	870	52.031	0.000	0.8103	0.6303	1
818	894	15.995	0.000	0.7039	0.6267	1
818	913	-7.042	0.000	0.7003	0.6023	1
818	923	-45.058	0.000	0.7170	0.6036	1
820	856	0.000	0.000	0.9360	0.8106	1
820	873	0.000	0.000	0.9805	0.9476	1
820	877	-1.995	0.000	0.9824	0.9460	1
820	954	-1.995	0.000	0.9835	0.9476	1
820	958	0.000	0.000	0.9996	1.0000	1
820	962	-1.995	0.000	0.9813	0.9476	1
820	963	-40.930	0.000	0.7091	0.5868	1
820	968	0.000	0.000	0.9820	0.9460	1
821	843	0.000	0.000	0.8503	0.6843	1
821	853	0.000	0.000	0.8356	0.6398	1
821	874	0.000	0.000	0.8559	0.6843	1
821	910	0.000	0.000	0.8394	0.6809	1
821	930	0.000	0.000	0.8397	0.6443	1
821	937	0.000	0.000	0.7833	0.5827	1
821	949	-0.000	0.000	0.8371	0.6895	1
822	830	-28.031	0.000	0.7117	0.6015	1
822	852	-14.016	0.000	0.8251	0.6155	1
822	861	-14.016	0.000	0.8049	0.6219	1
822	862	12.000	0.000	0.7797	0.5408	1
822	870	12.000	0.000	0.7577	0.6324	1
825	826	17.027	0.000	0.8291	0.7878	1
825	831	12.000	0.000	0.7520	0.6575	1
825	845	-26.015	0.000	0.7759	0.7238	1
825	849	12.000	0.000	0.7143	0.6004	1
825	851	-26.016	0.000	0.8676	0.8012	1
825	879	68.063	0.000	0.7208	0.5591	1
825	897	-3.196	0.000	0.7023	0.6377	1
825	923	-28.031	0.000	0.9239	0.8510	1
825	927	-28.031	0.000	0.8684	0.7853	1
825	955	-30.047	0.000	0.7276	0.6325	1
826	827	18.011	0.000	0.7869	0.8075	1
826	830	12.000	0.000	0.8238	0.7738	1
826	845	-43.042	0.000	0.7884	0.6162	1
826	851	-43.042	0.000	0.7790	0.6664	1
826	870	52.031	0.000	0.7233	0.5903	1
826	894	15.995	0.000	0.7059	0.6448	1
826	913	-7.042	0.000	0.7002	0.6101	1
826	923	-45.058	0.000	0.7656	0.6629	1
826	927	-45.058	0.000	0.7234	0.6349	1
827	894	-2.016	0.000	0.8871	0.9030	1
827	906	-2.016	0.000	0.8730	0.8343	1
829	859	-0.000	0.000	0.8597	0.7204	1
830	831	-17.027	0.000	0.7207	0.6228	1
830	879	39.036	0.000	0.7303	0.6056	1
830	883	-30.873	0.000	0.7545	0.6730	1
830	885	11.005	0.000	0.7810	0.6974	1
830	886	-15.019	0.000	0.7618	0.6129	1
830	890	-31.042	0.000	0.7357	0.6521	1
830	891	25.020	0.000	0.7248	0.6129	1
830	894	3.995	0.000	0.8315	0.7685	1
830	906	3.995	0.000	0.8299	0.7685	1
830	907	-31.042	0.000	0.7793	0.6883	1
830	927	-57.058	0.000	0.7003	0.5792	1
830	935	-45.058	0.000	0.7967	0.6813	1
830	936	-45.058	0.000	0.8271	0.7611	1
830	955	-59.073	0.000	0.8169	0.7062	1
830	956	-42.047	0.000	0.9090	0.7424	1
831	842	31.042	0.000	0.7031	0.5921	1
831	849	0.000	0.000	0.7974	0.7040	1
831	866	-14.016	0.000	0.7442	0.6443	1
831	875	-15.187	0.000	0.8091	0.6749	1
831	879	56.063	0.000	0.8724	0.7710	1
831	883	-13.847	0.000	0.8613	0.7810	1
831	884	84.094	0.000	0.7879	0.6077	1
831	885	28.031	0.000	0.9670	0.9070	1
831	890	-14.016	0.000	0.8984	0.8235	1
831	891	42.047	0.000	0.9026	0.8223	1
831	893	-15.018	0.000	0.7935	0.6841	1
831	896	70.078	0.000	0.7832	0.6314	1
831	897	-15.196	0.000	0.7506	0.6146	1
831	901	-15.189	0.000	0.8777	0.7691	1
831	907	-14.016	0.000	0.8731	0.7846	1
831	927	-40.031	0.000	0.7353	0.6485	1
831	935	-28.031	0.000	0.9208	0.8192	1
831	936	-28.031	0.000	0.8681	0.7727	1
831	940	-70.078	0.000	0.8067	0.7245	1
831	955	-42.047	0.000	0.8884	0.7682	1
831	956	-25.020	0.000	0.7456	0.5963	1
831	989	-70.078	0.000	0.8354	0.7219	1
833	838	74.019	0.000	0.7634	0.5575	1
833	931	74.019	0.000	0.7975	0.5799	1
838	931	0.000	0.000	0.8561	0.5879	1
841	845	0.000	0.000	0.7118	0.5328	1
842	865	-14.016	0.000	0.7087	0.5621	1
842	894	-10.021	0.000	0.7081	0.6650	1
842	909	-14.016	0.000	0.7746	0.6535	1
843	853	0.000	0.000	0.8449	0.6398	1
843	874	0.000	0.000	0.8630	0.7001	1
843	910	0.000	0.000	0.8208	0.6432	1
843	930	0.000	0.000	0.8228	0.6087	1
843	937	0.000	0.000	0.7997	0.5827	1
843	949	-0.000	0.000	0.8233	0.6512	1
845	851	-0.000	0.000	0.7981	0.6599	1
845	894	59.037	0.000	0.7685	0.7396	1
845	906	59.037	0.000	0.7709	0.7328	1
845	923	-2.016	0.000	0.7894	0.7459	1
845	927	-2.016	0.000	0.7033	0.6298	1
845	935	9.984	0.000	0.7456	0.7469	1
845	936	9.984	0.000	0.7241	0.6725	1
848	854	0.000	0.000	0.8824	0.7130	1
848	857	-1.003	0.000	0.7700	0.6309	1
848	913	-13.013	0.000	0.7412	0.5211	1
848	915	-14.016	0.000	0.8636	0.7049	1
848	928	-13.012	0.000	0.7544	0.5214	1
848	950	-28.031	0.000	0.8123	0.6661	1
849	866	-14.016	0.000	0.7048	0.6122	1
849	875	-15.187	0.000	0.7952	0.6828	1
849	879	56.062	0.000	0.8066	0.6920	1
849	883	-13.847	0.000	0.7838	0.6799	1
849	884	84.094	0.000	0.7238	0.5510	1
849	885	28.031	0.000	0.8011	0.7040	1
849	890	-14.016	0.000	0.7951	0.6865	1
849	891	42.047	0.000	0.7809	0.6599	1
849	893	-15.018	0.000	0.8826	0.7962	1
849	896	70.078	0.000	0.8046	0.6633	1
849	897	-15.196	0.000	0.7445	0.6342	1
849	901	-15.189	0.000	0.8077	0.7187	1
849	907	-14.016	0.000	0.8021	0.7099	1
849	935	-28.031	0.000	0.7670	0.6590	1
849	936	-28.031	0.000	0.7313	0.6437	1
849	955	-42.047	0.000	0.7357	0.6217	1
851	894	59.037	0.000	0.7046	0.6880	1
851	907	24.000	0.000	0.7010	0.6477	1
851	923	-2.016	0.000	0.7498	0.6255	1
851	927	-2.016	0.000	0.7518	0.6647	1
851	935	9.984	0.000	0.7361	0.6405	1
851	936	9.984	0.000	0.8063	0.7506	1
851	955	-4.031	0.000	0.7459	0.6886	1
852	861	0.000	0.000	0.8917	0.7731	1
852	862	26.016	0.000	0.8039	0.5213	1
852	870	26.016	0.000	0.7734	0.6388	1
852	886	-29.035	0.000	0.7094	0.8291	1
852	909	-14.016	0.000	0.7084	0.5856	1
852	956	-56.063	0.000	0.7041	0.8291	1
853	874	0.000	0.000	0.8767	0.7040	1
853	910	0.000	0.000	0.8111	0.5960	1
853	930	-0.000	0.000	0.8255	0.6430	1
853	937	-0.000	0.000	0.7912	0.6137	1
853	949	-0.000	0.000	0.8265	0.6719	1
854	857	-1.003	0.000	0.8053	0.6897	1
854	913	-13.013	0.000	0.8003	0.6252	1
854	915	-14.016	0.000	0.9575	0.8419	1
854	928	-13.013	0.000	0.8150	0.6661	1
854	950	-28.031	0.000	0.7765	0.5966	1
856	873	-0.000	0.000	0.9354	0.8104	1
856	877	-1.995	0.000	0.9194	0.7644	1
856	954	-1.995	0.000	0.9442	0.8314	1
856	958	0.000	0.000	0.9356	0.8079	1
856	962	-1.995	0.000	0.9369	0.8126	1
856	968	0.000	0.000	0.9177	0.7629	1
857	915	-13.013	0.000	0.7135	0.5834	1
857	950	-27.028	0.000	0.7235	0.5607	1
861	862	26.016	0.000	0.8028	0.5112	1
861	909	-14.016	0.000	0.7566	0.6748	1
865	909	-0.000	0.000	0.7047	0.6481	1
866	875	-1.171	0.000	0.7280	0.5736	1
866	879	70.078	0.000	0.7022	0.6235	1
866	883	0.169	0.000	0.7444	0.5985	1
866	885	42.047	0.000	0.7579	0.6703	1
866	890	-0.000	0.000	0.7873	0.6524	1
866	891	56.062	0.000	0.8174	0.7548	1
866	893	-1.002	0.000	0.7206	0.5879	1
866	896	84.094	0.000	0.7121	0.6343	1
866	901	-1.173	0.000	0.7387	0.6102	1
866	907	-0.000	0.000	0.7974	0.6638	1
866	935	-14.016	0.000	0.7868	0.6272	1
866	936	-14.016	0.000	0.8041	0.6783	1
866	940	-56.062	0.000	0.7238	0.5852	1
866	989	-56.062	0.000	0.7466	0.5722	1
867	913	-2.016	0.000	0.8292	0.6245	1
867	928	-2.016	0.000	0.7751	0.6178	1
870	894	-36.036	0.000	0.7195	0.5747	1
870	906	-36.036	0.000	0.7163	0.5768	1
871	1007	-167.225	0.000	0.7830	0.4548	1
873	877	-1.995	0.000	0.9636	0.8979	1
873	954	-1.995	0.000	0.9850	0.9489	1
873	958	0.000	0.000	0.9796	0.9443	1
873	962	-1.995	0.000	0.9829	0.9489	1
873	963	-40.930	0.000	0.7023	0.5580	1
873	968	0.000	0.000	0.9817	0.9479	1
874	910	0.000	0.000	0.8479	0.6799	1
874	930	-0.000	0.000	0.8286	0.6087	1
874	937	-0.000	0.000	0.8181	0.6227	1
874	949	-0.000	0.000	0.8666	0.7297	1
875	878	-0.834	0.000	0.7664	0.6966	1
875	879	71.250	0.000	0.7753	0.6128	1
875	883	1.340	0.000	0.8797	0.8032	1
875	884	99.281	0.000	0.7822	0.5672	1
875	885	43.218	0.000	0.7918	0.6560	1
875	890	1.171	0.000	0.8461	0.7650	1
875	891	57.234	0.000	0.8611	0.7167	1
875	893	0.169	0.000	0.8584	0.7835	1
875	896	85.265	0.000	0.8071	0.6262	1
875	897	-0.009	0.000	0.7999	0.7552	1
875	900	-1.010	0.000	0.7388	0.6604	1
875	901	-0.002	0.000	0.8349	0.7462	1
875	907	1.171	0.000	0.8557	0.7809	1
875	935	-12.844	0.000	0.8039	0.7050	1
875	936	-12.844	0.000	0.7575	0.6528	1
875	940	-54.891	0.000	0.7006	0.5939	1
875	955	-26.860	0.000	0.7302	0.6226	1
875	989	-54.891	0.000	0.7264	0.6168	1
877	954	0.000	0.000	0.9699	0.8979	1
877	958	1.995	0.000	0.9857	0.9538	1
877	962	0.000	0.000	0.9669	0.8979	1
877	968	1.995	0.000	0.9854	0.9533	1
878	880	-1.003	0.000	0.7575	0.6500	1
878	893	1.003	0.000	0.7007	0.6071	1
878	897	0.825	0.000	0.8339	0.7445	1
878	900	-0.176	0.000	0.8393	0.7973	1
878	901	0.833	0.000	0.7438	0.6443	1
879	883	-69.909	0.000	0.8560	0.7087	1
879	884	28.031	0.000	0.7654	0.6278	1
879	885	-28.031	0.000	0.8638	0.7903	1
879	890	-70.078	0.000	0.8722	0.7407	1
879	891	-14.016	0.000	0.8989	0.8651	1
879	893	-71.080	0.000	0.8255	0.6755	1
879	896	14.016	0.000	0.7695	0.6726	1
879	897	-71.258	0.000	0.7406	0.5740	1
879	901	-71.251	0.000	0.7920	0.6506	1
879	907	-70.078	0.000	0.8130	0.6764	1
879	923	-96.094	0.000	0.7187	0.5659	1
879	927	-96.094	0.000	0.7558	0.6144	1
879	935	-84.094	0.000	0.8174	0.6675	1
879	936	-84.094	0.000	0.7804	0.6392	1
879	940	-126.141	0.000	0.7392	0.5874	1
879	955	-98.109	0.000	0.7934	0.6272	1
879	956	-81.083	0.000	0.7598	0.6716	1
879	989	-126.141	0.000	0.7036	0.5400	1
880	900	0.827	0.000	0.8050	0.7605	1
881	882	-46.006	0.000	0.8382	0.6971	1
882	889	-1.996	0.000	0.7402	0.5263	1
883	884	97.941	0.000	0.8340	0.6392	1
883	885	41.878	0.000	0.9155	0.8075	1
883	890	-0.169	0.000	0.9233	0.8726	1
883	891	55.893	0.000	0.8503	0.7210	1
883	893	-1.171	0.000	0.8307	0.7818	1
883	896	83.925	0.000	0.8205	0.6530	1
883	897	-1.349	0.000	0.8318	0.7837	1
883	901	-1.342	0.000	0.8848	0.7843	1
883	907	-0.169	0.000	0.9207	0.8560	1
883	935	-14.185	0.000	0.9312	0.8665	1
883	936	-14.185	0.000	0.8568	0.7907	1
883	940	-56.231	0.000	0.8142	0.7497	1
883	955	-28.200	0.000	0.7618	0.7040	1
883	956	-11.174	0.000	0.7319	0.5600	1
883	989	-56.231	0.000	0.8271	0.7443	1
884	885	-56.063	0.000	0.8583	0.6926	1
884	890	-98.110	0.000	0.8357	0.6422	1
884	891	-42.047	0.000	0.8866	0.7611	1
884	893	-99.112	0.000	0.7277	0.5151	1
884	896	-14.016	0.000	0.8566	0.7775	1
884	897	-99.290	0.000	0.7848	0.5654	1
884	901	-99.283	0.000	0.7666	0.5691	1
884	907	-98.110	0.000	0.7766	0.5876	1
884	935	-112.125	0.000	0.7962	0.5907	1
884	936	-112.125	0.000	0.7189	0.5386	1
884	940	-154.172	0.000	0.7397	0.5492	1
884	955	-126.141	0.000	0.7384	0.5379	1
884	989	-154.172	0.000	0.7357	0.5405	1
885	890	-42.047	0.000	0.9321	0.8423	1
885	891	14.015	0.000	0.8935	0.8436	1
885	893	-43.049	0.000	0.7870	0.6317	1
885	896	42.047	0.000	0.8514	0.7424	1
885	897	-43.227	0.000	0.7553	0.6258	1
885	901	-43.220	0.000	0.8497	0.7379	1
885	907	-42.047	0.000	0.9192	0.8275	1
885	935	-56.063	0.000	0.9296	0.8095	1
885	936	-56.063	0.000	0.8920	0.8008	1
885	940	-98.109	0.000	0.7676	0.6354	1
885	955	-70.078	0.000	0.8635	0.7413	1
885	956	-53.052	0.000	0.7334	0.6114	1
885	989	-98.110	0.000	0.8425	0.7376	1
886	956	-27.028	0.000	0.8087	0.7520	1
887	904	0.000	0.000	0.8946	0.7155	1
887	989	225.210	0.000	0.7194	0.6937	1
890	891	56.063	0.000	0.8966	0.7784	1
890	893	-1.002	0.000	0.8015	0.7324	1
890	896	84.094	0.000	0.8234	0.6564	1
890	897	-1.180	0.000	0.7937	0.7282	1
890	901	-1.173	0.000	0.8715	0.7882	1
890	907	0.000	0.000	0.9245	0.8696	1
890	927	-26.015	0.000	0.7088	0.6263	1
890	935	-14.016	0.000	0.9246	0.8510	1
890	936	-14.016	0.000	0.8600	0.7643	1
890	940	-56.062	0.000	0.8293	0.7497	1
890	955	-28.031	0.000	0.8809	0.8034	1
890	956	-11.005	0.000	0.7293	0.5634	1
890	989	-56.062	0.000	0.8515	0.7726	1
891	893	-57.065	0.000	0.8255	0.6778	1
891	896	28.031	0.000	0.9380	0.8629	1
891	897	-57.243	0.000	0.7886	0.6433	1
891	901	-57.235	0.000	0.8218	0.6839	1
891	907	-56.063	0.000	0.8788	0.7637	1
891	909	-25.020	0.000	0.7158	0.6788	1
891	935	-70.078	0.000	0.8771	0.7378	1
891	936	-70.078	0.000	0.7849	0.6559	1
891	940	-112.125	0.000	0.7220	0.5569	1
891	955	-84.094	0.000	0.7962	0.6474	1
891	956	-67.067	0.000	0.7089	0.6112	1
891	989	-112.125	0.000	0.8095	0.6554	1
893	896	85.096	0.000	0.8086	0.6220	1
893	897	-0.178	0.000	0.8043	0.7353	1
893	901	-0.171	0.000	0.8457	0.7665	1
893	907	1.002	0.000	0.8078	0.7539	1
893	935	-13.013	0.000	0.7787	0.6867	1
893	936	-13.013	0.000	0.7364	0.6351	1
893	940	-55.060	0.000	0.7176	0.6049	1
893	955	-27.029	0.000	0.7042	0.5919	1
894	906	-0.000	0.000	0.9912	0.9663	1
895	898	0.009	0.000	1.0000	1.0000	1
896	897	-85.274	0.000	0.7894	0.6117	1
896	901	-85.267	0.000	0.7579	0.5925	1
896	907	-84.094	0.000	0.7828	0.6285	1
896	935	-98.110	0.000	0.7984	0.6218	1
896	936	-98.110	0.000	0.7434	0.5958	1
896	940	-140.156	0.000	0.7187	0.5445	1
896	955	-112.125	0.000	0.7558	0.5775	1
896	956	-95.099	0.000	0.7042	0.6547	1
897	900	-1.001	0.000	0.7464	0.6604	1
897	901	0.007	0.000	0.8199	0.7453	1
897	907	1.180	0.000	0.7985	0.7335	1
897	935	-12.835	0.000	0.7906	0.7048	1
897	936	-12.835	0.000	0.7904	0.7182	1
897	955	-26.851	0.000	0.7646	0.6642	1
897	989	-54.882	0.000	0.7533	0.6916	1
900	901	1.008	0.000	0.7301	0.6194	1
901	907	1.173	0.000	0.8553	0.7659	1
901	935	-12.843	0.000	0.8515	0.7308	1
901	936	-12.843	0.000	0.8546	0.7742	1
901	940	-54.889	0.000	0.8440	0.7915	1
901	955	-26.858	0.000	0.8263	0.7154	1
901	989	-54.890	0.000	0.7731	0.7023	1
907	923	-26.015	0.000	0.7020	0.6150	1
907	935	-14.016	0.000	0.9618	0.8785	1
907	936	-14.016	0.000	0.8911	0.8032	1
907	940	-56.062	0.000	0.7807	0.6816	1
907	955	-28.031	0.000	0.8304	0.7811	1
907	956	-11.005	0.000	0.7946	0.6352	1
907	989	-56.062	0.000	0.8392	0.7327	1
910	930	-0.000	0.000	0.7919	0.5701	1
910	937	-0.000	0.000	0.7786	0.5799	1
910	949	-0.000	0.000	0.8096	0.6485	1
911	948	0.000	0.000	0.9216	0.8777	1
912	952	0.000	0.000	0.9344	0.8259	1
912	984	0.000	0.000	0.9577	0.8104	1
912	1020	1.998	0.000	0.9336	0.7809	1
913	915	-1.003	0.000	0.8380	0.7137	1
913	928	0.000	0.000	0.9054	0.7461	1
913	987	-42.047	0.000	0.7019	0.5085	1
914	922	1.032	0.000	0.7185	0.5869	1
915	928	1.003	0.000	0.8006	0.6004	1
915	950	-14.015	0.000	0.7556	0.5786	1
915	987	-41.044	0.000	0.7057	0.5268	1
918	921	18.011	0.000	0.8343	0.7041	1
918	974	-10.021	0.000	0.7281	0.6158	1
918	975	-28.031	0.000	0.8928	0.7450	1
919	972	-14.016	0.000	0.8229	0.7509	1
921	974	-28.031	0.000	0.9291	0.7971	1
921	975	-46.042	0.000	0.7874	0.6661	1
923	927	0.000	0.000	0.8718	0.7686	1
923	935	12.000	0.000	0.7504	0.6680	1
923	936	12.000	0.000	0.7773	0.6832	1
923	956	15.011	0.000	0.7105	0.5224	1
923	989	-30.047	0.000	0.7188	0.6216	1
927	935	12.000	0.000	0.7068	0.6157	1
927	936	12.000	0.000	0.7381	0.6362	1
927	956	15.011	0.000	0.7351	0.5559	1
928	987	-42.047	0.000	0.7433	0.6117	1
930	937	0.000	0.000	0.8208	0.6457	1
930	949	-0.000	0.000	0.8468	0.6612	1
932	978	-74.019	0.000	0.8113	0.5810	1
932	997	-148.038	0.000	0.7451	0.5790	1
932	1013	-222.056	0.000	0.7432	0.5303	1
932	1033	-296.075	0.000	0.7414	0.6097	1
935	936	0.000	0.000	0.8978	0.7839	1
935	940	-42.047	0.000	0.7470	0.6499	1
935	955	-14.016	0.000	0.8864	0.8295	1
935	956	3.011	0.000	0.7788	0.5913	1
935	989	-42.047	0.000	0.8292	0.7261	1
936	940	-42.047	0.000	0.7416	0.6263	1
936	955	-14.016	0.000	0.8307	0.7377	1
936	956	3.011	0.000	0.7848	0.6192	1
936	989	-42.047	0.000	0.8452	0.7471	1
937	949	-0.000	0.000	0.8171	0.6416	1
940	955	28.031	0.000	0.7377	0.6263	1
940	989	-0.000	0.000	0.7540	0.6655	1
942	950	0.000	0.000	0.7987	0.7187	1
952	984	0.000	0.000	0.9304	0.7578	1
954	958	1.995	0.000	0.9831	0.9443	1
954	962	0.000	0.000	0.9746	0.9101	1
954	968	1.995	0.000	0.9715	0.9012	1
955	956	17.026	0.000	0.7761	0.5819	1
955	989	-28.031	0.000	0.8436	0.7683	1
956	989	-45.058	0.000	0.7361	0.5651	1
958	962	-1.995	0.000	0.9809	0.9443	1
958	963	-40.930	0.000	0.7106	0.5868	1
958	968	0.000	0.000	0.9848	0.9533	1
962	968	1.995	0.000	0.9683	0.9012	1
963	966	0.000	0.000	0.9941	0.9778	1
963	968	40.930	0.000	0.7243	0.6136	1
964	982	0.000	0.000	0.9637	0.8700	1
964	985	0.000	0.000	0.9690	0.9155	1
964	986	0.000	0.000	0.9698	0.9208	1
966	968	40.930	0.000	0.7006	0.5828	1
974	975	-18.011	0.000	0.7896	0.6616	1
978	997	-74.019	0.000	0.8796	0.6941	1
978	1013	-148.038	0.000	0.8751	0.7266	1
978	1033	-222.056	0.000	0.8324	0.6275	1
982	985	0.000	0.000	0.9649	0.8710	1
982	986	0.000	0.000	0.9679	0.8785	1
984	1020	1.998	0.000	0.9227	0.7336	1
985	986	0.000	0.000	0.9706	0.9155	1
991	1005	162.053	0.000	0.8669	0.7513	1
994	1005	-28.031	0.000	0.7522	0.6708	1
995	1037	37.730	0.000	0.7025	0.5076	1
997	1013	-74.019	0.000	0.8718	0.7082	1
997	1033	-148.037	0.000	0.8431	0.6778	1
1003	1016	0.000	0.000	0.8583	0.7103	1
1004	1007	0.000	0.000	0.7244	0.6224	1
1004	1026	-28.031	0.000	0.7985	0.6561	1
1007	1010	28.031	0.000	0.8174	0.5729	1
1007	1026	-28.031	0.000	0.7291	0.5508	1
1007	1029	-28.031	0.000	0.9425	0.7581	1
1010	1029	-56.062	0.000	0.7900	0.4803	1
1013	1033	-74.019	0.000	0.8550	0.6706	1
1023	1025	-45.058	0.000	0.7832	0.6991	1
1026	1029	0.000	0.000	0.7052	0.5313	1
1029	1030	28.031	0.000	0.7552	0.4663	1
