"feature_id_full","feature_id","feature_mz","feature_rt","sirius_molecularformula"
"111_172.13_0.6",111,172.133115965179,0.57999456,"C9H14O2"
"117_387.19_0.6",117,387.193070141971,0.60766995,"C21H23NO5"
"122_792.56_0.6",122,792.562188135376,0.62269616,"C44H84NO6P"
"125_797.52_0.6",125,797.517431345493,0.6290352,"C43H70N6O9"
"126_764.53_0.6",126,764.530952392489,0.6290576,NA
"136_239.15_0.7",136,239.148841492494,0.7210058,"C10H22O6"
"148_154.09_0.8",148,154.086246731928,0.8012114,"C8H8O2"
"153_172.1_0.8",153,172.096785342606,0.82863134,"C8H10O3"
"158_167.08_0.9",158,167.081545359331,0.89801574,"C8H10N2O2"
"159_311.2_0.9",159,311.196153511047,0.922064,"C16H23NO4"
"160_297.18_0.9",160,297.180746878727,0.92708147,"C15H21NO4"
"163_283.17_0.9",163,283.165034506381,0.9338987,"C14H19NO4"
"165_202.22_0.9",165,202.216589900499,0.9486435,"C12H24O"
"183_305.15_1.2",183,305.147018234362,1.1957107,"C14H22N2O4"
"185_283.17_1.2",185,283.165107010919,1.2106836,"C14H19NO4"
"210_394.23_1.6",210,394.233537433486,1.5713011,"C20H33N3O6"
"216_343.3_1.8",216,343.295390138933,1.8271214,"C19H38N2O3"
"217_408.25_1.9",217,408.249235064229,1.8913196,"C21H35N3O6"
"221_954.62_1.8",221,954.615005850797,1.8498733,"C47H80N6O13"
"222_155.12_1.9",222,155.117842261347,1.8672887,"C8H16N2O2"
"226_408.25_1.9",226,408.249183309363,1.9205407,"C21H35N3O6"
"228_285.18_2",228,285.180637093893,2.0058987,"C14H24N2O4"
"230_394.23_2.1",230,394.233500760459,2.1378696,"C20H37NO4"
"234_174.15_2.1",234,174.148862367005,2.1225488,"C9H16O2"
"235_193.16_2.1",235,193.16243443351,2.127735,NA
"236_192.16_2.1",236,192.159412240317,2.131608,"C9H18O3"
"239_394.23_2.2",239,394.233507307402,2.1820676,"C20H33N3O6"
"242_181.09_2.2",242,181.085830857087,2.2400389,"C10H12O3"
"243_383.13_2.2",243,383.131153452357,2.2418754,"C16H24O9"
"244_374.14_2.2",244,374.144538125465,2.2429333,"C16H25NO10"
"246_352.22_2.3",246,352.222910531946,2.339721,"C18H31N3O5"
"251_132.08_2.6",251,132.080847678036,2.5718997,"C9H6"
"252_163.12_2.6",252,163.122988942638,2.5737042,"C10H11N"
"254_451.16_2.6",254,451.164599609841,2.602528,"C26H24N2O4"
"256_461.28_2.6",256,461.275873923599,2.6267776,"C24H33N3O5"
"257_266.19_2.7",257,266.186446027015,2.7070138,"C14H20N2O2"
"258_269.11_2.7",258,269.107227123604,2.718683,"C11H13N3O2S"
"260_268.1_2.7",260,268.10395886519,2.7189028,"C10H13N5O4"
"261_435.17_2.7",261,435.165782271787,2.7197948,"C15H23N5O7S"
"263_451.16_2.7",263,451.164631879827,2.741319,"C26H24N2O4"
"267_519.32_2.7",267,519.318035971715,2.742254,"C27H39N3O6"
"272_355.1_2.9",272,355.099857403995,2.8521998,"C12H24N2O7S2"
"273_519.32_2.9",273,519.318036963313,2.8882504,"C27H44N4O7"
"277_152.05_3",277,152.047306507608,2.9768357,"C5H12ClNO3"
"279_527.28_3.1",279,527.284442450265,3.1149716,"C26H40N4O6"
"281_505.3_3.1",281,505.302417922687,3.1151292,"C26H37N3O6"
"282_163.12_3.1",282,163.12303404249,3.1342788,"C10H14N2"
"284_463.29_3.2",284,463.291794150262,3.210394,"C24H38N4O5"
"285_146.12_3.2",285,146.117562556345,3.172291,"C7H12O2"
"287_319.14_3.2",287,319.136346478104,3.208686,"C10H23NO5S2"
"288_463.29_3.2",288,463.291793148436,3.2405224,"C24H40N4O6"
"290_377.25_3.3",290,377.254840578259,3.3466818,"C20H29N3O3"
"294_149.11_3.4",294,149.107378825265,3.390277,"C9H9N"
"299_201.16_3.5",299,201.15983414387,3.5225582,"C10H22N2O3"
"300_291.11_3.6",300,291.105038375239,3.6421165,"C14H9F2N3O"
"301_121.06_3.7",301,121.064981346077,3.6765113,"C8H8O"
"302_217.15_3.7",302,217.154772996122,3.714289,"C10H17NO3"
"303_235.12_3.7",303,235.11899667839,3.74371,"C11H14N4O2"
"305_377.25_3.8",305,377.254804159751,3.7607117,"C20H29N3O3"
"306_616.37_3.8",306,616.370976029085,3.76132,"C32H46N4O7"
"307_133.11_3.8",307,133.105077924994,3.811999,NA
"308_638.35_3.8",308,638.352950385334,3.8077245,"C29H53N5O7S"
"310_247.08_3.8",310,247.078858829489,3.8161004,"C8H14BNO5S"
"311_267.1_3.8",311,267.100936171813,3.8311844,"C9H15NO5S"
"314_133.11_4",314,133.105105223347,3.9900315,NA
"325_587.41_4.1",325,587.405396231627,4.0698447,"C34H56N2O7"
"326_234.28_4.1",326,234.279425797011,4.072939,NA
"327_491.31_4",327,491.305153708318,4.0455484,"C22H44N4O9"
"328_257.15_4",328,257.147005652321,4.0422134,NA
"329_1523.54_4.1",329,1523.53517365415,4.0722823,NA
"332_236.17_4.1",332,236.167780922684,4.091745,"C11H25NO2S"
"333_1641.11_4.1",333,1641.1143468806,4.069704,"C85H149N13O18"
"334_1347.92_4.1",334,1347.91687350806,4.0715847,"C68H119N11O15"
"335_996.18_4.1",335,996.178367940506,4.0706315,NA
"336_1230.34_4.1",336,1230.33647535536,4.0712194,NA
"337_1524.04_4.1",337,1524.03696895328,4.0724216,NA
"338_1054.72_4.1",338,1054.71794303335,4.0718417,NA
"339_586.4_4.1",339,586.402295352914,4.071977,"C30H57N3O9"
"340_1465_4.1",340,1464.99572132625,4.072664,NA
"341_1367.6_4.1",341,1367.59623223797,4.075621,"C67H96N2O25"
"342_1405.95_4.1",342,1405.95437683721,4.076508,NA
"343_469.32_4.1",343,469.323184657942,4.073358,"C20H44N4O8"
"344_1171.8_4.1",344,1171.79661628027,4.0745897,"C56H103N11O14"
"345_937.64_4.1",345,937.639120117385,4.0747395,NA
"346_1113.26_4.1",346,1113.25733813691,4.070038,NA
"347_1113.76_4.1",347,1113.75859278824,4.074231,"C56H102N10O11"
"348_1230.84_4.1",348,1230.83794091993,4.07646,NA
"349_471.33_4.1",349,471.328527135998,4.0762014,"C21H43NO9"
"350_820.56_4.1",350,820.560245899831,4.076211,"C40H77N5O12"
"351_703.48_4.1",351,703.48124609008,4.0765924,NA
"352_1288.88_4.1",352,1288.87604376839,4.073781,NA
"353_1523.03_4.1",353,1523.0342343877,4.0793185,NA
"354_352.24_4.1",354,352.244012870179,4.077031,"C15H33N3O6"
"355_1289.38_4.1",355,1289.37741389289,4.078397,NA
"356_996.68_4.1",356,996.680098524552,4.074622,NA
"358_1289.88_4.1",358,1289.8788169947,4.0760274,NA
"359_1406.96_4.1",359,1406.95728838776,4.0792046,"C70H127N13O16"
"360_235.17_4.1",360,235.165122174397,4.0873985,"C10H19NO4"
"361_588.41_4.1",361,588.407824877769,4.081209,"C30H55N5O5"
"362_1406.46_4.1",362,1406.45602575362,4.0784106,NA
"363_120.09_4.1",363,120.09064317616,4.0947757,NA
"364_238.17_4.1",364,238.17132327382,4.106159,"C13H20FN3"
"365_470.33_4.1",365,470.326203480124,4.0806203,"C21H44N2O6S"
"366_120.09_4.1",366,120.09302488654,4.1059704,NA
"368_236.06_4.1",368,236.062320595637,4.1128454,"C7H16N3O3PS"
"369_353.25_4.1",369,353.247213456198,4.0931,"C16H33NO4S"
"370_1249.77_4.1",370,1249.77423938564,4.1346703,"C56H102N18O15"
"371_1132.7_4.1",371,1132.69546140005,4.132097,"C61H93N7O13"
"373_121.09_4.1",373,121.093973505614,4.1276517,NA
"374_1015.62_4.1",374,1015.61660236221,4.137904,"C50H84N10O13"
"375_898.54_4.1",375,898.537741390954,4.1396503,"C45H73N9O11"
"376_236.06_4.1",376,236.055641062381,4.139893,"C6H15NO5S"
"377_1210.67_4.1",377,1210.67270712995,4.1417675,"C49H93N19O14"
"378_781.46_4.1",378,781.458810118231,4.142384,"C40H60N8O8"
"380_313.14_4.1",380,313.142452896645,4.144522,"C15H13N5O2"
"381_664.38_4.1",381,664.379744045173,4.144594,"C35H51N7O7"
"382_1093.59_4.1",382,1093.59419860544,4.1462913,"C54H82N10O15"
"383_547.3_4.1",383,547.30085892653,4.14918,"C28H40N6O4"
"384_391.12_4.1",384,391.120072968942,4.1498113,"C12H26N2O8S2"
"385_196.06_4.2",385,196.063827260825,4.151397,"C6H15NO5S"
"386_234.28_4.2",386,234.27959842255,4.1509986,NA
"387_234.27_4.1",387,234.272649401773,4.145054,NA
"388_586.4_4.1",388,586.402222123301,4.1237674,NA
"389_1171.8_4.2",389,1171.79651528028,4.1867576,NA
"391_236.05_4.2",391,236.054656654768,4.183566,"C9H8F2O2S"
"393_820.56_4.2",393,820.560186861945,4.179124,"C40H77N5O12"
"394_996.18_4.2",394,996.178183441517,4.185859,NA
"395_937.64_4.2",395,937.639075249786,4.176209,"C52H84N6O9"
"398_996.68_4.2",398,996.68007829376,4.190885,NA
"399_703.48_4.2",399,703.481206851044,4.150162,NA
"400_1113.76_4.2",400,1113.75845301072,4.1879044,"C56H102N10O11"
"401_1054.72_4.2",401,1054.71775565825,4.183921,"C51H92N10O12"
"402_1406.96_4.2",402,1406.95719186307,4.200293,"C70H127N13O16"
"403_1230.34_4.2",403,1230.3364706879,4.2052045,NA
"404_1289.88_4.2",404,1289.87859722891,4.1898894,NA
"405_1172.3_4.2",405,1172.29817687085,4.1975813,NA
"406_1288.88_4.2",406,1288.87602425696,4.1993904,NA
"407_1113.26_4.2",407,1113.2573256648,4.2005982,NA
"408_1230.84_4.2",408,1230.83771943851,4.2066097,NA
"409_1405.95_4.2",409,1405.95379514502,4.2064247,NA
"416_234.28_4.3",416,234.279743437273,4.2906857,NA
"417_236.06_4.3",417,236.055424675089,4.2926235,"C6H15NO5S"
"421_273.12_4.5",421,273.120909157161,4.49369,"C10H22N2O4"
"422_491.31_4.5",422,491.305286976073,4.4866486,"C22H44N4O9"
"426_374.23_4.6",426,374.226044861923,4.5648108,"C13H24N8O4"
"427_491.31_4.6",427,491.30529304337,4.567648,"C22H44N4O9"
"429_273.12_4.6",429,273.120959117553,4.609745,"C10H22N2O4"
"431_374.23_4.6",431,374.226069793994,4.6024194,"C13H24N8O4"
"432_273.12_4.6",432,273.120991073924,4.6405115,"C10H22N2O4"
"433_491.31_4.6",433,491.305333429698,4.6316667,"C20H44N4O8"
"434_257.15_4.8",434,257.147079908491,4.816421,"C10H22N2O4"
"435_140.07_4.8",435,140.068188844778,4.8292546,"C5H11NO2"
"436_491.31_4.8",436,491.305343896963,4.7590833,"C20H44N4O8"
"437_196.06_4.8",437,196.063900057332,4.8348985,"C6H15NO5S"
"438_211.05_4.8",438,211.046190692171,4.8424764,"C7H12N2O3"
"439_202.06_4.8",439,202.059937067298,4.842026,"C7H14ClNO2"
"440_293.1_4.8",440,293.099200308454,4.844557,NA
"441_205.07_4.8",441,205.068365378501,4.846052,NA
"443_234.02_4.9",443,234.019850647275,4.8577037,"C6H13NO4S"
"445_147.07_4.9",445,147.065228120414,4.870326,"C6H12O5"
"446_165.08_4.9",446,165.075812947974,4.8707967,"C6H14O6"
"447_200.11_4.9",447,200.112966573059,4.8707967,"C6H14O6"
"448_129.05_4.9",448,129.05477878273,4.871246,"C6H8O3"
"449_183.09_4.9",449,183.086394402051,4.871246,"C6H14O6"
"450_188.09_4.9",450,188.091705458685,4.8711357,"C8H10O4"
"451_130.06_4.9",451,130.058066526699,4.8707085,"C2H9N3O2"
"452_166.08_4.9",452,166.079068866774,4.868917,NA
"456_221.04_4.9",456,221.042258738535,4.8899255,"C9H10O5"
"457_223.04_4.9",457,223.039992986837,4.8904157,"C7H14N2S3"
"458_224.04_4.9",458,224.043177797807,4.890437,"C7H13NO3S2"
"463_273.12_5",463,273.121087232305,4.9637465,"C10H22N2O4"
"464_156.03_5",464,156.034782292371,4.9505324,"C4H8ClOP"
"466_159.04_5",466,159.043440768643,4.9584184,"C6H11NO3P"
"467_158.04_5",467,158.040047285654,4.965075,NA
"468_157.05_5",468,157.045274856038,4.9681063,NA
"469_305_5",469,305.003458831461,4.965327,"C8H14N2O4S2"
"470_259_5",470,258.998176516778,4.965353,"C6H8ClNO3S2"
"471_156.05_5",471,156.04945940722,4.9700813,NA
"472_235.17_5",472,235.165181664936,5.0225267,NA
"473_156.05_5",473,156.051909356928,4.962282,NA
"474_156.04_5",474,156.042141679889,4.9666944,"C5H11NO2"
"475_124.92_5",475,124.922827607156,5.0024047,NA
"476_122.92_5",476,122.924709025207,5.002819,NA
"477_206.89_5",477,206.885971423384,5.003333,NA
"478_290.85_5",478,290.847191917239,5.003333,NA
"479_546.73_5",479,546.728145464789,5.003824,NA
"480_458.77_5",480,458.770149778552,5.004274,NA
"481_374.81_5",481,374.808636936037,5.0042915,"C6H6Cl6O3"
"482_964.54_5",482,964.537178035753,5.004443,NA
"483_292.85_5",483,292.845046057408,5.0047026,NA
"484_542.73_5",484,542.731872669144,5.0047865,NA
"485_626.69_5",485,626.693150795695,5.0047865,"C12H11Cl11O3"
"486_794.62_5",486,794.616041396962,5.004793,NA
"487_878.58_5",487,878.577411807037,5.0047865,NA
"488_544.73_5",488,544.730013157066,5.005259,NA
"489_710.65_5",489,710.654631404477,5.0052485,NA
"490_208.88_5",490,208.884059928646,5.0055723,NA
"491_962.54_5",491,962.538710816573,5.0056615,NA
"492_462.77_5",492,462.766146438637,5.0046606,NA
"493_1046.5_5",493,1046.50019644526,5.005263,NA
"494_1048.5_5",494,1048.49847303854,5.005192,NA
"495_291.85_5",495,291.850512202298,5.00471,NA
"496_1132.46_5",496,1132.45981435818,5.007785,NA
"497_630.69_5",497,630.68960288914,5.005568,NA
"498_1130.46_5",498,1130.46129651386,5.010415,NA
"499_882.57_5",499,882.57410974527,5.006319,NA
"500_714.65_5",500,714.651325528089,5.005596,NA
"501_273.12_5",501,273.121110007434,5.0477195,NA
"502_1216.42_5",502,1216.42150984174,5.010946,NA
"503_157.05_5",503,157.045266195537,4.9804106,"C2H5NO6"
"504_156.03_5",504,156.03454343996,4.998191,"C5H12NP"
"507_120.09_5.1",507,120.090706590448,5.147569,NA
"508_156.05_5",508,156.049681954078,5.0241485,NA
"509_273.12_5.1",509,273.121106204801,5.0818143,"C10H22N2O4"
"510_275.12_5.1",510,275.118810141361,5.0825434,"C12H16F2N2O3"
"511_196.06_5.1",511,196.063885888391,5.141709,NA
"513_235.17_5.2",513,235.165227454158,5.1718683,"C10H19NO4"
"514_120.09_5.2",514,120.090704273284,5.1735363,NA
"518_235.17_5.3",518,235.165246210033,5.2808747,"C10H22N2O4"
"520_322.15_5.3",520,322.152675502547,5.3421707,"C14H22FN3O3"
"521_293.06_5.4",521,293.063221852893,5.3581815,"C9H18O8"
"522_120.09_5.3",522,120.090707402156,5.2919517,NA
"523_433.22_5.4",523,433.221262494597,5.4009314,"C20H31FN4O4"
"524_534.37_5.4",524,534.365309916223,5.405283,"C28H47N5O5"
"525_257.15_5.5",525,257.147150335818,5.532346,"C10H22N2O4"
"526_205.07_5.5",526,205.068335998513,5.5387363,NA
"528_417.25_5.6",528,417.247228667274,5.5817213,"C20H34N4O4"
"529_528.32_5.7",529,528.316104007711,5.7040253,"C26H43N5O5"
"534_417.25_5.7",534,417.247246944701,5.723232,"C20H34N4O4"
"535_257.15_5.8",535,257.147135465574,5.7628684,"C10H22N2O4"
"537_141.07_5.8",537,141.071273580761,5.8435216,NA
"538_205.07_5.8",538,205.068328891157,5.839932,NA
"539_140.07_5.8",539,140.068210188913,5.842623,"C5H11NO2"
"540_498.9_5.8",540,498.901399248931,5.843777,"C15H11BrCl2N4O3S"
"541_566.89_5.8",541,566.888945470386,5.8442917,NA
"542_362.93_5.8",542,362.926279787387,5.8436103,"C8H12Cl4N2O2S"
"545_158.96_5.8",545,158.964079670213,5.842617,NA
"546_282.15_5.9",546,282.154697805029,5.891229,"C11H25NO8"
"548_156.04_5.9",548,156.042109347477,5.9346347,"C3H7O4P"
"550_235.17_6",550,235.165122654017,5.982765,"C10H22N2O4"
"552_205.07_6",552,205.068323637391,6.0347486,"C6H14O6"
"554_196.06_6",554,196.063783899745,6.0353026,"C6H15NO5S"
"555_129.05_6.1",555,129.054734058256,6.0599084,"C6H10O4"
"556_147.07_6.1",556,147.065161571362,6.0595074,"C6H12O5"
"557_165.08_6.1",557,165.075790321243,6.0613112,"C6H14O6"
"558_183.09_6.1",558,183.08633311459,6.060606,"C6H14O6"
"56_871.57_0.5",56,871.57307057985,0.50017726,"C55H74N4O5"
"560_294.15_6.1",560,294.15463408565,6.070807,"C12H20O7"
"561_205.07_6.1",561,205.068317543997,6.0710073,"C4H5N5O4"
"562_235.17_6.1",562,235.165209238626,6.103863,"C10H22N2O4"
"565_205.07_6.2",565,205.068330540229,6.165857,NA
"566_156.04_6.2",566,156.042101458786,6.234168,NA
"567_367.12_6.2",567,367.121099598749,6.21305,"C12H24O11"
"568_140.07_6.2",568,140.068180505811,6.219118,"C5H11NO2"
"569_257.15_6.2",569,257.147145672524,6.2180095,"C10H22N2O4"
"570_156.04_6.2",570,156.042102577469,6.2477956,NA
"572_209.1_6.3",572,209.09549708205,6.299171,"C7H16N2O3S"
"574_639.38_6.4",574,639.384551029622,6.373376,"C34H52N6O7"
"575_353.14_6.4",575,353.1418439123,6.407959,"C13H22N4O6"
"576_183.09_6.4",576,183.086319846457,6.4302573,"C6H14O6"
"577_484.2_6.4",577,484.200400372778,6.432803,"C18H31N5O9"
"578_367.12_6.4",578,367.12109876942,6.4344525,NA
"579_383.1_6.4",579,383.09505076745,6.4358163,"C12H24O11"
"580_156.04_6.4",580,156.04210768698,6.388511,"C5H11NO2"
"581_365.11_6.5",581,365.105917375967,6.4567604,"C13H18N4O7"
"582_140.07_6.4",582,140.068182037295,6.4423037,"C5H11NO2"
"583_489.82_6.5",583,489.823107088525,6.47991,NA
"584_434.29_6.5",584,434.288891592525,6.462967,"C25H36O5"
"587_531.12_6.5",587,531.123586578685,6.486892,"C24H24N6O3S2"
"588_277.06_6.5",588,277.061838901999,6.4827614,"C8H15FN2O4S"
"589_753.26_6.5",589,753.258690835433,6.5055466,"C48H42O6"
"590_261.09_6.5",590,261.087722821584,6.4902163,"C8H18N2O4S"
"591_356.18_6.5",591,356.184812464223,6.493605,"C14H27O7P"
"592_499.19_6.5",592,499.186386614698,6.490257,"C29H23NO6"
"593_737.29_6.5",593,737.285205527532,6.500766,"C32H48O19"
"594_284.16_6.5",594,284.163623251705,6.5013394,"C18H18O2"
"595_975.38_6.5",595,975.38358105632,6.5130954,"C45H60N8O14"
"599_242.1_6.5",599,242.103846423304,6.530867,"C7H17N5OS"
"600_239.11_6.5",600,239.105703424463,6.5305476,"C8H15NO4S"
"601_1193_6.5",601,1193.00016308628,6.5344734,NA
"602_152.04_6.5",602,152.036980284973,6.531745,NA
"603_1073.45_6.5",603,1073.45066794629,6.533664,"C55H66N6O15"
"604_1430.6_6.5",604,1430.59884432082,6.531853,NA
"605_1192.17_6.5",605,1192.16515690976,6.5324316,NA
"606_1430.1_6.5",606,1430.09920789487,6.5331964,NA
"607_477.2_6.5",607,477.204475997108,6.5326314,"C20H30N8O5S"
"608_1431.6_6.5",608,1431.59824246109,6.531742,NA
"609_1191.5_6.5",609,1191.49951050019,6.532672,"C75H76O11"
"610_1351.23_6.5",610,1351.23252840231,6.5324636,NA
"611_1193.5_6.5",611,1193.49982259593,6.5327353,"C76H74O14"
"612_715.3_6.5",612,715.302901259479,6.533557,"C32H47N3O10S2"
"613_953.4_6.5",613,953.401242385738,6.5335727,"C44H57N9O10S2"
"614_1072.45_6.5",614,1072.45026249274,6.5335984,"C63H63N5O10"
"615_1192.5_6.5",615,1192.50027885801,6.5336003,NA
"616_1192_6.5",616,1192.00065780031,6.5345054,NA
"619_1311.05_6.5",619,1311.05002701197,6.5353312,NA
"620_1271.53_6.5",620,1271.53271006317,6.5352783,NA
"621_1350.9_6.5",621,1350.89850853186,6.5345473,NA
"622_955.4_6.5",622,955.400428869455,6.5345154,"C58H60O11"
"623_1271.87_6.5",623,1271.86611495449,6.5358815,"C80H118O12"
"624_1310.55_6.5",624,1310.54862297368,6.534039,"C68H80N2O23"
"625_954.4_6.5",625,954.403177299376,6.5340624,"C51H59N3O15"
"626_240.02_6.5",626,240.018743708121,6.534637,"C6H6O7S"
"627_1072.95_6.5",627,1072.95144152322,6.5336723,NA
"628_1429.6_6.5",628,1429.59774257272,6.5349574,NA
"629_956.4_6.5",629,956.401802949064,6.534878,"C43H54N8O16"
"630_1311.55_6.5",630,1311.54937630246,6.534967,"C62H75N11O20"
"634_238.2_6.5",634,238.19762981412,6.5397644,"C10H24N2OS"
"64_398.24_0.5",64,398.240787772206,0.52360016,"C18H28N4O5"
"640_1203.49_6.6",640,1203.49120121037,6.5564337,"C53H74N10O20S"
"641_1202.99_6.6",641,1202.99209583835,6.558979,NA
"642_1202.49_6.6",642,1202.49094694369,6.5571413,"C66H72O20"
"643_1083.94_6.6",643,1083.94277079726,6.5571213,NA
"644_1083.44_6.6",644,1083.44147970034,6.5599375,"C52H68N8O15"
"645_1084.44_6.6",645,1084.4418246988,6.5615563,"C54H66O22"
"646_975.38_6.6",646,975.383859078883,6.59129,"C43H68O22"
"647_753.26_6.6",647,753.258377401555,6.5992427,"C30H50O19"
"648_769.22_6.6",648,769.222673452581,6.6025667,"C38H38N2O14"
"649_356.18_6.6",649,356.184885297515,6.6025853,"C14H27O7P"
"650_737.29_6.6",650,737.285491194726,6.60537,NA
"651_284.16_6.6",651,284.163702067844,6.6080055,"C18H18O2"
"652_475.81_6.6",652,475.807783419976,6.6301346,NA
"653_515.16_6.6",653,515.161012117239,6.616108,"C17H23N9O5S2"
"654_531.12_6.6",654,531.123954447955,6.620594,"C22H24N2O12"
"655_533.12_6.6",655,533.124119857338,6.621964,"C25H26N4O5S"
"656_997.37_6.6",656,997.366465452436,6.6242976,"C41H58N12O12S2"
"657_499.19_6.6",657,499.186631958234,6.622976,"C29H28N2O7"
"658_261.09_6.6",658,261.087836288417,6.6234703,NA
"659_489.82_6.6",659,489.823205318218,6.6299753,NA
"660_283.14_6.6",660,283.143294992082,6.628367,"C17H15NO2"
"661_843.32_6.6",661,843.318962483646,6.6314955,"C42H48N6O14"
"662_497.82_6.6",662,497.820050386554,6.6215234,NA
"663_345.14_6.6",663,345.139196618284,6.6331086,"C17H22N4O3S"
"664_183.09_6.6",664,183.086366619033,6.6344714,"C6H14O6"
"665_482.82_6.6",665,482.81504009769,6.631378,NA
"666_605.22_6.6",666,605.220313215844,6.640428,"C28H38O13"
"667_759.27_6.6",667,759.267737580319,6.6413755,"C30H48N4O16"
"670_277.06_6.7",670,277.061881195702,6.652074,"C8H18N2O4S"
"671_378.17_6.6",671,378.166866119699,6.6493664,"C18H20N2O6"
"672_367.12_6.7",672,367.121090198175,6.6551347,NA
"673_545.36_6.6",673,545.357364891445,6.6406174,"C31H50N2O7"
"674_627.2_6.7",674,627.20219646108,6.6699657,NA
"675_521.17_6.7",675,521.168942296553,6.670509,"C26H30N2O7"
"676_283.07_6.7",676,283.069900750104,6.679079,NA
"678_140.07_6.7",678,140.068184898505,6.7091064,"C5H11NO2"
"679_781.25_6.7",679,781.24976842407,6.668681,"C39H42N4O10S"
"68_376.26_0.5",68,376.25915551679,0.5249083,"C21H33N3O3"
"680_257.15_6.7",680,257.147253340621,6.717319,"C10H22N2O4"
"681_627.2_6.7",681,627.202195023393,6.684787,"C26H32N6O11"
"683_750.45_6.7",683,750.453143772481,6.6926594,"C37H65N3O11"
"686_257.15_6.7",686,257.147230684473,6.7333293,"C10H22N2O4"
"687_605.22_6.7",687,605.220353240897,6.745613,"C26H32N6O11"
"688_140.07_6.7",688,140.068180492256,6.7271137,"C5H11NO2"
"69_393.29_0.5",69,393.285771947492,0.525421,"C21H33N3O3"
"690_183.09_6.8",690,183.086337777715,6.7560463,"C6H14O6"
"691_367.12_6.8",691,367.1211165921,6.757423,NA
"692_258.11_6.8",692,258.110210966361,6.785213,"C8H20NO6P"
"695_365.11_6.9",695,365.106361294218,6.8684006,"C12H22O11"
"696_360.15_6.9",696,360.150619098756,6.8736157,NA
"697_627.2_6.9",697,627.20245983262,6.888576,"C26H32N6O11"
"698_545.36_6.9",698,545.357629111907,6.879472,NA
"700_605.22_6.9",700,605.220544657533,6.8890276,"C28H38O13"
"702_367.12_6.9",702,367.121277322505,6.894228,NA
"703_383.1_6.9",703,383.095028348714,6.894228,"C12H24O11"
"704_362.17_6.9",704,362.16654144412,6.894748,"C13H20N4O7"
"705_484.2_6.9",705,484.200458918303,6.8942304,"C18H31N5O9"
"706_345.14_6.9",706,345.139344637141,6.8936133,"C12H24O11"
"707_183.09_6.9",707,183.086364287374,6.8952804,"C6H14O6"
"708_711.25_6.9",708,711.253677345421,6.894291,"C34H38N4O13"
"712_475.81_6.9",712,475.807718481685,6.941087,NA
"713_383.1_6.9",713,383.095035940094,6.92589,"C12H24O11"
"715_365.11_7",715,365.1059422992,6.9993205,"C10H24N2O8S2"
"719_531.34_7.1",719,531.342230587882,7.1369305,"C28H48N2O6"
"720_162.08_7.1",720,162.076030091045,7.1406417,"C6H8O4"
"722_531.34_7.2",722,531.342269067001,7.2293215,"C31H39N5O2"
"725_439.14_7.2",725,439.142326362756,7.213807,"C15H28O13"
"726_195.08_7.3",726,195.079834515668,7.320234,"C6H14N2O3S"
"727_531.34_7.3",727,531.342267310376,7.345587,"C30H52O5"
"733_507.19_7.8",733,507.192451103822,7.7674503,"C18H34O16"
"734_524.22_7.8",734,524.219136133224,7.7674503,"C18H34O16"
"735_529.17_7.8",735,529.174415753012,7.7654862,"C18H34O16"
"75_421.32_0.5",75,421.31652217325,0.5290175,"C23H42N4O4"
"750_175.12_8.7",750,175.118907410554,8.689165,"C6H11N3O2"
"758_213.09_9",758,213.090412457023,9.045698,"C6H16N2O4S"
"788_151.04_11.3",788,151.035185320834,11.348377,"C3H3NO5"
"92_320.26_0.6",92,320.255540392995,0.5514936,NA
