"features"	"PC1"	"PC2"	"PC3"
111	0.0905832600682248	-0.0596920280015656	0.123447785928008
117	0.0429139145544494	0.0962249564064178	-0.0502235247586014
122	0.105494285061783	0.0315487346866195	0.0146015406684309
125	0.0161979953064989	0.0316914187988147	-0.0667935010212732
126	0.111202559724977	0.0242006580099607	0.0246277254251255
136	0.0216611217152206	-0.0304392993613806	0.145520645269552
148	-0.0482894028387397	0.0187813160384478	0.0393834313170688
153	-0.0442995430224191	0.0209846466612413	-0.0344536802896443
158	-0.025491423072728	0.0746947340514152	-0.0754221029813228
159	-0.0568012149666057	0.010698676695603	-0.0214809826245453
160	-0.0576831250903438	0.0265593715783884	-0.0155838949597924
163	-0.0486350883118347	0.0375019921330172	0.0182538703189641
165	-0.0506832897516374	0.0554455544415119	-0.0166975829177236
183	-0.0506095527803956	0.00171239493832545	0.0224650353369236
185	-0.0530711945140595	0.00971355166443378	-0.00188436505938677
210	-0.0555955517740565	0.0246561153246662	0.00383562222616379
216	-0.030255211620633	0.0838162713031918	-0.0233836205171228
217	-0.0578112471139207	0.0291936413210536	0.00978011550997098
221	0.120330292513382	0.00412893580659494	0.0241470490621227
222	-0.0641999079501515	0.0129455834446471	-0.00159794435793274
226	-0.0609023619500947	0.0285535667311645	-0.00793573079465242
228	-0.0592213618764623	0.0333598482518985	-0.004962345583606
230	-0.0607983880538842	0.0263025893267008	0.00575117099975424
234	-0.00810009130303575	0.0320505111137542	-0.0165407875247439
235	-0.00810009130303575	0.0320505111137542	-0.0165407875247439
236	-0.011957323959127	0.0464555915481483	-0.0392631941041236
239	-0.0616836941300269	0.0306201023488708	0.00831429128314969
242	-0.0279526924559698	-0.125235678123986	-0.0815857764074086
243	-0.0304906679759547	-0.124571885127351	-0.0791241020570212
244	0.00820895742048228	-0.124261512496627	-0.076483468094586
246	-0.0587781587291401	0.0425992624161753	-0.0390586070252094
251	-0.0421861879003001	-0.0148831349516277	-0.0440221601186506
252	-0.0445488249349359	-0.013020249869699	-0.0474378733854205
254	0.0859140189840294	0.0764365928489685	-0.122712824669989
256	-0.0502450483896857	0.123215194259164	0.0187394069406914
257	-0.059815781738559	0.0328956723058278	0.010127819579983
258	-0.0402942394555545	0.0244217339272721	-0.0270922700282885
260	-0.0440059331335401	0.0166454152434104	-0.0330305315118395
261	-0.0224813102351623	0.0339521179898266	-0.0321384689978077
263	0.0740734123207296	0.119580937785852	-0.106934161880289
267	-0.0659730211334229	0.0594920905183529	-0.00529643144907709
272	-0.0302832974292412	-0.0452777784346179	-0.0742343021570373
273	-0.0692274179508927	0.0761588353159445	0.000946172512982901
277	-0.052265274339247	-0.0460853885551162	-0.00749016508095959
279	-0.061422055732989	0.0486713903877906	0.00080037153396549
281	-0.0588669745698195	0.0416744519499081	0.0201612591709639
282	-0.0471811721320703	-0.0274239111130452	-0.0231933249783518
284	-0.0631642483725536	0.033590566304779	-0.0142273933240744
285	-0.0605948440602308	-0.0256902169337637	-0.0378172806790351
287	-0.0605066337808986	0.0191151926419711	0.023518544738999
288	-0.0612620183351379	0.0240490619148036	-0.0102299395204826
290	-0.0601102257290827	0.0253069359475293	0.0118540781541439
294	-0.0467060699183391	-0.0840068928116173	-0.0368496527378077
299	-0.0641430923987307	0.0313547919281241	-0.0327043476648
300	-0.0380490713470832	-0.114034982893428	-0.0721903862481367
301	-0.0165531993994959	-0.126755648256489	-0.0549803175676207
302	0.0305715399695993	-0.00576358106936676	0.0869953059062519
303	-0.00798019352346569	0.0437321451829792	-0.0217471606887053
305	-0.0570955727554757	0.0291090534181681	0.0124431952386404
306	-0.0572078817903896	0.0219804251055553	0.0276791018246685
307	-0.0528404735737854	-0.0308537918186601	-0.0139840239174819
308	-0.0648716710391147	0.0671783774822933	-0.00669511174377998
310	-0.0568508654431838	0.0388048099698907	0.0600169392407268
311	-0.0583285824485407	-0.00513620670186921	-0.0339022129426007
314	-0.0535445716119983	-0.0245952217629748	0.00344808719807858
325	-0.0295888002681636	-0.0298922894263286	-0.100970491537789
326	0.0290306454401684	-0.10613962635595	0.0221093387834804
327	0.0479623777757961	-0.0168432170772811	0.0514178868651297
328	0.0449762665283463	0.0138835701272788	0.0549489807168762
329	-0.0342711285199172	-0.0366131871820453	-0.000778302300622626
332	-0.0322992678500395	-0.0490311348834457	0.0258002517121251
333	-0.0480186789457365	-0.0460138648621247	-0.0145584058929534
334	-0.0220684472883609	0.0311282272525823	-0.0839727327149356
335	-0.0371587181697387	-0.0496449089976767	0.0198356788346695
336	-0.038167018028477	-0.0112139651550724	-0.0178834770508164
337	-0.0453733805303352	-0.0651618307450189	0.00409716203422776
338	-0.0447634518269903	-0.0502633091136849	-0.00988717794063542
339	-0.0444251047931384	-0.0210471392088867	-0.0624863091195547
340	-0.0442726767332659	-0.0426240456958509	-0.0253107472884288
341	-0.0486737610366515	-0.0197007770385878	-0.00767773648773669
342	-0.0411612378990031	-0.0506671616617028	-0.0341604383778
343	-0.0382602618799998	-0.0251057272153286	-0.0981656084184339
344	-0.0389388233002029	-0.0480649459529476	0.00873216852697365
345	-0.0343467045958896	-0.0469460621154563	0.00806278514762317
346	-0.0376042108282644	-0.0634195688885336	0.00170173941514146
347	-0.0384717971632419	-0.0426452337726128	0.0288466077928289
348	-0.0385429574403519	-0.0666220674122908	0.0178228465447132
349	-0.0250099459149148	-0.00858058438319128	-0.120412734302885
350	-0.0348361644498795	-0.044020427189021	-0.0136741016529908
351	-0.0345154077221882	-0.0465666259615535	-0.0196887978504402
352	-0.0351249297461614	-0.0399344153732365	0.0192087162599938
353	-0.0423615056837008	-0.0835351885823688	-0.0374943485035965
354	-0.0356415844254845	-0.0286177015106172	-0.101406844191211
355	-0.0292559088541851	-0.0267741432472001	0.00420938281091281
356	-0.032144722306435	-0.0476370595425131	0.0123642430269065
358	-0.0492204368033039	-0.0513695783652697	0.0043793923427712
359	-0.0499897710385208	-0.0322614880174744	0.00144716484223115
360	-0.0423316011165389	-0.041680112560918	-0.0632278051090009
361	-0.0514407610357046	-0.0166103406856316	-0.060154590241211
362	-0.00970188662657113	-0.0451216526876873	0.0479354991717202
363	-0.00888155971728218	0.035092138882267	-0.0247875147815647
364	0.0276570809975505	0.0464663882670204	0.022866271377863
365	-0.0424378876023599	-0.0356844727024941	-0.0889519825690797
366	-0.025157215159654	-0.0363544579197897	-0.0201158935096797
368	0.00710951726423337	0.0321143941150573	-0.0323493966496615
369	-0.042595682724337	-0.0590290222573621	-0.0445376348653738
370	0.0494935895486241	-0.0486343980902388	0.014167972252057
371	-0.00826063172186953	-0.10996563559235	0.0963867614139614
373	-0.00776495509376849	-0.0839469456564698	0.123034077697926
374	-0.00992235363076768	-0.114185219697173	0.114382375432795
375	-0.0161865607759478	-0.0783478486206379	0.125132100010686
376	0.00490917208551427	-0.0134957667546552	0.186948507895286
377	-0.0177358735627215	-0.0325146108765374	0.0919440234571476
378	-0.0148923262884029	-0.0564113945948178	0.139525996524665
380	-0.025178648854385	0.0840537863142209	0.0310122576629357
381	-0.0148188559751213	-0.00574604464068754	0.107296488056721
382	-0.0182847864605619	-0.0683947938612777	0.0669247680931062
383	-0.0147540986332358	0.0184578801154205	0.0795154122752321
384	-0.0210968713105681	0.101172750478707	0.118222365843607
385	-0.0107750519655933	0.123081934092601	0.100826715097994
386	-0.00157615330228493	-0.0313252353995943	0.123913946952355
387	-0.0290347245333586	0.0462122327960156	0.053568177326934
388	0.0522555742331642	-0.00496858753678167	-0.0795195403767834
389	0.0822793447584406	-0.0335834514873437	-0.0953943462704827
391	0.0249392568874574	0.0697547241171054	-0.00340686582453757
393	0.0711451534616268	-0.0214390988307499	-0.0568922441395234
394	0.0633578062074694	-0.0238504494948366	-0.0590440513531649
395	0.0428989048100294	-0.037223657938167	-0.132194356606671
398	0.0754067946614927	-0.00719776862955326	-0.0801544226647303
399	0.0611544552185267	-0.032524432545142	-0.0423385176376635
400	0.075223272150084	0.000474203446992531	-0.042535903003396
401	0.0841579326938411	-0.0375667537635588	-0.078282263349646
402	0.00480685916636972	-0.0975657927174128	0.0114191481785925
403	0.0119763001107756	-0.0864525538638279	0.00758047701136559
404	0.0207124250104027	-0.0149051961012706	0.0341307235408849
405	0.0291920479990127	-0.0169499185737069	0.00943666782288128
406	-0.0117546688704585	-0.0284722735386829	0.135444981171239
407	0.0163159795211201	-0.0979694910732369	0.0017633302490852
408	0.0306958333949308	-0.0806786213396731	0.0213963665461401
409	-0.00590240275739003	-0.112845388039574	0.037777935406547
416	0.0368413898576339	0.066681894185503	0.00395589835747288
417	0.038650348245819	0.0785314189048945	-0.0682079813505791
421	0.0730363733354527	-0.0701158719308336	0.00387430889349146
422	0.0606348306761562	-0.0583046385047596	0.0368160176395803
426	-0.0154866452764004	-0.0423290713959563	-0.0124963174897675
427	-0.000806456199472141	-0.065648650309473	0.00281150969904225
429	0.0519562617937988	-0.0235889802985346	-0.0428095561787713
431	-0.0298636541700285	-0.055203172970087	0.080709259265468
432	0.0535947572019115	-0.0601162001305641	-0.0255082712789278
433	-0.00979889868937506	-0.0439834451600174	-0.120898073014669
434	0.0211260485411926	-0.0767977335606617	-0.0330924726349619
435	0.0583447625820491	-0.0513038726945261	0.014457096472644
436	-0.0519215209411623	-0.0331146457801241	-0.0072115280795516
437	-0.0296579188720176	0.0733119548577	0.109342724481636
438	0.0950826873617003	0.0166028443990819	-0.0543914718900637
439	0.0582426322400786	0.0280293348368002	-0.13283642599076
440	0.0606608230880655	0.0306820832480984	-0.141623106261566
441	0.110752618167411	-0.0231048879029614	0.0193905392190507
443	-0.0123731641480693	0.0213616506607231	0.0670680703943821
445	-0.0457025634700831	0.0252809923188195	0.0488525886761362
446	-0.0434866275856729	0.0214053204353018	0.0538994227583465
447	-0.0467362194556843	0.0190251215540989	0.0560804633759361
448	-0.045913851742237	0.02161179203768	0.0518901498171901
449	-0.0452700491653631	0.019502662741124	0.0525086080930577
450	-0.0507704836876703	0.000281282673748774	-0.0346202800482777
451	-0.0405352937135124	0.0263660555222511	0.0251108612598446
452	-0.05083561299371	0.0309503213721302	0.0306828718298129
456	-0.0237140563029934	-0.0283781351961682	0.0803268230688996
457	-0.0244613180231803	-0.0303790670973979	0.0760809231717206
458	-0.00532566039650155	-0.0156686598417699	0.0798769755806956
463	0.0272142912874676	-0.0311614806329955	-0.0268020970577856
464	-0.0485904249369977	-0.0314467242892201	0.00462308319363001
466	-0.0597749221557133	-0.0497611887028364	-0.0249375477776858
467	-0.0550919325762634	-0.048740617326952	-0.0210860400400657
468	-0.0550621587712212	-0.0431096803869194	-0.0218262935554074
469	-0.0381174720642703	0.0126122857054961	-0.00493070463590622
470	-0.0466649516167939	0.0371253673918564	0.00956692646508466
471	-0.0507304581647486	-0.0142199155544166	0.000956895605684841
472	-0.00394631580729682	-0.0938033131865232	-0.0274221924744899
473	-0.0318965784196579	-0.0205337166197774	0.0103623020154724
474	0.0336567636657464	-0.0352088378466916	0.0227853578184517
475	-0.0535575197917783	-0.0536524969340241	-0.0217668629185544
476	-0.0557171025798219	-0.0455639084484605	-0.0212054403901888
477	-0.0581420185406437	-0.0449856796403102	-0.0250386808658037
478	-0.0574679511994484	-0.0465739466536221	-0.0162823724927532
479	-0.0549861292665818	-0.0397130854116458	-0.00581137773015688
480	-0.0556524192075865	-0.0442950599155907	-0.0116927332026178
481	-0.0597339222041819	-0.0442948460325355	-0.0146677470961177
482	-0.0511790933086217	-0.0438007270609498	-0.00879838537488118
483	-0.0572941010820323	-0.0463083359448791	-0.0175239245170386
484	-0.0553479392798009	-0.0430106712773183	-0.00730189681020551
485	-0.0517613854910758	-0.045562522335397	-0.00655275841667278
486	-0.0514595697578059	-0.0453468168514674	-0.00765110493739911
487	-0.0505490758638782	-0.0449921418682725	-0.0116625900149095
488	-0.0564289317615479	-0.0429592141728097	-0.00909198799587824
489	-0.0536987543241228	-0.0407821852746107	-0.00357824793148266
490	-0.0516995894101211	-0.0487397943908681	-0.0177046941190547
491	-0.051482197210543	-0.0407544706575208	-0.00716767518599963
492	-0.051889332742126	-0.0459312033944053	-0.0073549316523708
493	-0.0511549597028916	-0.0528160245009625	-0.00716149547088316
494	-0.0473528932077026	-0.0505031342095666	4.60201412123947e-05
495	-0.0563821750099059	-0.048354943303164	-0.00866975040067136
496	-0.0500953535582677	-0.0454413384822858	-9.03410016730101e-05
497	-0.0520297023668079	-0.046728882495635	-0.0104575714475139
498	-0.0545974455326206	-0.0571733377735328	-0.0348972832362722
499	-0.0532430022082349	-0.0392270440862085	-0.024992776919001
500	-0.0527428738343259	-0.0396563425457063	-0.00770062903436598
501	-0.0458678801992738	-0.0352925609964989	-0.0317029637933851
502	-0.051218193324146	-0.0416566474245867	-0.036991579596465
503	-0.0544760969141954	-0.0198797054104472	-0.010692325622402
504	0.0030233157090126	0.000906821572632294	0.0496965758153149
507	-0.0472759741385618	-0.0456662111266479	0.00418109576533689
508	-0.0252475306540527	0.00533951619690475	0.0590588218400356
509	-0.0453824090372354	-0.0371413618292468	-0.0323730335960714
510	-0.00921122578006575	-0.0509825619795315	-0.00567618714277849
511	-0.0491554673498304	0.0477850201268485	0.0615882787261735
513	-0.0539977105241313	-0.0417402725764894	-0.0211393039033209
514	-0.04704406725608	-0.0503977412176615	0.0034311079126583
518	-0.0489149983773851	-0.0439043448819056	-0.0204534747701269
520	-0.0612814463070003	0.0275093112693923	0.0189803382649002
521	-0.0350198877955399	0.0307155624404093	-0.00530011130661094
522	-0.0489124920829327	-0.0379715459424297	0.00237218859690091
523	-0.0589930827432883	0.0559317873554353	0.00265281971919681
524	-0.0535903444104396	0.0981418251883042	0.00266467034717029
525	-0.052604450856342	-0.025985052720949	-0.0043869219558147
526	0.000679446865052651	0.0833635113545562	0.119908203035646
528	-0.0514081226531918	0.0354077793462573	0.0257615240105926
529	-0.0661159492583797	0.0505105937055604	-0.00653316541243513
534	-0.0590507886902561	0.0349840176355549	0.00650746204364276
535	0.00177125671514552	-0.0100772641896074	0.024794175090776
537	-0.0482117932647493	-0.000847873267013451	0.0157485016907678
538	-0.0467535023467187	0.0445841841994883	0.0693781501074763
539	-0.0483586030242499	-0.0116582601661944	0.0111734763518852
540	-0.049702610996534	0.0161092882423448	0.0139557335600589
541	-0.0503098271511903	0.0207362459131071	0.0219543357556317
542	-0.0532565389891219	0.0220401232777315	0.0164198683714259
545	-0.0472665870357648	0.0247320327335093	0.0398763353765243
546	-0.0604932018364569	0.072154634318773	0.0535705090273251
548	-0.0419120012777421	-0.0536324085148661	-0.0048649155684248
550	-0.0259612519829536	0.00855477260047847	-0.0155043589272384
552	-0.00754926801636003	-0.0267088606690807	0.0797251685177298
554	-0.0309516080107177	0.0563460191654161	0.0218442935588569
555	-0.0443100384377401	0.0630064102884687	-0.0298470850031197
556	-0.0234828606114275	0.0620587141965709	-0.0491829560740655
557	-0.05485750724958	0.0331703868569009	-0.00255365197370536
558	-0.0518852980469359	0.021700574273661	-0.0167811086580778
56	0.111025353134971	-0.038041047651259	0.0412194205686622
560	-0.025779762006709	-0.144172882928179	-0.0553988749825768
561	-0.0480869974073294	0.0153386911982497	-0.0345090042148059
562	-0.0573289509060128	0.00765882720407984	-0.0178427822355198
565	-0.0492725758550971	0.0724168075049598	0.0946261367686467
566	-0.0497657212965166	-0.0520483076742417	-0.016067006301058
567	-0.0554782932444539	0.0524432468961835	0.056310941842958
568	-0.0576224032484086	-0.0123460604691624	0.0234595928367533
569	-0.0464823524954572	-0.0355744151053497	0.00715210277898218
570	-0.0448848189134087	-0.0592821630037169	-0.00110491349151336
572	-0.0604070260851727	-0.0240904784300642	-0.0361240439676942
574	-0.0652990548439183	0.0347063032582572	0.00762193634195883
575	-0.0531569554135618	0.130199608507981	0.055650949672159
576	-0.0510237106911166	0.0201086545010419	-0.0370060878725568
577	-0.0635145365494826	0.0946354771475593	0.0109056570515125
578	-0.0182858412386746	0.0321726951980414	0.0150303247356935
579	-0.0248810194371316	0.0664686289801731	0.0444685873085193
580	-0.0430258793332744	-0.0678636006946495	6.79135924822878e-05
581	-0.0191609779820616	-0.0783806764120583	0.0914363479452344
582	0.0207301829795165	-0.00929773146161181	0.0365893234821755
583	-0.038994172164485	0.118187099224632	-0.000825979245679295
584	-0.0175453960027305	0.0610330895194502	-0.0314091025573626
587	0.0964955289009639	0.0515155889782316	0.0149833794810139
588	0.0700101751032362	0.00113666551108502	-0.0523993887163384
589	0.0632553481678241	0.0584121630660951	-0.046985047502628
590	0.0971533599961275	0.0382657304056408	-0.0510817571399577
591	-0.01705613040886	-0.0703163359370254	-0.0415910111837368
592	0.109756760606034	0.0127985217756961	-0.00314441424565911
593	0.094198996321116	0.00562906525853164	-0.0495949471554971
594	-0.00380979419478542	-0.10505474624381	0.114809526732077
595	0.117806220187557	0.00137973971818694	-0.00438827024001547
599	-0.0254913843529907	-0.0360544225280064	0.050778752937786
600	-0.0389490324979378	-0.0224168337489767	0.0517072278573043
601	-0.033488844701405	-0.0457023467549478	0.032338368557022
602	-0.0386012701491156	0.0108104231287276	0.0381189191864829
603	-0.0426838267049152	-0.0336935708254126	0.015814511270696
604	-0.0425965464330257	-0.0419478506434708	0.0371618858437844
605	-0.0354827489597502	-0.0259576271019211	-0.0475498004106667
606	-0.0402891360720005	-0.0546547965654822	0.0214120724553897
607	-0.038141796224169	-0.0188900351446223	0.038412469178149
608	-0.0339495695346679	-0.0241237128891931	0.0212765619593859
609	-0.0318177909215534	-0.0190060957308003	0.0263381451919367
610	-0.0174033636793298	-0.0265503105561885	0.0837382646255455
611	-0.0424394015388414	-0.0199714348941515	0.0272489510861662
612	-0.0346391410292361	-0.018129868615461	0.0364147747691884
613	-0.0334815620858334	-0.0246121507928334	0.0336030749396726
614	-0.0366778051858918	-0.0171140209043385	0.0543524357940386
615	-0.0365748321524784	-0.013143936968858	0.0288865164292327
616	-0.0363801016241029	-0.0247473932847446	0.0343175743326495
619	-0.0344438419113906	-0.0462900213124319	0.0382421303411687
620	-0.0439262498914962	-0.0102069747566093	0.00394727863353053
621	-0.0388304889933724	0.00170128981375108	0.0526425291460192
622	-0.0314158076217408	-0.0301200467617658	0.0377634075984157
623	-0.0371057006362861	-0.00632814743085531	0.061281324696057
624	-0.0317743163510182	-0.023476247381433	0.0416562469377492
625	-0.033226364335029	-0.0240575390474355	0.0447389288706081
626	-0.0241148207981984	-0.0548475418046469	0.0524997119056546
627	-0.030521048984815	-0.0334993825866746	0.0359873169993887
628	-0.0381571742171098	-0.013130261507721	0.0337166262575768
629	-0.0312083934254272	-0.0374149869952463	0.0264821591223533
630	-0.0377464617935154	-0.0356021912372102	0.00746353526935079
634	-0.0238069198291335	-0.00791450195596531	0.0163855746183417
64	0.048453099934052	0.0890081011216578	-0.053884711623484
640	0.0568103766357957	0.0251214072036673	0.0852419202397996
641	0.060233405075394	-0.0237198294671813	0.0249470867251756
642	0.0709757248919049	0.0248024948557967	0.00947711451590896
643	0.0679236624978161	-0.0338231699034419	0.0580695255527641
644	0.0592699687132844	0.00249469490070629	0.0466156762370008
645	0.0661471925847402	0.0149502391162865	0.113124786120523
646	0.0993114196981662	-0.0195067590069521	-0.021662488656237
647	-0.0212377895722673	-0.0800502191524464	-0.0434594802591091
648	0.0977144748870004	0.00694165756126594	-0.00852395876076679
649	-0.0376188624242615	-0.0466166252993407	0.00596748734175991
650	0.0436332098392521	-0.0169008945268177	-0.0443801802420224
651	0.0467677024567618	-0.0354089896069018	0.00580892802476168
652	-0.0279385506252041	-0.00872602978207297	-0.0613066208927523
653	-0.0254194010080833	-0.0330474902052715	-0.0246776967354517
654	0.0749529435863219	0.00285691444394871	0.113552130584801
655	0.0860986635782024	-0.0359879518648655	0.122532059796899
656	0.122527497773486	-0.0218409511880874	0.0344209192367838
657	0.0873171522701841	-0.0446605915955406	0.0617013715563686
658	0.0917170097821855	-0.0312073784205912	0.0475340940008466
659	-0.0555012664591518	0.00766518130990014	0.00833580783391057
660	0.0331734158657327	-0.0463685927628655	0.102541901126656
661	-0.0562448636866214	-0.00144082668447581	-0.0114075661212082
662	-0.0454650623146159	0.0566352352991673	-0.067305619483315
663	-0.0615656998666356	0.0546731782275747	0.00201541109586163
664	-0.058933401880794	0.0424950309426454	-0.00138582913851219
665	-0.026442095113915	0.0543254305224621	-0.0308697312141212
666	-0.0435370478733188	0.0350883903498494	0.028606083682347
667	0.13153945558886	-0.0180827043406165	0.0224760793394569
670	0.0531194018085812	-0.0343565676121113	0.0339489294997822
671	-0.0222239100109485	-0.00266100649770516	-0.090706103580144
672	0.0853457516426165	0.047321605198487	0.0992950458818646
673	-0.0510406005888793	0.0835963939314986	0.00233314802206744
674	0.103369904931238	-0.00417516197895387	0.0916303298720201
675	0.117753141707084	0.0140886338602427	-0.0192771961650108
676	0.104163939814921	0.0293233387360405	0.0162699113415058
678	-0.0251392024772269	-0.0425217630357469	0.0167196430153453
679	0.121124343239876	-0.00732992101693453	0.0198331002423868
68	0.0204813228206145	0.09231708487758	-0.047032797511475
680	-0.0433217573164787	-0.0333137918372482	-0.0413121474442328
681	0.109354831394393	0.0249655835261265	0.0748084003549807
683	-0.0630672147543097	0.120201671308487	0.00663906848088077
686	-0.0408833509260186	-0.0431799203552109	-0.0572236434825973
687	-0.0406087488435872	0.0951084846525095	-0.00585982774670571
688	-0.0150039770154851	-0.0574583429752682	-0.00464035557473772
69	0.0232962629360914	0.0945708563552155	-0.053638602600668
690	-0.0485463096078604	0.0312419782613617	-0.0194782814719017
691	-0.0555201324666504	0.036693686253264	0.0332075713773051
692	-0.015952602393605	-0.0456274197125786	-0.0514046816646256
695	-0.0542887818097136	0.0298601634860287	0.0272486831723734
696	-0.0221980474401945	0.0835559311544486	0.0613877517852005
697	-0.050341012365931	0.0688953560076165	-0.00679726325313013
698	-0.0525103477575219	0.122747841359835	-0.0321856538699802
700	-0.0601070983184388	0.0423515353981894	-0.0211343999766375
702	-0.0535061328220185	0.0187969907566026	0.0441539360771606
703	-0.0506797429809394	0.00663454423194867	0.0331982644337507
704	-0.0548010305755456	0.036819734177529	0.0444214315415215
705	-0.04871386868122	0.00104431646038446	0.0217143355005805
706	-0.0680273894119097	0.0289190296811474	0.00755130209560653
707	-0.0570187892652014	0.0343634440203703	0.0321420218747112
708	-0.0602150042969759	0.0712723327801202	0.00296256088085015
712	-0.0180172594255672	0.0738722897095069	0.011249162491256
713	0.0102061739332617	0.0113185668281557	0.0591589054325089
715	-0.0607222520155486	0.127513623657964	0.038794913637778
719	-0.0183087070599344	0.0744901793624207	-0.0441645311385786
720	-0.0530641804410727	-0.0203609833226428	-0.00347390072326769
722	-0.0415251001237028	0.132310476608454	-0.0386230057225125
725	-0.0264661876477294	0.0126651820102057	-0.0329181109750479
726	0.00720619704332311	0.0225710110531024	0.144499591523971
727	-0.0363685575729832	0.111945030744345	-0.00177910970167374
733	-0.0127769169244945	-0.000962991952298081	0.0912877743661564
734	-0.0118421272460569	-0.00834798932446033	0.0903031546816434
735	-0.0636112004323683	0.0461742930364678	0.0377645985454875
75	-0.00810009130303575	0.0320505111137542	-0.0165407875247439
750	-0.00810009130303575	0.0320505111137542	-0.0165407875247439
758	-0.00761163272999182	-0.00280591190618064	-0.0178613202408638
788	-0.0416096532182181	-0.0655368816675352	-0.0258642382560232
92	-0.0100008136613372	-0.0334273229511581	0.0594564193526945
