"features"	"LV1"	"LV2"
111	0.0349243456813567	-0.110726370520967
117	0.0446753085722433	-0.0208275137944639
122	0.0443027791413976	-0.0943711448453616
125	0.0561435470722354	-0.0405677092559219
126	0.0328779855614212	-0.0969880298143406
136	0.0464277951570204	-0.0582990757068052
148	0.0939070572930663	-0.0243933847633353
153	0.0882908426864066	-0.0235660467960489
158	0.0729854875863431	-0.00205103922267195
159	0.0832788813334817	-0.0196333756099741
160	0.087071493395162	-0.0138060811325173
163	0.0757873127982194	-0.00860717948389892
165	0.0876485452730876	-0.0105880040114447
183	0.0983730785135817	-0.0286025349792714
185	0.0903281939551501	-0.019722388347952
210	0.0986867067832499	-0.0199984542739191
216	0.042982140420768	0.0357973765356452
217	0.0954698094059941	-0.014980640276529
221	0.0287930867828234	-0.102418202805711
222	0.102574245572941	-0.0230391526065064
226	0.0943229005109531	-0.0111905593140569
228	0.0900893745394815	-0.0112432733650682
230	0.100440592902334	-0.0184279905854499
234	0.0111283244593286	0.0147451358649077
235	0.0111283244593286	0.0147451358649077
236	0.0332965347583009	0.00791366576289584
239	0.103993467245417	-0.0176430314426294
242	0.0581558252663347	-0.0695659412537504
243	0.0609398227638593	-0.0697207589822052
244	0.0520434867525391	-0.0936336719530039
246	0.0894035356560131	-0.00147743364324728
251	0.0694489755815744	-0.0247134913982368
252	0.0734481422247503	-0.0247699476220274
254	-0.00124327411154591	-0.0357489262824534
256	0.069545088843907	0.0337176091175839
257	0.0999268905017661	-0.0162209761210307
258	0.057614505778026	0.00650907686954075
260	0.0672316133096097	-0.00202183087292724
261	0.0315423602211546	0.0210904838231083
263	0.0157620418502193	-0.0209664314146691
267	0.0962698172799513	-0.000654358707802553
272	0.0463671435335854	-0.0158675389551459
273	0.0960161076850773	0.00741057340498837
277	0.0981634823693994	-0.0488762129359644
279	0.09065192876282	-0.00567711148431111
281	0.0968272797833773	-0.0135825107000878
282	0.0771425018338376	-0.0378258414270198
284	0.0941481683015712	-0.0106610837232172
285	0.093381086276356	-0.0340754635881821
287	0.101775010911815	-0.0244998139172901
288	0.0923349560068093	-0.0135823040620425
290	0.100757781418842	-0.0191100675123877
294	0.0714252476985581	-0.0525531198079542
299	0.0941015186111105	-0.00770244019691976
300	0.0635512312201417	-0.0642572318964355
301	0.061965323911837	-0.08056007719994
302	0.024966357852565	-0.0602019328525834
303	0.0121511595933071	0.0147927692078499
305	0.0983307748971161	-0.0176743216694669
306	0.102794484379392	-0.0239231199631581
307	0.0889437326518059	-0.0387631198310293
308	0.0891809015728102	0.00504055905532653
310	0.0979059478693494	-0.0206542862393606
311	0.0874086391462606	-0.0219464460452671
314	0.0997267450448275	-0.0418295482767002
325	0.0697323897504227	-0.0322174268069686
326	0.0183271572710427	-0.0603713333814565
327	0.0882536911024671	-0.0978832330519161
328	0.0840963567640654	-0.0853412408393331
329	0.084479817053249	-0.0469079077044125
332	0.0850663882267807	-0.0525386331619806
333	0.0903847409493714	-0.0462316631986538
334	0.0762700701124769	-0.0252364941004359
335	0.0960070386852779	-0.0545339729131966
336	0.0662559528949612	-0.0231503120025637
337	0.103180893954615	-0.063367798022928
338	0.0879401908954462	-0.0457230484314741
339	0.070347494283767	-0.0188009186448894
340	0.0789732990234122	-0.0394440242978564
341	0.0890583769613517	-0.0344775201344579
342	0.0758268556047266	-0.0350309541213592
343	0.0754652706954667	-0.029612741063293
344	0.0915056295199356	-0.0505090005884448
345	0.0868515487784667	-0.0461910061357741
346	0.0924584936962781	-0.0560959485299546
347	0.093376351819331	-0.0511701709237841
348	0.0937637596868311	-0.0611234851245528
349	0.0815494795347792	-0.0379166306323287
350	0.0741132462092195	-0.036883785197082
351	0.0735160414808829	-0.036384786512599
352	0.0895931190006048	-0.0478478166894914
353	0.0867978115266387	-0.0578885193373854
354	0.0764266543152895	-0.0337758107320793
355	0.0748126000655377	-0.0347947428119744
356	0.0863005074910214	-0.049392842240427
358	0.0989072054766333	-0.054253248650663
359	0.0951066189854179	-0.0446155529811652
360	0.0717241526955217	-0.0300154190504401
361	0.0755590885174005	-0.0208678481841349
362	0.0941010346160223	-0.0633367264804002
363	0.0511408062745878	-0.00675233427961489
364	0.0929419241966253	-0.0664519272901421
365	0.0711214420259715	-0.0269040408701256
366	0.0690331039604092	-0.0531833310684809
368	0.0512110688885465	-0.0370225541038103
369	0.0787957943642336	-0.0414465457592304
370	0.0768724751043996	-0.106687264599217
371	0.0600376348825396	-0.0811560510305392
373	0.0982326175059726	-0.0903209576908639
374	0.0709334563806891	-0.0871615145927102
375	0.0738951348017895	-0.0724071654561144
376	0.0540346614429386	-0.0596293550931019
377	0.0682588411181536	-0.0450976756393903
378	0.0751948428251666	-0.0649336665240034
380	0.0629886218588953	0.00523639533939749
381	0.0758286227974579	-0.047263427214048
382	0.0585003326516816	-0.0566149885951354
383	0.0697071397149858	-0.0322149745328965
384	0.0691414389482017	0.000581997570073299
385	0.0639013768714903	0.00746897313891348
386	0.0445768290775917	-0.0407563813913506
387	0.0385482063586654	-0.00702482551627226
388	0.0802438563757215	-0.0832268930029424
389	0.0493825408927143	-0.104190375377044
391	0.0207855503083386	-0.0170890868483336
393	0.0537900489861629	-0.0894432234486097
394	0.051773229597084	-0.0928244677481192
395	0.0608523227507636	-0.0946972216080358
398	0.0483739800263746	-0.0829509593343568
399	0.0731305545044699	-0.106007925362742
400	0.0382595610749279	-0.0791050143118714
401	0.0550326576189788	-0.109847296853324
402	0.051950572471475	-0.0722495794488043
403	0.0543346169171011	-0.0693650641038458
404	0.0738418454448871	-0.0701518408750525
405	0.0841236748374706	-0.0813331215528205
406	0.0879231201405644	-0.0577440686522064
407	0.050089640415742	-0.0765513032136646
408	0.0655669524225561	-0.0928159383424679
409	0.0580175842343	-0.0662815286460608
416	0.0347723246226364	-0.0166816203269332
417	0.0272972861774587	-0.0337708977877473
421	0.0853775678118812	-0.122751810505428
422	0.0961609426678956	-0.129891990472367
426	0.0486012967069389	-0.0270938634790487
427	0.0467338638246706	-0.0565618339598821
429	0.104170562973072	-0.103724339086243
431	0.0998145032671847	-0.0675977502247654
432	0.0942662314608967	-0.116180442487455
433	0.0954158700848059	-0.0725209203690117
434	0.045709332388137	-0.0734059659703637
435	0.0488303910797446	-0.0940072674916342
436	0.0933959008490483	-0.0429599368926577
437	0.0695700167706734	-0.00929624516898584
438	0.0346020777988934	-0.0836162701168458
439	0.0472252914441324	-0.0651835129716007
440	0.0493876745423256	-0.06934801692819
441	0.0368976303005697	-0.10789018333061
443	0.0506460156301686	-0.0193375356842314
445	0.0829999394219182	-0.019245064856031
446	0.0816523653023186	-0.020975272473809
447	0.0823496509164861	-0.0223144494609154
448	0.0846176733924688	-0.0218959496323082
449	0.0827770807765318	-0.0221259142983554
450	0.0813237937621407	-0.0171312618837505
451	0.0669648303458181	-0.0110624930607023
452	0.0837769655691527	-0.0141478502590121
456	0.0690607749723966	-0.0477580501334488
457	0.0702143069214744	-0.0480418625363038
458	0.0602537679494536	-0.0504991440162218
463	0.0764476419909742	-0.0787109618937932
464	0.0960831377437397	-0.0426289760856621
466	0.0977205609101934	-0.0478851178476862
467	0.0926041232489431	-0.0471609331750069
468	0.0928454069626413	-0.0446226916650997
469	0.0608883974437749	-0.0026984491815912
470	0.0730684268745535	0.00208798195774748
471	0.0826045448883597	-0.0300096981422873
472	0.0855026938096837	-0.0845422733708274
473	0.0695466057762346	-0.0242767081091023
474	0.101293091030709	-0.110196566487129
475	0.0920570078424646	-0.0488034312250229
476	0.0926258612272556	-0.0452553875094422
477	0.0948530516427707	-0.0440507403112746
478	0.09696292757329	-0.0465442994679339
479	0.0979421486258073	-0.0444802354231982
480	0.0959136871359157	-0.0455438664368457
481	0.100443706118179	-0.0467470654995793
482	0.090408176188118	-0.0445723163862788
483	0.0964271122110789	-0.0459561726356461
484	0.0965323210134704	-0.0454571498853191
485	0.0913030700295299	-0.0457830840533931
486	0.0910606012171601	-0.0451176398940241
487	0.088729337649781	-0.0441961231686705
488	0.096598238606121	-0.045693070147936
489	0.0950661264919289	-0.0451509471623869
490	0.0880111935331941	-0.0452666178721878
491	0.0892640033464934	-0.0432580665543179
492	0.0899249138206356	-0.0455221720044041
493	0.0925010613679924	-0.0493997317950848
494	0.090540224748091	-0.0485752636046332
495	0.0990841951728299	-0.0493228519535912
496	0.0948220965560999	-0.0486492322836906
497	0.0948896548048718	-0.0471387673481898
498	0.0872256289524697	-0.0452200489689448
499	0.0915417889537833	-0.0417377889773932
500	0.0959388333787077	-0.0440511286178231
501	0.0785328340733787	-0.0350217253985243
502	0.0783325288469252	-0.0356544059552127
503	0.0908702841220271	-0.0353861112804871
504	0.0853475509552321	-0.061074286436781
507	0.0942156654768287	-0.0511605894373121
508	0.059974184681976	-0.0396160054265233
509	0.0833330395256226	-0.0391029269625172
510	0.0873735825892683	-0.0762175699345467
511	0.0946596539249495	-0.0163137400755495
513	0.0962386241861247	-0.0450979652944318
514	0.0973920644519496	-0.0533426552725724
518	0.0805960577586649	-0.0427069423869895
520	0.10008669823194	-0.0182347039845522
521	0.0514091548225537	0.00947986419388352
522	0.0900307891011127	-0.0440380307346036
523	0.0867012006670855	0.000103070594829293
524	0.074009972339486	0.0241675971279427
525	0.0947348537881731	-0.041075691531319
526	0.067148550663137	-0.017443208038397
528	0.0927613973507001	-0.0143916695983635
529	0.0961029193071779	-0.0060598226132922
534	0.0943543290955989	-0.0120708709136055
535	0.0985005270404459	-0.0690237687764866
537	0.0915112892766917	-0.0318136903525004
538	0.0981247959632498	-0.0201441804473326
539	0.0894493516358345	-0.0353035818811967
540	0.0908769731587622	-0.0221842077133392
541	0.0976731235461507	-0.0228826778008913
542	0.0972110527597745	-0.0221235295326213
545	0.093456431390661	-0.0225961160653426
546	0.0838653974470804	0.00119649942359842
548	0.0866480956432573	-0.0506641058649856
550	0.0380992045888383	0.00207455574469269
552	0.0408406993704768	-0.0420293440112415
554	0.0864953616390885	-0.0194546252792967
555	0.0600157826646243	0.0124794360385564
556	0.0329228436425312	0.0279864951207819
557	0.0873051532316349	-0.012146435595204
558	0.0845896999573731	-0.0134307946185121
56	0.0465201108271401	-0.124360090618644
560	0.044257788906455	-0.0781080231693898
561	0.0719788082760232	-0.00979717582548155
562	0.0854052057210992	-0.0205148446432613
565	0.0837872596945179	-0.00474413976609206
566	0.0905218083435682	-0.0479114695307507
567	0.100724832897833	-0.0167359794839006
568	0.102750930596047	-0.0390013846733033
569	0.0885028892906597	-0.0449857943683373
570	0.0907410836909785	-0.055306088559955
572	0.0920957405856708	-0.0333238433789151
574	0.0979790563108024	-0.0147549906704204
575	0.0722475960209521	0.0287623138041532
576	0.0797117207269026	-0.0114270646788925
577	0.0872705563272518	0.0129889343125712
578	0.0932022774989934	-0.043386151557551
579	0.0337197282937073	0.00186075354812682
580	0.0839297950489307	-0.058270421070344
581	0.0800644220313714	-0.0747747377148559
582	0.0880231276714028	-0.0736774075529962
583	0.0526697312212523	0.04308571741726
584	0.0246234675572051	0.0209234411737243
587	0.0358950464878073	-0.0764256941850192
588	0.0583735845464905	-0.0924858549753744
589	0.0678137498863608	-0.0618989335409316
590	0.0273352334235467	-0.0728727472538741
591	0.0574837621863404	-0.056119025119976
592	0.0255313257983007	-0.0910758732764693
593	0.0482162589340254	-0.0888631583405268
594	0.0914340518910581	-0.0900109353115943
595	0.0284301836263303	-0.095688218985798
599	0.0760481577440604	-0.0482700044900194
600	0.0920607728160556	-0.0453593304096661
601	0.0781934701774676	-0.0496527292152245
602	0.0773717317151692	-0.027487082084784
603	0.0831825997165623	-0.0426449851451172
604	0.0928086247171805	-0.053625556527244
605	0.0710258232070866	-0.0336311188796786
606	0.0932446465071604	-0.0537245220020938
607	0.0833893443554485	-0.0394959588961172
608	0.0706212948286636	-0.0340815939279875
609	0.0705707694129326	-0.0350524341452524
610	0.070985154339698	-0.0498877128189146
611	0.0859498690136458	-0.035547841357707
612	0.0780828694234746	-0.037976018927848
613	0.0762847408896587	-0.0393861253190213
614	0.0876537954097257	-0.0420417025537181
615	0.077679219017365	-0.0329139980867154
616	0.0836257667258866	-0.0400238600654155
619	0.085625121686751	-0.0529909354102241
620	0.083035512246586	-0.0275204816409805
621	0.0741986441542857	-0.0330922480587535
622	0.0790941386721147	-0.0432991486904565
623	0.0914773205191148	-0.0378704522134565
624	0.0722711897953057	-0.0413397211538372
625	0.0819111777878855	-0.0420888936923384
626	0.048676916864812	-0.0426639679043898
627	0.0741653791531623	-0.043441944574399
628	0.0805753455227357	-0.0361339125113751
629	0.0811252541987	-0.0429200370352212
630	0.0769262987530091	-0.0398279664310047
634	0.0442928850693419	-0.0193088195497904
64	0.0503414145228088	-0.028558143751805
640	0.0719700484199484	-0.0802970139880886
641	0.069252068827682	-0.0977833485605736
642	0.0775733188631321	-0.0851930484095984
643	0.0818762379065204	-0.116443380369079
644	0.0899943336113226	-0.0998417583579321
645	0.0632518491227028	-0.0787270003865133
646	0.0539014605302029	-0.111475978155784
647	0.0509963205130127	-0.0560976770152053
648	0.0476926880874718	-0.095695967891551
649	0.0748144000900565	-0.0448162786357544
650	0.050605007146187	-0.0727214281151884
651	0.0642392595611115	-0.0902699649511211
652	0.0378256019971769	-0.0105738199066036
653	0.0588517227095545	-0.0353962220671875
654	0.0543023745544349	-0.100753475773706
655	0.0441271385815929	-0.112415614386163
656	0.0313863570554474	-0.112673983547841
657	0.0374665769394426	-0.103874355362802
658	0.0238211650263047	-0.0863322291662275
659	0.0835295265715967	-0.0208145902689852
660	0.0665995870043438	-0.0914666937850839
661	0.0893456998874683	-0.0299812227999057
662	0.0647466467744633	0.0134640225692557
663	0.0904601741323688	-0.00180524537336473
664	0.0910083636562713	-0.0104985433917472
665	0.035843571837599	0.0146619107269044
666	0.0839610880953935	-0.0148239461643184
667	0.0141220559153403	-0.104501726841699
670	0.0654371720488045	-0.0827799268204888
671	0.102047939662327	-0.0616038494854761
672	0.0546917375741784	-0.0766478642442831
673	0.0701298957582484	0.0180860072225204
674	0.0409320781138183	-0.100647596277768
675	0.0271920214317653	-0.0877781470138429
676	0.0387252313658018	-0.0797681472164197
678	0.0761835100750228	-0.0490073526180925
679	0.0143548038963176	-0.0889823196748889
68	0.0520593276423638	-0.0101135978821142
680	0.067902006303776	-0.0329927000257432
681	0.0343695421302383	-0.0869382545212658
683	0.0860706099169751	0.0264961616843506
686	0.0753247467123451	-0.043472427181938
687	0.0539230020533463	0.02554101978992
688	0.064050068279665	-0.044602647894355
69	0.0519448624005773	-0.0114023213968845
690	0.0733427728383785	-0.00596065711396727
691	0.0942539555874032	-0.0167147384471683
692	0.0235132044533949	-0.0116513811350623
695	0.0929640340681618	-0.0168927853816789
696	0.0314390314160329	0.00882371040854823
697	0.0674298382540256	0.0113519292479542
698	0.0704445173430551	0.0372070738525229
700	0.0871842373421251	-0.00587549784664735
702	0.101611321499731	-0.0303846111986067
703	0.0977535113728835	-0.032735552935695
704	0.0962446135375153	-0.0210503439334875
705	0.0909090748992933	-0.0324503450752542
706	0.100678312490696	-0.0193697736966558
707	0.0962150915527562	-0.0207352375230741
708	0.0829962608397891	0.00455304093310712
712	0.0250856843775178	0.0164842387222149
713	0.0675757872237361	-0.0547863868717493
715	0.083789530708633	0.0277540116546259
719	0.0246959802945834	0.0310607266563897
720	0.0936408721027513	-0.0390064658771373
722	0.0559966442460235	0.0479390596920422
725	0.0384356623317687	0.00653805921777049
726	0.0416162620028915	-0.038176079473893
727	0.0495525654361062	0.0285797926501769
733	0.0179910647723135	-0.0234468148648288
734	0.0172731796867995	-0.0257208881139921
735	0.10144299462194	-0.0140124403816038
75	0.0111283244593286	0.0147451358649077
750	0.0111283244593286	0.0147451358649077
758	0.0108376542412876	0.00501017917678912
788	0.0646528809912734	-0.0506666574018209
92	0.0588046741446818	-0.0424747070232666
