"feature_id_full","feature_id","feature_mz","feature_rt","Pt_vs_wt_p_value","Pt_vs_wt_p_value_minus_log10","Pt_vs_wt_fold_change","Pt_vs_wt_fold_change_log2","canopus_npc_pathway","canopus_npc_superclass","canopus_npc_class","sirius_name","gnps_smiles","met_annot_structure_smiles","sirius_smiles","gnps_inchi","gnps_inchi_aux","gnps_inchikey","gnps_inchikey_planar","met_annot_short_inchikey","met_annot_structure_inchi","met_annot_structure_inchikey","sirius_inchi","sirius_inchikey2d"
"583_489.82_6.5",583,489.823107088525,6.47991,2.02413946562686e-05,4.69375956739278,0.637637004862123,-0.649192737231012,NA,NA,NA,NA,NA,NA,NA,NA,NA,NA,NA,NA,NA,NA,NA,NA
"256_461.28_2.6",256,461.275873923599,2.6267776,5.78881467335979e-05,4.23741035397881,0.671711802588493,-0.574085716286411,"Amino acids and Peptides","Oligopeptides","Dipeptides","N-[(2S,4aS,12aS)-2-[2-(cyclopropylmethylamino)-2-oxoethyl]-5-methyl-6-oxo-2,3,4,4a,12,12a-hexahydropyrano[2,3-c][1,5]benzoxazocin-8-yl]butanamide",NA,NA,"CCCC(=O)NC1=CC2=C(C=C1)OCC3C(CCC(O3)CC(=O)NCC4CC4)N(C2=O)C",NA,NA,NA,NA,NA,NA,NA,"InChI=1S/C24H33N3O5/c1-3-4-22(28)26-16-7-10-20-18(11-16)24(30)27(2)19-9-8-17(32-21(19)14-31-20)12-23(29)25-13-15-5-6-15/h7,10-11,15,17,19,21H,3-6,8-9,12-14H2,1-2H3,(H,25,29)(H,26,28)","KICHFZXSYRHWSE"
"524_534.37_5.4",524,534.365309916223,5.405283,0.000146452664189313,3.83430272345529,0.715283715267159,-0.483412498560703,"Amino acids and Peptides","Oligopeptides","Tripeptides","3-{[(1R,2S,5S)-3-[(2S)-2-{[tert-butyl(methyl)carbamoyl]amino}-3,3-dimethylbutanoyl]-6,6-dimethyl-3-azabicyclo[3.1.0]hexan-2-yl]formamido}-4-cyclobutyl-2-oxobutanamide",NA,NA,"CC1(C2C1C(N(C2)C(=O)C(C(C)(C)C)NC(=O)N(C)C(C)(C)C)C(=O)NC(CC3CCC3)C(=O)C(=O)N)C",NA,NA,NA,NA,NA,NA,NA,"InChI=1S/C28H47N5O5/c1-26(2,3)21(31-25(38)32(9)27(4,5)6)24(37)33-14-16-18(28(16,7)8)19(33)23(36)30-17(20(34)22(29)35)13-15-11-10-12-15/h15-19,21H,10-14H2,1-9H3,(H2,29,35)(H,30,36)(H,31,38)","MXQJWXDHKUABDI"
"216_343.3_1.8",216,343.295390138933,1.8271214,0.00138994246699786,2.8570031758484,0.656278598885119,-0.607619707018217,"Fatty acids","Fatty amides","N-acyl ethanolamines (endocannabinoids)","2-[Dimethyl-[3-(2,2,3,3,4,4,5,5,6,6,7,7,8,8,9,9,10,10,11,11,12,12,12-tricosadeuteriododecanoylamino)propyl]azaniumyl]acetate","O=C1c2cc(CO)cc(O)c2C(=O)c2c1cc(O)c(Cl)c2O",NA,"CCCCCCCCCCCC(=O)NCCC[N+](C)(C)CC(=O)O","InChI=1S/C15H9ClO6/c16-12-9(19)3-7-11(15(12)22)14(21)10-6(13(7)20)1-5(4-17)2-8(10)18/h1-3,17-19,22H,4H2",NA,"GPTPSPAFUZTDEG-UHFFFAOYSA-N","GPTPSPAFUZTDEG",NA,NA,NA,"InChI=1S/C19H38N2O3/c1-4-5-6-7-8-9-10-11-12-14-18(22)20-15-13-16-21(2,3)17-19(23)24/h4-17H2,1-3H3,(H-,20,22,23,24)/p+1","MRUAUOIMASANKQ"
"683_750.45_6.7",683,750.453143772481,6.6926594,0.0024289913266077,2.61457403596191,0.713515948294705,-0.486982418138616,"Amino acids and Peptides","Oligopeptides","Microcolins and mirabimids","N-[(R)-3,7-Dimethyloctyl]-N',N''-bis[2-[2-[2-(2-methoxyethoxy)ethoxy]ethoxy]ethyl]-1,3,5-benzenetricarboxamide",NA,NA,"CC(C)CCCC(C)CCNC(=O)C1=CC(=CC(=C1)C(=O)NCCOCCOCCOCCOC)C(=O)NCCOCCOCCOCCOC",NA,NA,NA,NA,NA,NA,NA,"InChI=1S/C37H65N3O11/c1-30(2)7-6-8-31(3)9-10-38-35(41)32-27-33(36(42)39-11-13-46-19-21-50-25-23-48-17-15-44-4)29-34(28-32)37(43)40-12-14-47-20-22-51-26-24-49-18-16-45-5/h27-31H,6-26H2,1-5H3,(H,38,41)(H,39,42)(H,40,43)","FUIMIOFLIRZCJH"
"239_394.23_2.2",239,394.233507307402,2.1820676,0.00267749827397718,2.57227080045967,0.793330910169173,-0.334005333774815,"Amino acids and Peptides","Oligopeptides","Cyclic peptides","Unk-Ala(tBu)-Ala((S)-2-oxopyrrolidin-3-yl)-MeOH",NA,"C/C=C(\C)C(=O)OC1CC2C(O)C(OC(=O)CC)C(C1)N2C","CC(C)(C)CC(C(=O)NC(CC1CCNC1=O)C(=O)CO)NC(=O)C2CCCO2",NA,NA,NA,NA,"HGOLJZZEGFBRMR","InChI=1S/C16H25NO5/c1-5-9(3)16(20)21-10-7-11-14(19)15(22-13(18)6-2)12(8-10)17(11)4/h5,10-12,14-15,19H,6-8H2,1-4H3/b9-5+","HGOLJZZEGFBRMR-WEVVVXLNSA-N","InChI=1S/C20H33N3O6/c1-20(2,3)10-14(23-19(28)16-5-4-8-29-16)18(27)22-13(15(25)11-24)9-12-6-7-21-17(12)26/h12-14,16,24H,4-11H2,1-3H3,(H,21,26)(H,22,27)(H,23,28)","PFJSVGDZMGOTSD"
"673_545.36_6.6",673,545.357364891445,6.6406174,0.00268446044203773,2.57114299137715,0.739597772766707,-0.435187214687255,"Amino acids and Peptides","Linear polyketides","Open-chain polyketides","2-methyl-N-[3-[3-(6-methyl-5-oxohept-6-enoxy)-2-[(6-methyl-5-oxohept-6-enoxy)methyl]-2-(2-methylprop-2-enoylamino)propoxy]propyl]prop-2-enamide",NA,"CN(C)CCCC(=O)N1CCCC1c1cccnc1","CC(=C)C(=O)CCCCOCC(COCCCCC(=O)C(=C)C)(COCCCNC(=O)C(=C)C)NC(=O)C(=C)C",NA,NA,NA,NA,"JSMLDRQMULJGNG","InChI=1S/C15H23N3O/c1-17(2)10-5-8-15(19)18-11-4-7-14(18)13-6-3-9-16-12-13/h3,6,9,12,14H,4-5,7-8,10-11H2,1-2H3","JSMLDRQMULJGNG-UHFFFAOYSA-N","InChI=1S/C31H50N2O7/c1-23(2)27(34)14-9-11-17-38-20-31(33-30(37)26(7)8,21-39-18-12-10-15-28(35)24(3)4)22-40-19-13-16-32-29(36)25(5)6/h1,3,5,7,9-22H2,2,4,6,8H3,(H,32,36)(H,33,37)","YVFGPOQVGSADLB"
"523_433.22_5.4",523,433.221262494597,5.4009314,0.00269081537800628,2.57011609898976,0.780357199031932,-0.357793443590526,"Amino acids and Peptides","Small peptides","Tripeptides","1-({3-[4-(4-fluorophenyl)piperazin-1-yl]-4-hydroxy-5-(hydroxymethyl)oxolan-2-yl}methyl)-3-(propan-2-yl)urea",NA,NA,"CC(C)NC(=O)NCC1C(C(C(O1)CO)O)N2CCN(CC2)C3=CC=C(C=C3)F",NA,NA,NA,NA,NA,NA,NA,"InChI=1S/C20H31FN4O4/c1-13(2)23-20(28)22-11-16-18(19(27)17(12-26)29-16)25-9-7-24(8-10-25)15-5-3-14(21)4-6-15/h3-6,13,16-19,26-27H,7-12H2,1-2H3,(H2,22,23,28)","YJTQBPSZBVAHBL"
"158_167.08_0.9",158,167.081545359331,0.89801574,0.00280571117146946,2.55195703861529,0.772594695149648,-0.372216323229465,"Amino acids and Peptides","Nicotinic acid alkaloids","Pyridine alkaloids","N-Methoxy-N-methylnicotinamide",NA,NA,"CN(C(=O)C1=CN=CC=C1)OC",NA,NA,NA,NA,NA,NA,NA,"InChI=1S/C8H10N2O2/c1-10(12-2)8(11)7-4-3-5-9-6-7/h3-6H,1-2H3","KFEZCMOHRDCFIQ"
"246_352.22_2.3",246,352.222910531946,2.339721,0.00297388135904781,2.52667636134824,0.75570360081393,-0.40410759785292,"Amino acids and Peptides","Small peptides","Tripeptides","cyclobutyl N-[(2S)-1-[[(2S)-1-hydroxy-3-[(3S)-2-oxopyrrolidin-3-yl]propan-2-yl]amino]-4-methyl-1-oxopentan-2-yl]carbamate",NA,"CN1[C@@H]2CC(O)C[C@H]1[C@@H]1O[C@@H]12|CN1[C@@H]2C[C@@H]3C[C@H]1[C@H](O)[C@H]2O3","CC(C)CC(C(=O)NC(CC1CCNC1=O)CO)NC(=O)OC2CCC2",NA,NA,NA,NA,"FIMXSEMBHGTNKT|MEGPURSNXMUDAE","InChI=1S/C8H13NO2/c1-9-5-2-4(10)3-6(9)8-7(5)11-8/h4-8,10H,2-3H2,1H3/t4?,5-,6+,7-,8+|InChI=1S/C8H13NO2/c1-9-5-2-4-3-6(9)8(11-4)7(5)10/h4-8,10H,2-3H2,1H3/t4-,5-,6+,7-,8-/m0/s1","FIMXSEMBHGTNKT-UPGAHCIJSA-N|MEGPURSNXMUDAE-RLMOJYMMSA-N","InChI=1S/C18H31N3O5/c1-11(2)8-15(21-18(25)26-14-4-3-5-14)17(24)20-13(10-22)9-12-6-7-19-16(12)23/h11-15,22H,3-10H2,1-2H3,(H,19,23)(H,20,24)(H,21,25)","GCQNXXAARPLCPY"
"715_365.11_7",715,365.1059422992,6.9993205,0.00311517300436883,2.50651782933985,0.708388929350505,-0.497386428952146,"Amino acids and Peptides","Small peptides","N-acyl amines","Lykurim",NA,NA,"CS(=O)(=O)OCCNCC(C(CNCCOS(=O)(=O)C)O)O",NA,NA,NA,NA,NA,NA,NA,"InChI=1S/C10H24N2O8S2/c1-21(15,16)19-5-3-11-7-9(13)10(14)8-12-4-6-20-22(2,17)18/h9-14H,3-8H2,1-2H3","BYZJBHCTZJGJFV"
"267_519.32_2.7",267,519.318035971715,2.742254,0.00329209467897898,2.48252768319037,0.772957268447674,-0.371539435333184,"Amino acids and Peptides","Linear polyketides","Open-chain polyketides","N-[(4R,7S,8R)-8-methoxy-4,7,10-trimethyl-5-[4-oxanyl(oxo)methyl]-11-oxo-2-oxa-5,10-diazabicyclo[10.4.0]hexadeca-1(12),13,15-trien-14-yl]cyclopropanecarboxamide",NA,"O=C(CCc1ccc(O)c(O)c1)NCCCCNCCCNC(=O)CCc1ccc(O)c(O)c1","CC1CN(C(COC2=C(C=C(C=C2)NC(=O)C3CC3)C(=O)N(CC1OC)C)C)C(=O)C4CCOCC4",NA,NA,NA,NA,"RNEHQZRKZJSYOL","InChI=1S/C25H35N3O6/c29-20-8-4-18(16-22(20)31)6-10-24(33)27-14-2-1-12-26-13-3-15-28-25(34)11-7-19-5-9-21(30)23(32)17-19/h4-5,8-9,16-17,26,29-32H,1-3,6-7,10-15H2,(H,27,33)(H,28,34)","RNEHQZRKZJSYOL-UHFFFAOYSA-N","InChI=1S/C27H39N3O6/c1-17-14-30(26(32)20-9-11-35-12-10-20)18(2)16-36-23-8-7-21(28-25(31)19-5-6-19)13-22(23)27(33)29(3)15-24(17)34-4/h7-8,13,17-20,24H,5-6,9-12,14-16H2,1-4H3,(H,28,31)","GAPZQUHMQDIXFX"
"538_205.07_5.8",538,205.068328891157,5.839932,0.00335111849556187,2.4748102152388,0.801426028565432,-0.319358728776661,NA,NA,NA,NA,NA,NA,NA,NA,NA,NA,NA,NA,NA,NA,NA,NA
"305_377.25_3.8",305,377.254804159751,3.7607117,0.00337882811357158,2.47123390092298,0.803671429494454,-0.315322299858276,"Amino acids and Peptides","Small peptides","Dipeptides","N-[2-[4-(adamantane-1-carbonyl)piperazin-1-yl]-2-oxo-ethyl]prop-2-enamide (3e)",NA,"CCCCC/C=C/C/C=C\CCCCCCCC(=O)OC[C@H](O)CO","C=CC(=O)NCC(=O)N1CCN(CC1)C(=O)C23CC4CC(C2)CC(C4)C3",NA,NA,NA,NA,"WECGLUPZRHILCT","InChI=1S/C21H38O4/c1-2-3-4-5-6-7-8-9-10-11-12-13-14-15-16-17-21(24)25-19-20(23)18-22/h6-7,9-10,20,22-23H,2-5,8,11-19H2,1H3/b7-6+,10-9-/t20-/m1/s1","WECGLUPZRHILCT-IHNKIBRCSA-N","InChI=1S/C20H29N3O3/c1-2-17(24)21-13-18(25)22-3-5-23(6-4-22)19(26)20-10-14-7-15(11-20)9-16(8-14)12-20/h2,14-16H,1,3-13H2,(H,21,24)","HYUPHTCREDOBCB"
"226_408.25_1.9",226,408.249183309363,1.9205407,0.00349447193957609,2.45661844253776,0.792600289619073,-0.335334600415273,"Amino acids and Peptides","Small peptides","Tripeptides","2-((3-Aziridin-1-ylpropionyl)methyl)-2-ethylpropane-1,3-diyl bis(aziridine-1-propionate)",NA,"C/C=C(\C)C(=O)OC1CC2C(O)C(OC(=O)C(C)C)C(C1)N2C","CCC(COC(=O)CCN1CC1)(COC(=O)CCN2CC2)COC(=O)CCN3CC3",NA,NA,NA,NA,"RZKWUOOSGIFSGP","InChI=1S/C17H27NO5/c1-6-10(4)17(21)22-11-7-12-14(19)15(13(8-11)18(12)5)23-16(20)9(2)3/h6,9,11-15,19H,7-8H2,1-5H3/b10-6+","RZKWUOOSGIFSGP-UXBLZVDNSA-N","InChI=1S/C21H35N3O6/c1-2-21(15-28-18(25)3-6-22-9-10-22,16-29-19(26)4-7-23-11-12-23)17-30-20(27)5-8-24-13-14-24/h2-17H2,1H3","KDRBAEZRIDZKRP"
"663_345.14_6.6",663,345.139196618284,6.6331086,0.00356091431055796,2.44843847701364,0.780890304949268,-0.356808193921733,"Alkaloids","Tryptophan alkaloids","Cyclamides","Desisopropyl butyl torsemide","C([C@@H]1[C@H]([C@@H]([C@H]([C@H](O1)OC[C@H]([C@H]([C@@H](C(CO)O)O)O)O)O)O)O)O","CCCCCC(=O)O[C@H]1[C@H](OC(=O)C(C)C)[C@@H](OC(C)=O)[C@@H](O[C@]2(CO)O[C@H](CO)[C@@H](O)[C@@H]2OC(=O)CCCCC)O[C@@H]1CO","CCCCNC(=O)NS(=O)(=O)C1=C(C=CN=C1)NC2=CC=CC(=C2)C","InChI=1S/C12H24O11/c13-1-4(15)7(17)8(18)5(16)3-22-12-11(21)10(20)9(19)6(2-14)23-12/h4-21H,1-3H2/t4?,5-,6-,7-,8-,9-,10+,11-,12+/m1/s1","InChI=1S/C12H24O11/c13-1-4(15)7(17)8(18)5(16)3-22-12-11(21)10(20)9(19)6(2-14)23-12/h4-21H,1-3H2/t4?,5-,6-,7-,8-,9-,10+,11-,12+/m1/s1 [M+H]+","SERLAGPUMNYUCK-BLEZHGCXSA-N","SERLAGPUMNYUCK","BVFYJVCMRWNZTQ","InChI=1S/C30H50O15/c1-6-8-10-12-21(35)41-24-20(15-32)40-29(26(39-18(5)34)25(24)43-28(38)17(3)4)45-30(16-33)27(23(37)19(14-31)44-30)42-22(36)13-11-9-7-2/h17,19-20,23-27,29,31-33,37H,6-16H2,1-5H3/t19-,20-,23-,24-,25+,26-,27+,29-,30+/m1/s1","BVFYJVCMRWNZTQ-KJCPGIIQSA-N","InChI=1S/C17H22N4O3S/c1-3-4-9-19-17(22)21-25(23,24)16-12-18-10-8-15(16)20-14-7-5-6-13(2)11-14/h5-8,10-12H,3-4,9H2,1-2H3,(H,18,20)(H2,19,21,22)","YITRQCQYMPXGMU"
"385_196.06_4.2",385,196.063827260825,4.151397,0.0036964706382922,2.4322127391292,0.738672366919872,-0.436993486172547,"Fatty acids","Spingolipids","Sphingoid bases","N,N-Bis(2-hydroxyethyl)-2-aminoethanesulfonic acid","C1COCCN1CCS(=O)(=O)O",NA,"C(CO)N(CCO)CCS(=O)(=O)O","InChI=1S/C6H13NO4S/c8-12(9,10)6-3-7-1-4-11-5-2-7/h1-6H2,(H,8,9,10)",NA,"SXGZJKUKBWWHRA-UHFFFAOYSA-N","SXGZJKUKBWWHRA",NA,NA,NA,"InChI=1S/C6H15NO5S/c8-4-1-7(2-5-9)3-6-13(10,11)12/h8-9H,1-6H2,(H,10,11,12)","AJTVSSFTXWNIRG"
"545_158.96_5.8",545,158.964079670213,5.842617,0.00400825038037139,2.39704515754566,0.818258216553079,-0.289371910699066,NA,NA,NA,NA,NA,NA,NA,NA,NA,NA,NA,NA,NA,NA,NA,NA
"68_376.26_0.5",68,376.25915551679,0.5249083,0.00436367440790753,2.36014766141191,0.791091702860136,-0.338083154180151,"Alkaloids","Anthranilic acid alkaloids","N-acyl amines","1,3,5-Tris(2,2-dimethylpropionylamino)benzene",NA,"CCCCCCCCC(=O)NCc1ccc(O)c(OC)c1|COc1cc(CNC(=O)CCCCCC(C)C)ccc1O","CC(C)(C)C(=O)NC1=CC(=CC(=C1)NC(=O)C(C)(C)C)NC(=O)C(C)(C)C",NA,NA,NA,NA,"RGOVYLWUIBMPGK|VQEONGKQWIFHMN","InChI=1S/C17H27NO3/c1-3-4-5-6-7-8-9-17(20)18-13-14-10-11-15(19)16(12-14)21-2/h10-12,19H,3-9,13H2,1-2H3,(H,18,20)|InChI=1S/C17H27NO3/c1-13(2)7-5-4-6-8-17(20)18-12-14-9-10-15(19)16(11-14)21-3/h9-11,13,19H,4-8,12H2,1-3H3,(H,18,20)","RGOVYLWUIBMPGK-UHFFFAOYSA-N|VQEONGKQWIFHMN-UHFFFAOYSA-N","InChI=1S/C21H33N3O3/c1-19(2,3)16(25)22-13-10-14(23-17(26)20(4,5)6)12-15(11-13)24-18(27)21(7,8)9/h10-12H,1-9H3,(H,22,25)(H,23,26)(H,24,27)","CPEULHAPWXMDDV"
"273_519.32_2.9",273,519.318036963313,2.8882504,0.00439093097152172,2.35744339025222,0.758521174453351,-0.398738640384131,"Amino acids and Peptides","Oligopeptides","Open-chain polyketides","Glidobactin D",NA,"O=C(CCc1ccc(O)c(O)c1)NCCCCNCCCNC(=O)CCc1ccc(O)c(O)c1","CCC(CCCCC=CC=CC(=O)NC(C(C)O)C(=O)NC1CC(CCNC(=O)C=CC(NC1=O)C)O)O",NA,NA,NA,NA,"RNEHQZRKZJSYOL","InChI=1S/C25H35N3O6/c29-20-8-4-18(16-22(20)31)6-10-24(33)27-14-2-1-12-26-13-3-15-28-25(34)11-7-19-5-9-21(30)23(32)17-19/h4-5,8-9,16-17,26,29-32H,1-3,6-7,10-15H2,(H,27,33)(H,28,34)","RNEHQZRKZJSYOL-UHFFFAOYSA-N","InChI=1S/C27H44N4O7/c1-4-20(33)11-9-7-5-6-8-10-12-24(36)31-25(19(3)32)27(38)30-22-17-21(34)15-16-28-23(35)14-13-18(2)29-26(22)37/h6,8,10,12-14,18-22,25,32-34H,4-5,7,9,11,15-17H2,1-3H3,(H,28,35)(H,29,37)(H,30,38)(H,31,36)","CWHSSBGVAAMVCC"
"541_566.89_5.8",541,566.888945470386,5.8442917,0.00457804891931692,2.33931957092843,0.804589045962059,-0.313675998290699,NA,NA,NA,NA,NA,NA,NA,NA,NA,NA,NA,NA,NA,NA,NA,NA
"528_417.25_5.6",528,417.247228667274,5.5817213,0.00460030819468402,2.33721307206473,0.807439238315449,-0.308574397160338,"Amino acids and Peptides","Small peptides","Dipeptides","1,6-Bis(cyclohexyloximinocarbonyl)hexane",NA,NA,"C1CCC(=NOC(=O)NCCCCCCNC(=O)ON=C2CCCCC2)CC1",NA,NA,NA,NA,NA,NA,NA,"InChI=1S/C20H34N4O4/c25-19(27-23-17-11-5-3-6-12-17)21-15-9-1-2-10-16-22-20(26)28-24-18-13-7-4-8-14-18/h1-16H2,(H,21,25)(H,22,26)","RXSVYGIGWRDVQC"
"722_531.34_7.2",722,531.342269067001,7.2293215,0.00527032057759785,2.27816296716936,0.670896674634941,-0.575837502038873,"Alkaloids","Tryptophan alkaloids","Pyrroloindole alkaloids","N-[7-(dimethylamino)-4,4-bis[4-(dimethylamino)phenyl]-3,1-benzoxazin-2-yl]-2,2-dimethylpropanamide",NA,NA,"CC(C)(C)C(=O)NC1=NC2=C(C=CC(=C2)N(C)C)C(O1)(C3=CC=C(C=C3)N(C)C)C4=CC=C(C=C4)N(C)C",NA,NA,NA,NA,NA,NA,NA,"InChI=1S/C31H39N5O2/c1-30(2,3)28(37)33-29-32-27-20-25(36(8)9)18-19-26(27)31(38-29,21-10-14-23(15-11-21)34(4)5)22-12-16-24(17-13-22)35(6)7/h10-20H,1-9H3,(H,32,33,37)","ZLZCSECSWRSQSK"
"69_393.29_0.5",69,393.285771947492,0.525421,0.00536479696371468,2.2704467097105,0.792346079234341,-0.335797389657544,"Alkaloids","Fatty amides","N-acyl amines","1,3,5-Tris(2,2-dimethylpropionylamino)benzene",NA,NA,"CC(C)(C)C(=O)NC1=CC(=CC(=C1)NC(=O)C(C)(C)C)NC(=O)C(C)(C)C",NA,NA,NA,NA,NA,NA,NA,"InChI=1S/C21H33N3O3/c1-19(2,3)16(25)22-13-10-14(23-17(26)20(4,5)6)12-15(11-13)24-18(27)21(7,8)9/h10-12H,1-9H3,(H,22,25)(H,23,26)(H,24,27)","CPEULHAPWXMDDV"
"183_305.15_1.2",183,305.147018234362,1.1957107,0.00544253783528039,2.26419854316029,0.822769548588667,-0.281439695425452,"Amino acids and Peptides","Small peptides","Dipeptides","(1S,6R)-6-[2-(2-methylpropanoylamino)ethylcarbamoyl]cyclohex-3-ene-1-carboxylic acid",NA,NA,"CC(C)C(=O)NCCNC(=O)C1CC=CCC1C(=O)O",NA,NA,NA,NA,NA,NA,NA,"InChI=1S/C14H22N2O4/c1-9(2)12(17)15-7-8-16-13(18)10-5-3-4-6-11(10)14(19)20/h3-4,9-11H,5-8H2,1-2H3,(H,15,17)(H,16,18)(H,19,20)","HVDRDDOXYJQABP"
"520_322.15_5.3",520,322.152675502547,5.3421707,0.00573038212072245,2.24181641688289,0.80177763108898,-0.318725926796494,"Amino acids and Peptides","Small peptides","Dipeptides","2-amino-N-[4-[bis(2-methoxyethyl)amino]-2-fluorophenyl]acetamide",NA,NA,"COCCN(CCOC)C1=CC(=C(C=C1)NC(=O)CN)F",NA,NA,NA,NA,NA,NA,NA,"InChI=1S/C14H22FN3O3/c1-20-7-5-18(6-8-21-2)11-3-4-13(12(15)9-11)17-14(19)10-16/h3-4,9H,5-8,10,16H2,1-2H3,(H,17,19)","GHDWUUFSJRFYPM"
"657_499.19_6.6",657,499.186631958234,6.622976,0.00573221355080542,2.24167763854531,1.25660901665362,0.3295358371263,"Amino acids and Peptides","Tyrosine alkaloids","Dipeptides","Muraglitazar",NA,NA,"CC1=C(N=C(O1)C2=CC=CC=C2)CCOC3=CC=C(C=C3)CN(CC(=O)O)C(=O)OC4=CC=C(C=C4)OC",NA,NA,NA,NA,NA,NA,NA,"InChI=1S/C29H28N2O7/c1-20-26(30-28(37-20)22-6-4-3-5-7-22)16-17-36-24-10-8-21(9-11-24)18-31(19-27(32)33)29(34)38-25-14-12-23(35-2)13-15-25/h3-15H,16-19H2,1-2H3,(H,32,33)","IRLWJILLXJGJTD"
"306_616.37_3.8",306,616.370976029085,3.76132,0.00595009321957062,2.22547623016591,0.814988904195319,-0.295147677226295,"Amino acids and Peptides","Oligopeptides","Cyclic peptides","Cyl-2",NA,"C=C1Cc2ccc3[nH]c4c(c3c2[C@H]2[C@@H]1C[C@@H]2C(C)(C)O)[C@@H](OC)[C@@H]1CC[C@@]2(O)[C@@]35O[C@@H]3[C@@H](O)[C@@H](C(=C)C)O[C@H]5CC[C@]2(C)[C@@]41C","CCC(C)C1C(=O)N2CCCCC2C(=O)NC(C(=O)NC(C(=O)N1)CC3=CC=C(C=C3)OC)CCCCCC(=O)C4CO4",NA,NA,NA,NA,"CHJPLPXYURJSLZ","InChI=1S/C38H49NO6/c1-17(2)30-29(40)33-38(45-33)24(44-30)12-13-35(6)36(7)21(11-14-37(35,38)42)31(43-8)28-27-23(39-32(28)36)10-9-19-15-18(3)20-16-22(34(4,5)41)26(20)25(19)27/h9-10,20-22,24,26,29-31,33,39-42H,1,3,11-16H2,2,4-8H3/t20-,21+,22+,24+,26+,29+,30-,31+,33-,35-,36-,37+,38+/m1/s1","CHJPLPXYURJSLZ-UMIAAJJFSA-N","InChI=1S/C32H46N4O7/c1-4-20(2)28-32(41)36-17-9-8-11-25(36)31(40)33-23(10-6-5-7-12-26(37)27-19-43-27)29(38)34-24(30(39)35-28)18-21-13-15-22(42-3)16-14-21/h13-16,20,23-25,27-28H,4-12,17-19H2,1-3H3,(H,33,40)(H,34,38)(H,35,39)","WANLLPADDCXPGO"
"257_266.19_2.7",257,266.186446027015,2.7070138,0.00653459397896322,2.18478139173666,0.803150016584662,-0.316258607806433,"Alkaloids","Nicotinic acid alkaloids","Pyridine alkaloids","1,6-Bis(morpholino)-2,4-hexadiyne",NA,NA,"C1COCCN1CC#CC#CCN2CCOCC2",NA,NA,NA,NA,NA,NA,NA,"InChI=1S/C14H20N2O2/c1(3-5-15-7-11-17-12-8-15)2-4-6-16-9-13-18-14-10-16/h5-14H2","ZNXWKPCOJLBLFJ"
"521_293.06_5.4",521,293.063221852893,5.3581815,0.00666829149638463,2.1759854237654,0.744002603054957,-0.426620425962782,"Carbohydrates","Phenolic acids (C6-C1)","Cyclitols","(beta-d-Galactopyranosyl)-sn-glycerol",NA,NA,"C(C1C(C(C(C(O1)C(C(CO)O)O)O)O)O)O",NA,NA,NA,NA,NA,NA,NA,"InChI=1S/C9H18O8/c10-1-3(12)5(13)9-8(16)7(15)6(14)4(2-11)17-9/h3-16H,1-2H2","GKVQPWWCDQIXGN"
"290_377.25_3.3",290,377.254840578259,3.3466818,0.00672723410386629,2.17216345885677,0.808981747184151,-0.305820942966325,"Alkaloids","Ornithine alkaloids","Quinolizidine alkaloids","4-(4-acetylpiperazine-1-carbonyl)-N,N-dipropylbenzamide",NA,"CCCCC/C=C/C/C=C\CCCCCCCC(=O)OC[C@H](O)CO","CCCN(CCC)C(=O)C1=CC=C(C=C1)C(=O)N2CCN(CC2)C(=O)C",NA,NA,NA,NA,"WECGLUPZRHILCT","InChI=1S/C21H38O4/c1-2-3-4-5-6-7-8-9-10-11-12-13-14-15-16-17-21(24)25-19-20(23)18-22/h6-7,9-10,20,22-23H,2-5,8,11-19H2,1H3/b7-6+,10-9-/t20-/m1/s1","WECGLUPZRHILCT-IHNKIBRCSA-N","InChI=1S/C20H29N3O3/c1-4-10-22(11-5-2)19(25)17-6-8-18(9-7-17)20(26)23-14-12-21(13-15-23)16(3)24/h6-9H,4-5,10-15H2,1-3H3","NHUMPRHPRPXYGT"
"217_408.25_1.9",217,408.249235064229,1.8913196,0.00710878081774376,2.14820487599709,0.807010315925415,-0.30934097945207,"Amino acids and Peptides","Oligopeptides","Tripeptides","2-((3-Aziridin-1-ylpropionyl)methyl)-2-ethylpropane-1,3-diyl bis(aziridine-1-propionate)",NA,"C/C=C(\C)C(=O)OC1CC2C(O)C(OC(=O)C(C)C)C(C1)N2C","CCC(COC(=O)CCN1CC1)(COC(=O)CCN2CC2)COC(=O)CCN3CC3",NA,NA,NA,NA,"RZKWUOOSGIFSGP","InChI=1S/C17H27NO5/c1-6-10(4)17(21)22-11-7-12-14(19)15(13(8-11)18(12)5)23-16(20)9(2)3/h6,9,11-15,19H,7-8H2,1-5H3/b10-6+","RZKWUOOSGIFSGP-UXBLZVDNSA-N","InChI=1S/C21H35N3O6/c1-2-21(15-28-18(25)3-6-22-9-10-22,16-29-19(26)4-7-23-11-12-23)17-30-20(27)5-8-24-13-14-24/h2-17H2,1H3","KDRBAEZRIDZKRP"
"470_259_5",470,258.998176516778,4.965353,0.00717322919078395,2.14428529286418,0.772728176872823,-0.371967089332731,"Fatty acids","Fatty acyls","Simple phenolic acids","5-chloro-N-methoxy-4-methylthiophene-2-sulfonamide",NA,NA,"CC1=C(SC(=C1)S(=O)(=O)NOC)Cl",NA,NA,NA,NA,NA,NA,NA,"InChI=1S/C6H8ClNO3S2/c1-4-3-5(12-6(4)7)13(9,10)8-11-2/h3,8H,1-2H3","FGZVQHGVTJYDQR"
"534_417.25_5.7",534,417.247246944701,5.723232,0.00731964410764242,2.13551003449414,0.804788664574579,-0.313318109919383,"Amino acids and Peptides","Small peptides","Tripeptides","Cyclo-(Isoleucyl-Prolyl-Leucyl-Alanyl)",NA,NA,"CCC(C)C1C(=O)N2CCCC2C(=O)NC(C(=O)NC(C(=O)N1)C)CC(C)C",NA,NA,NA,NA,NA,NA,NA,"InChI=1S/C20H34N4O4/c1-6-12(4)16-20(28)24-9-7-8-15(24)19(27)22-14(10-11(2)3)18(26)21-13(5)17(25)23-16/h11-16H,6-10H2,1-5H3,(H,21,26)(H,22,27)(H,23,25)","HUTLMPQIWUKPAS"
"698_545.36_6.9",698,545.357629111907,6.879472,0.00743327315340924,2.12881990771385,0.703429230705419,-0.507522808093692,NA,NA,NA,NA,NA,"CN(C)CCCC(=O)N1CCCC1c1cccnc1",NA,NA,NA,NA,NA,"JSMLDRQMULJGNG","InChI=1S/C15H23N3O/c1-17(2)10-5-8-15(19)18-11-4-7-14(18)13-6-3-9-16-12-13/h3,6,9,12,14H,4-5,7-8,10-11H2,1-2H3","JSMLDRQMULJGNG-UHFFFAOYSA-N",NA,NA
"666_605.22_6.6",666,605.220313215844,6.640428,0.00764313253987924,2.11672860923105,0.819256866747223,-0.287612234863424,"Shikimates and Phenylpropanoids","Flavonoids","Secoiridoid monoterpenoids","2-(4-{4-[(4-hydroxy-3,5-dimethoxyphenyl)methyl]-3-(hydroxymethyl)oxolan-2-yl}-2,6-dimethoxyphenoxy)-6-(hydroxymethyl)oxane-3,4,5-triol",NA,"COc1cc([C@H]2c3c(cc(OC)c(O)c3OC)C[C@@H](CO)[C@@H]2CO[C@@H]2O[C@H](CO)[C@@H](O)[C@H](O)[C@H]2O)cc(OC)c1O","COC1=CC(=CC(=C1O)OC)CC2COC(C2CO)C3=CC(=C(C(=C3)OC)OC4C(C(C(C(O4)CO)O)O)O)OC",NA,NA,NA,NA,"PQQRNPDHSJDAGV","InChI=1S/C28H38O13/c1-36-16-7-13(8-17(37-2)22(16)31)20-15(11-40-28-26(35)25(34)23(32)19(10-30)41-28)14(9-29)5-12-6-18(38-3)24(33)27(39-4)21(12)20/h6-8,14-15,19-20,23,25-26,28-35H,5,9-11H2,1-4H3/t14-,15-,19+,20+,23+,25-,26+,28+/m0/s1","PQQRNPDHSJDAGV-HQSXISOASA-N","InChI=1S/C28H38O13/c1-35-17-6-13(7-18(36-2)22(17)31)5-15-12-39-26(16(15)10-29)14-8-19(37-3)27(20(9-14)38-4)41-28-25(34)24(33)23(32)21(11-30)40-28/h6-9,15-16,21,23-26,28-34H,5,10-12H2,1-4H3","OSPNTYPNEPEMIS"
"288_463.29_3.2",288,463.291793148436,3.2405224,0.00768005974129283,2.11463540168556,0.807421460199211,-0.308606162624885,"Amino acids and Peptides","Oligopeptides","Cyclic peptides","tert-butyl N-[(2S)-1-[3-[(1-amino-1,2-dioxohexan-3-yl)carbamoyl]-2-azabicyclo[2.2.1]heptan-2-yl]-3,3-dimethyl-1-oxobutan-2-yl]carbamate",NA,"COC(=O)[C@]1(C)CC[C@]2(C)CC(C)=C3C4=CC=C5C(=CC(=O)C(O)=C5C)[C@]4(C)CC[C@@]3(C)[C@@H]2C1","CCCC(C(=O)C(=O)N)NC(=O)C1C2CCC(C2)N1C(=O)C(C(C)(C)C)NC(=O)OC(C)(C)C",NA,NA,NA,NA,"CMKHWUBEVSIFHL","InChI=1S/C30H38O4/c1-17-15-27(3)10-11-28(4,26(33)34-7)16-23(27)30(6)13-12-29(5)20(24(17)30)9-8-19-18(2)25(32)22(31)14-21(19)29/h8-9,14,23,32H,10-13,15-16H2,1-7H3/t23-,27-,28-,29-,30+/m1/s1","CMKHWUBEVSIFHL-HVZOYMJXSA-N","InChI=1S/C24H40N4O6/c1-8-9-15(17(29)19(25)30)26-20(31)16-13-10-11-14(12-13)28(16)21(32)18(23(2,3)4)27-22(33)34-24(5,6)7/h13-16,18H,8-12H2,1-7H3,(H2,25,30)(H,26,31)(H,27,33)","FAQHGIFJDSUBTD"
"185_283.17_1.2",185,283.165107010919,1.2106836,0.0078365938262268,2.10587266230439,0.816221386870613,-0.292967581880251,"Fatty acids","Fatty amides","Piperidine alkaloids","2-cyclohexa-1,4-dien-1-yl-2-[[(E)-4-ethoxy-4-oxobut-2-en-2-yl]amino]acetic acid",NA,"NCCCCNC(=O)C=Cc1ccc(O)c(O)c1","CCOC(=O)C=C(C)NC(C1=CCC=CC1)C(=O)O",NA,NA,NA,NA,"KTZNZCYTXQYEHT","InChI=1S/C13H18N2O3/c14-7-1-2-8-15-13(18)6-4-10-3-5-11(16)12(17)9-10/h3-6,9,16-17H,1-2,7-8,14H2,(H,15,18)","KTZNZCYTXQYEHT-UHFFFAOYSA-N","InChI=1S/C14H19NO4/c1-3-19-12(16)9-10(2)15-13(14(17)18)11-7-5-4-6-8-11/h4-5,8-9,13,15H,3,6-7H2,1-2H3,(H,17,18)","VJKNZMGRRRECHM"
"279_527.28_3.1",279,527.284442450265,3.1149716,0.00797479488964643,2.09828047810655,0.80122122714217,-0.319727451211697,"Amino acids and Peptides","Oligopeptides","Linear peptides","Cbz-Val-Leu-Ala((S)-2-oxopyrrolidin-3-yl)-ol",NA,NA,"CC(C)CC(C(=O)NC(CC1CCNC1=O)CO)NC(=O)C(C(C)C)NC(=O)OCC2=CC=CC=C2",NA,NA,NA,NA,NA,NA,NA,"InChI=1S/C26H40N4O6/c1-16(2)12-21(24(33)28-20(14-31)13-19-10-11-27-23(19)32)29-25(34)22(17(3)4)30-26(35)36-15-18-8-6-5-7-9-18/h5-9,16-17,19-22,31H,10-15H2,1-4H3,(H,27,32)(H,28,33)(H,29,34)(H,30,35)","GLZAWCKOCLSXEU"
"380_313.14_4.1",380,313.142452896645,4.144522,0.00816378625815721,2.08810837437709,0.772074729297791,-0.373187601837518,"Alkaloids","Pseudoalkaloids (transamidation)","Purine alkaloids","1,3-dimethyl-7-phenyl-1H,2H,3H,4H,8H-imidazo[1,2-g]purine-2,4-dione",NA,NA,"CN1C2=C(C(=O)N(C1=O)C)N3C=C(NC3=N2)C4=CC=CC=C4",NA,NA,NA,NA,NA,NA,NA,"InChI=1S/C15H13N5O2/c1-18-12-11(13(21)19(2)15(18)22)20-8-10(16-14(20)17-12)9-6-4-3-5-7-9/h3-8H,1-2H3,(H,16,17)","UKMQTJFZUOZSRV"
"228_285.18_2",228,285.180637093893,2.0058987,0.00830666022257762,2.08057355364666,0.803653576154992,-0.315354349287253,"Amino acids and Peptides","Small peptides","N-acyl amines","Collacyclumin B",NA,NA,"CC(=O)CC(C)(C)NC(=O)C(=O)NC(C)(C)CC(=O)C",NA,NA,NA,NA,NA,NA,NA,"InChI=1S/C14H24N2O4/c1-9(17)7-13(3,4)15-11(19)12(20)16-14(5,6)8-10(2)18/h7-8H2,1-6H3,(H,15,19)(H,16,20)","YLSPVSWMAHXPCB"
"511_196.06_5.1",511,196.063885888391,5.141709,0.0083350234017932,2.0790931764892,0.811417835367515,-0.30148308084025,NA,NA,NA,NA,"C1COCCN1CCS(=O)(=O)O",NA,NA,"InChI=1S/C6H13NO4S/c8-12(9,10)6-3-7-1-4-11-5-2-7/h1-6H2,(H,8,9,10)",NA,"SXGZJKUKBWWHRA-UHFFFAOYSA-N","SXGZJKUKBWWHRA",NA,NA,NA,NA,NA
"281_505.3_3.1",281,505.302417922687,3.1151292,0.00851660338414516,2.06973357725699,0.810196672809195,-0.303655934488451,"Amino acids and Peptides","Linear polyketides","Cyclic peptides","(1-Amino-2-hydroxy-4-phenylbutyl)-[2-hydroxy-1-[(2-methylpropan-2-yl)oxycarbonylamino]-4-phenylbutyl]carbamic acid",NA,NA,"CC(C)(C)OC(=O)NC(C(CCC1=CC=CC=C1)O)N(C(C(CCC2=CC=CC=C2)O)N)C(=O)O",NA,NA,NA,NA,NA,NA,NA,"InChI=1S/C26H37N3O6/c1-26(2,3)35-24(32)28-23(21(31)17-15-19-12-8-5-9-13-19)29(25(33)34)22(27)20(30)16-14-18-10-6-4-7-11-18/h4-13,20-23,30-31H,14-17,27H2,1-3H3,(H,28,32)(H,33,34)","BMTZVUJLMRUNAN"
"575_353.14_6.4",575,353.1418439123,6.407959,0.00863173687185405,2.06390180706977,0.730608822522606,-0.452828919708152,"Amino acids and Peptides","Small peptides","Tripeptides","4-Amino-2-[[3-hydroxy-2-(pyrrolidine-2-carbonylamino)butanoyl]amino]-4-oxobutanoic acid",NA,NA,"CC(C(C(=O)NC(CC(=O)N)C(=O)O)NC(=O)C1CCCN1)O",NA,NA,NA,NA,NA,NA,NA,"InChI=1S/C13H22N4O6/c1-6(18)10(17-11(20)7-3-2-4-15-7)12(21)16-8(13(22)23)5-9(14)19/h6-8,10,15,18H,2-5H2,1H3,(H2,14,19)(H,16,21)(H,17,20)(H,22,23)","WVXQQUWOKUZIEG"
"695_365.11_6.9",695,365.106361294218,6.8684006,0.00912234722677206,2.03989340109299,0.814995325641557,-0.295136310013689,"Carbohydrates","Saccharides","Disaccharides","Sucrose",NA,"OC[C@H]1O[C@@](CO)(O[C@H]2O[C@H](CO)[C@@H](O)[C@H](O)[C@H]2O)[C@@H](O)[C@@H]1O","C(C1C(C(C(C(O1)OC2(C(C(C(O2)CO)O)O)CO)O)O)O)O",NA,NA,NA,NA,"CZMRCDWAGMRECN","InChI=1S/C12H22O11/c13-1-4-6(16)8(18)9(19)11(21-4)23-12(3-15)10(20)7(17)5(2-14)22-12/h4-11,13-20H,1-3H2/t4-,5-,6-,7-,8+,9-,10+,11-,12+/m1/s1","CZMRCDWAGMRECN-UGDNZRGBSA-N","InChI=1S/C12H22O11/c13-1-4-6(16)8(18)9(19)11(21-4)23-12(3-15)10(20)7(17)5(2-14)22-12/h4-11,13-20H,1-3H2","CZMRCDWAGMRECN"
"542_362.93_5.8",542,362.926279787387,5.8436103,0.00952781874243015,2.02100651348069,0.817998036111493,-0.289830715406904,"Alkaloids","Oligopeptides","Imidazole alkaloids","(1E)-1,3,4,4-tetrachloro-N-ethyl-1-(ethylamino)buta-1,3-diene-2-sulfonamide",NA,NA,"CCNC(=C(C(=C(Cl)Cl)Cl)S(=O)(=O)NCC)Cl",NA,NA,NA,NA,NA,NA,NA,"InChI=1S/C8H12Cl4N2O2S/c1-3-13-8(12)6(5(9)7(10)11)17(15,16)14-4-2/h13-14H,3-4H2,1-2H3","VXDSHNIADSPIEH"
"299_201.16_3.5",299,201.15983414387,3.5225582,0.0095787409988218,2.01869156954319,0.798952017764885,-0.323819232298911,"Amino acids and Peptides","Small peptides","N-acyl amines","1,4,10-Trioxa-7,13-diazacyclopentadecane",NA,NA,"C1COCCNCCOCCOCCN1",NA,NA,NA,NA,NA,NA,NA,"InChI=1S/C10H22N2O3/c1-5-13-6-2-12-4-8-15-10-9-14-7-3-11-1/h11-12H,1-10H2","STHIZMRUXPMSCW"
"244_374.14_2.2",244,374.144538125465,2.2429333,0.00968941290935704,2.01370253646326,1.28114943926539,0.357438768195238,"Amino acids and Peptides","Amino acid glycosides","Cyanogenic glycosides","Proacaciberin",NA,NA,"CC(=C)C(C#N)OC1C(C(C(C(O1)COC2C(C(C(CO2)O)O)O)O)O)O",NA,NA,NA,NA,NA,NA,NA,"InChI=1S/C16H25NO10/c1-6(2)8(3-17)26-16-14(23)12(21)11(20)9(27-16)5-25-15-13(22)10(19)7(18)4-24-15/h7-16,18-23H,1,4-5H2,2H3","BHUCUDQLYLLDIA"
"469_305_5",469,305.003458831461,4.965327,0.00970950032076869,2.01280311957878,0.796582620974718,-0.328104090087463,"Amino acids and Peptides","Fatty Acids and Conjugates","Aminoacids","2-[(3R)-1,1-dioxothiolan-3-yl]-N'-(2-sulfanylacetyl)acetohydrazide",NA,NA,"C1CS(=O)(=O)CC1CC(=O)NNC(=O)CS",NA,NA,NA,NA,NA,NA,NA,"InChI=1S/C8H14N2O4S2/c11-7(9-10-8(12)4-15)3-6-1-2-16(13,14)5-6/h6,15H,1-5H2,(H,9,11)(H,10,12)","FLBPAKMVVCXUSF"
"735_529.17_7.8",735,529.174415753012,7.7654862,0.0097782859050879,2.0097372686485,0.799337830953752,-0.32312272435882,"Carbohydrates","Saccharides","Disaccharides","1,6-bis({[3,4,5-trihydroxy-6-(hydroxymethyl)oxan-2-yl]oxy})hexane-2,3,4,5-tetrol",NA,NA,"C(C1C(C(C(C(O1)OCC(C(C(C(COC2C(C(C(C(O2)CO)O)O)O)O)O)O)O)O)O)O)O",NA,NA,NA,NA,NA,NA,NA,"InChI=1S/C18H34O16/c19-1-7-11(25)13(27)15(29)17(33-7)31-3-5(21)9(23)10(24)6(22)4-32-18-16(30)14(28)12(26)8(2-20)34-18/h5-30H,1-4H2","MCJYGWIJVVVJHZ"
"210_394.23_1.6",210,394.233537433486,1.5713011,0.0101423706269627,1.99386052331844,0.817258657144528,-0.291135340480225,"Amino acids and Peptides","Small peptides","Tripeptides","Unk-Ala(tBu)-Ala((S)-2-oxopyrrolidin-3-yl)-MeOH",NA,"C/C=C(\C)C(=O)OC1CC2C(O)C(OC(=O)CC)C(C1)N2C","CC(C)(C)CC(C(=O)NC(CC1CCNC1=O)C(=O)CO)NC(=O)C2CCCO2",NA,NA,NA,NA,"HGOLJZZEGFBRMR","InChI=1S/C16H25NO5/c1-5-9(3)16(20)21-10-7-11-14(19)15(22-13(18)6-2)12(8-10)17(11)4/h5,10-12,14-15,19H,6-8H2,1-4H3/b9-5+","HGOLJZZEGFBRMR-WEVVVXLNSA-N","InChI=1S/C20H33N3O6/c1-20(2,3)10-14(23-19(28)16-5-4-8-29-16)18(27)22-13(15(25)11-24)9-12-6-7-21-17(12)26/h12-14,16,24H,4-11H2,1-3H3,(H,21,26)(H,22,27)(H,23,28)","PFJSVGDZMGOTSD"
"148_154.09_0.8",148,154.086246731928,0.8012114,0.0114423343574717,1.94148536582718,0.831883165579524,-0.265547172620737,"Terpenoids","Sesquiterpenoids","4-pyrone derivatives","3-(5-methylfuran-2-yl)prop-2-enal",NA,"COC(=O)c1ccccc1|COc1ccc(C=O)cc1|Cc1ccccc1C(=O)O","CC1=CC=C(O1)C=CC=O",NA,NA,NA,NA,"QPJVMBTYPHYUOC|ZRSNZINYAWTAHE|ZWLPBLYKEWSWPD","InChI=1S/C8H8O2/c1-10-8(9)7-5-3-2-4-6-7/h2-6H,1H3|InChI=1S/C8H8O2/c1-10-8-4-2-7(6-9)3-5-8/h2-6H,1H3|InChI=1S/C8H8O2/c1-6-4-2-3-5-7(6)8(9)10/h2-5H,1H3,(H,9,10)","QPJVMBTYPHYUOC-UHFFFAOYSA-N|ZRSNZINYAWTAHE-UHFFFAOYSA-N|ZWLPBLYKEWSWPD-UHFFFAOYSA-N","InChI=1S/C8H8O2/c1-7-4-5-8(10-7)3-2-6-9/h2-6H,1H3","XYYLGSWUPMPWLD"
"664_183.09_6.6",664,183.086366619033,6.6344714,0.012165885141026,1.91485628805837,0.813339028864215,-0.298071250205059,"Fatty acids","Fatty acyls","Fatty alcohols","G-Ol","C([C@H]([C@H]([C@@H]([C@H](CO)O)O)O)O)O","OC[C@@H](O)[C@@H](O)[C@H](O)[C@H](O)CO|O=C[C@@H](O)[C@H](O)[C@H](O)CO|O[C@H]1[C@H](O)[C@H](O)OC[C@H]1O","C(C(C(C(C(CO)O)O)O)O)O","InChI=1S/C6H14O6/c7-1-3(9)5(11)6(12)4(10)2-8/h3-12H,1-2H2/t3-,4+,5-,6-/m1/s1",NA,"FBPFZTCFMRRESA-JGWLITMVSA-N","FBPFZTCFMRRESA","FBPFZTCFMRRESA|PYMYPHUHKUWMLA|SRBFZHDQGSBBOR","InChI=1S/C6H14O6/c7-1-3(9)5(11)6(12)4(10)2-8/h3-12H,1-2H2/t3-,4-,5-,6-/m1/s1|InChI=1S/C5H10O5/c6-1-3(8)5(10)4(9)2-7/h1,3-5,7-10H,2H2/t3-,4-,5+/m1/s1|InChI=1S/C5H10O5/c6-2-1-10-5(9)4(8)3(2)7/h2-9H,1H2/t2-,3-,4+,5-/m1/s1","FBPFZTCFMRRESA-KVTDHHQDSA-N|PYMYPHUHKUWMLA-WDCZJNDASA-N|SRBFZHDQGSBBOR-SQOUGZDYSA-N","InChI=1S/C6H14O6/c7-1-3(9)5(11)6(12)4(10)2-8/h3-12H,1-2H2","FBPFZTCFMRRESA"
"258_269.11_2.7",258,269.107227123604,2.718683,0.0122857813450452,1.91059721825993,0.754702451591714,-0.406020134190159,"Alkaloids","Nicotinic acid alkaloids","Pyridine alkaloids","2-(1,4-Benzodiazepin-1-yl)ethanesulfonamide","C([C@@H]1[C@H]([C@H]([C@H](N2C=NC3=C2N=CN=C3N)O1)O)O)O","CCCCOC(=O)CCC(=O)OCCCC","C1=CC=C2C(=C1)C=NC=CN2CCS(=O)(=O)N","\"\"InChI=1S/C10H13N5O4/c11-8-5-9(13-2-12-8)15(3-14-5)10-7(18)6(17)4(1-16)19-10/h2-4,6-7,10,16-18H,1H2,(H2,11,12,13)/t4-,6-,7-,10-/m1/s1\"\"",NA,"OIRDTQYFTABQOQ-KQYNXXCUSA-N","OIRDTQYFTABQOQ","YUXIBTJKHLUKBD","InChI=1S/C12H22O4/c1-3-5-9-15-11(13)7-8-12(14)16-10-6-4-2/h3-10H2,1-2H3","YUXIBTJKHLUKBD-UHFFFAOYSA-N","InChI=1S/C11H13N3O2S/c12-17(15,16)8-7-14-6-5-13-9-10-3-1-2-4-11(10)14/h1-6,9H,7-8H2,(H2,12,15,16)","OFDWFBAIHJSKLR"
"690_183.09_6.8",690,183.086337777715,6.7560463,0.012362073782629,1.90790866866419,0.817522713070336,-0.290669281611518,"Fatty acids","Fatty acyls","Fatty alcohols","G-Ol","C([C@H]([C@H]([C@@H]([C@H](CO)O)O)O)O)O","OC[C@@H](O)[C@@H](O)[C@H](O)[C@H](O)CO|O=C[C@@H](O)[C@H](O)[C@H](O)CO|O[C@H]1[C@H](O)[C@H](O)OC[C@H]1O","C(C(C(C(C(CO)O)O)O)O)O","InChI=1S/C6H14O6/c7-1-3(9)5(11)6(12)4(10)2-8/h3-12H,1-2H2/t3-,4+,5-,6-/m1/s1",NA,"FBPFZTCFMRRESA-JGWLITMVSA-N","FBPFZTCFMRRESA","FBPFZTCFMRRESA|PYMYPHUHKUWMLA|SRBFZHDQGSBBOR","InChI=1S/C6H14O6/c7-1-3(9)5(11)6(12)4(10)2-8/h3-12H,1-2H2/t3-,4-,5-,6-/m1/s1|InChI=1S/C5H10O5/c6-1-3(8)5(10)4(9)2-7/h1,3-5,7-10H,2H2/t3-,4-,5+/m1/s1|InChI=1S/C5H10O5/c6-2-1-10-5(9)4(8)3(2)7/h2-9H,1H2/t2-,3-,4+,5-/m1/s1","FBPFZTCFMRRESA-KVTDHHQDSA-N|PYMYPHUHKUWMLA-WDCZJNDASA-N|SRBFZHDQGSBBOR-SQOUGZDYSA-N","InChI=1S/C6H14O6/c7-1-3(9)5(11)6(12)4(10)2-8/h3-12H,1-2H2","FBPFZTCFMRRESA"
"260_268.1_2.7",260,268.10395886519,2.7189028,0.0123700460652296,1.90762868308408,0.775293318489186,-0.367185863119348,"Carbohydrates","Nucleosides","Purine nucleosides","Myocol","Nc1nccc2c1ncn2[C@@H]1O[C@H](CO)[C@@H](O)[C@H]1O","Nc1ncnc2c1ncn2C1OC(CO)C(O)C1O","C1=NC(=C2C(=N1)N(C=N2)C3C(C(C(O3)CO)O)O)N","\"\"InChI=1S/C11H14N4O4/c12-10-7-5(1-2-13-10)15(4-14-7)11-9(18)8(17)6(3-16)19-11/h1-2,4,6,8-9,11,16-18H,3H2,(H2,12,13)/t6-,8-,9-,11-/m1/s1\"\"","DBZQFUNLCALWDY-PNHWDRBUSA-N","DBZQFUNLCALWDY-PNHWDRBUSA-N","DBZQFUNLCALWDY","OIRDTQYFTABQOQ","InChI=1S/C10H13N5O4/c11-8-5-9(13-2-12-8)15(3-14-5)10-7(18)6(17)4(1-16)19-10/h2-4,6-7,10,16-18H,1H2,(H2,11,12,13)","OIRDTQYFTABQOQ-UHFFFAOYSA-N","InChI=1S/C10H13N5O4/c11-8-5-9(13-2-12-8)15(3-14-5)10-7(18)6(17)4(1-16)19-10/h2-4,6-7,10,16-18H,1H2,(H2,11,12,13)","OIRDTQYFTABQOQ"
"540_498.9_5.8",540,498.901399248931,5.843777,0.0129754958123924,1.88687603814447,0.824394482987256,-0.278593244781614,"Alkaloids","Proline alkaloids","Pyrrole alkaloids","N-[3-(aminomethoxy)-4-bromo-2,6-dichloro-5-methoxyphenyl]thieno[3,2-d]pyrimidine-7-carboxamide","CSCC[C@H](NC[C@H](O)[C@@H](O)[C@H](O[C@@H]1O[C@H](CO)[C@H](O)[C@H](O)[C@H]1O)[C@H](O)CO)C(=O)O",NA,"COC1=C(C(=C(C(=C1Cl)NC(=O)C2=CSC3=CN=CN=C32)Cl)OCN)Br","InChI=1S/C17H33NO12S/c1-31-3-2-7(16(27)28)18-4-8(21)11(23)15(9(22)5-19)30-17-14(26)13(25)12(24)10(6-20)29-17/h7-15,17-26H,2-6H2,1H3,(H,27,28)/t7-,8-,9+,10+,11+,12-,13-,14+,15+,17-/m0/s1",NA,"FGTFPUKWLBRFEM-VEYUIISXSA-N","FGTFPUKWLBRFEM",NA,NA,NA,"InChI=1S/C15H11BrCl2N4O3S/c1-24-13-8(16)14(25-4-19)10(18)12(9(13)17)22-15(23)6-3-26-7-2-20-5-21-11(6)7/h2-3,5H,4,19H2,1H3,(H,22,23)","NCVYNGZPPWXNCV"
"560_294.15_6.1",560,294.15463408565,6.070807,0.0132522741140923,1.87770958961724,1.37891936381822,0.463538093674974,"Carbohydrates","Saccharides","Monosaccharides","(3S,4R,5R)-5-[(1R)-2-hydroxy-1-(oxiran-2-ylmethoxy)ethyl]-4-(oxiran-2-ylmethoxy)oxolan-3-ol","CC1(C)COC(=O)[C@@H]1O[C@@H]1O[C@H](CO)[C@@H](O)[C@H](O)[C@H]1O","CC(C)CC(NCC(=O)C(O)C(O)C(O)CO)C(=O)O","C1C(O1)COC2C(COC2C(CO)OCC3CO3)O","InChI=1S/C12H20O8/c1-12(2)4-18-10(17)9(12)20-11-8(16)7(15)6(14)5(3-13)19-11/h5-9,11,13-16H,3-4H2,1-2H3/t5-,6-,7+,8-,9+,11+/m1/s1",NA,"BFCZPWYLRHFBNO-DTJAAUDXSA-N","BFCZPWYLRHFBNO","BUGJJLOUCDBMAS","InChI=1S/C12H23NO7/c1-6(2)3-7(12(19)20)13-4-8(15)10(17)11(18)9(16)5-14/h6-7,9-11,13-14,16-18H,3-5H2,1-2H3,(H,19,20)","BUGJJLOUCDBMAS-UHFFFAOYSA-N","InChI=1S/C12H20O7/c13-1-10(17-4-7-2-15-7)12-11(9(14)6-19-12)18-5-8-3-16-8/h7-14H,1-6H2","VANVSEHQZDRJBA"
"308_638.35_3.8",308,638.352950385334,3.8077245,0.0133952101885405,1.87305046734826,0.784908426389512,-0.349403747252637,"Amino acids and Peptides","Oligopeptides","Linear peptides","For-DL-Met-DL-xiIle-DL-Val-DL-xiIle-DL-Leu-OH",NA,"CC1=C(CO[C@@H]2O[C@H](CO)[C@@H](O)[C@H](O)[C@H]2O)C[C@H]([C@@H](C)[C@H]2CC[C@H]3[C@@H]4C[C@H](O)C5=C(C(=O)C[C@H](O)C5)[C@H]4CC[C@]23C)OC1=O","CCC(C)C(C(=O)NC(C(C)C)C(=O)NC(C(C)CC)C(=O)NC(CC(C)C)C(=O)O)NC(=O)C(CCSC)NC=O",NA,NA,NA,NA,"DKRAEDZNHJHJAB","InChI=1S/C33H48O11/c1-14-16(13-42-32-30(40)29(39)28(38)26(12-34)44-32)8-25(43-31(14)41)15(2)21-4-5-22-19-11-23(36)20-9-17(35)10-24(37)27(20)18(19)6-7-33(21,22)3/h15,17-19,21-23,25-26,28-30,32,34-36,38-40H,4-13H2,1-3H3/t15-,17+,18-,19+,21+,22-,23-,25+,26+,28+,29-,30+,32+,33+/m0/s1","DKRAEDZNHJHJAB-YJKJOOOHSA-N","InChI=1S/C29H53N5O7S/c1-10-18(7)23(27(38)31-21(29(40)41)14-16(3)4)34-26(37)22(17(5)6)32-28(39)24(19(8)11-2)33-25(36)20(30-15-35)12-13-42-9/h15-24H,10-14H2,1-9H3,(H,30,35)(H,31,38)(H,32,39)(H,33,36)(H,34,37)(H,40,41)","ZISSDMCQFBCBRD"
"230_394.23_2.1",230,394.233500760459,2.1378696,0.0135074208181855,1.86942756965779,0.815613658957938,-0.294042158736046,"Fatty acids","Fatty amides","Aminoacids","6-[4-(7-carboxylato-6-hydroxyheptyl)cyclohexyl]-3-hydroxy-2-methylpiperidin-1-ium",NA,"C/C=C(\C)C(=O)OC1CC2C(O)C(OC(=O)CC)C(C1)N2C","CC1C(CCC(N1)C2CCC(CC2)CCCCCC(CC(=O)O)O)O",NA,NA,NA,NA,"HGOLJZZEGFBRMR","InChI=1S/C16H25NO5/c1-5-9(3)16(20)21-10-7-11-14(19)15(22-13(18)6-2)12(8-10)17(11)4/h5,10-12,14-15,19H,6-8H2,1-4H3/b9-5+","HGOLJZZEGFBRMR-WEVVVXLNSA-N","InChI=1S/C20H37NO4/c1-14-19(23)12-11-18(21-14)16-9-7-15(8-10-16)5-3-2-4-6-17(22)13-20(24)25/h14-19,21-23H,2-13H2,1H3,(H,24,25)","LCYHJMKSXUPWHT"
"556_147.07_6.1",556,147.065161571362,6.0595074,0.0137409121717892,1.86198443627026,0.729741560905936,-0.454542473105765,"Carbohydrates","Saccharides","Monosaccharides",NA,NA,NA,"[CH]C(C(C(C(CO)O)O)O)O",NA,NA,NA,NA,NA,NA,NA,"InChI=1S/C6H12O5/c1-3(8)5(10)6(11)4(9)2-7/h1,3-11H,2H2","ZRQKZUXZTAJPFH"
"529_528.32_5.7",529,528.316104007711,5.7040253,0.0137672792785103,1.86115187754095,0.802046463011796,-0.318242279634766,"Amino acids and Peptides","Oligopeptides","Tripeptides","(2S)-N-(3-amino-1-cyclobutyl-2,3-dioxopropyl)-3-[(2S)-2-(tert-butylcarbamoylamino)-3,3-dimethylbutanoyl]-6,6-dimethyl-3-azabicyclo[3.1.0]hexane-2-carboxamide",NA,NA,"CC1(C2C1C(N(C2)C(=O)C(C(C)(C)C)NC(=O)NC(C)(C)C)C(=O)NC(C3CCC3)C(=O)C(=O)N)C",NA,NA,NA,NA,NA,NA,NA,"InChI=1S/C26H43N5O5/c1-24(2,3)19(29-23(36)30-25(4,5)6)22(35)31-12-14-15(26(14,7)8)17(31)21(34)28-16(13-10-9-11-13)18(32)20(27)33/h13-17,19H,9-12H2,1-8H3,(H2,27,33)(H,28,34)(H2,29,30,36)","LIVZWBUJKWXSLM"
"691_367.12_6.8",691,367.1211165921,6.757423,0.0139753702906665,1.85463667624564,0.820968451700154,-0.28460131192234,NA,NA,NA,NA,NA,NA,NA,NA,NA,NA,NA,NA,NA,NA,NA,NA
"284_463.29_3.2",284,463.291794150262,3.210394,0.0142695969387397,1.84558829386177,0.808251798594521,-0.307123282117804,"Amino acids and Peptides","Oligopeptides","Tripeptides","Ac-Leu-Val-Tyr(Me)-NHMe",NA,NA,"CC(C)CC(C(=O)NC(C(C)C)C(=O)NC(CC1=CC=C(C=C1)OC)C(=O)NC)NC(=O)C",NA,NA,NA,NA,NA,NA,NA,"InChI=1S/C24H38N4O5/c1-14(2)12-19(26-16(5)29)23(31)28-21(15(3)4)24(32)27-20(22(30)25-6)13-17-8-10-18(33-7)11-9-17/h8-11,14-15,19-21H,12-13H2,1-7H3,(H,25,30)(H,26,29)(H,27,32)(H,28,31)","VNJPVZDNYNTHAV"
"56_871.57_0.5",56,871.57307057985,0.50017726,0.0144219009391259,1.84097749183838,1.24239373491379,0.313122459699737,"Alkaloids","Tryptophan alkaloids","Pyrrole alkaloids",NA,NA,"C=CC1=C(C)C2=NC1=CC1=NC(=Cc3[nH]c4c(c3C)=C(O)C(C(=O)OC)C=4C3=NC(=C2)C(C)C3CCC(=O)OCC=C(C)CCCC(C)CCCC(C)CCCC(C)C)C(CC)=C1C","CCC1=C(C2=NC1=CC3=C(C4=C(C(C(=C5C(C(C(=CC6=NC(=C2)C(=C6C)C=C)N5)C)CCC(=O)OCC=C(C)CCCC(C)CCCC(C)CCCC(C)C)C4=N3)C(=O)OC)O)C)C",NA,NA,NA,NA,"REFBLEJUPUPWLM","InChI=1S/C55H74N4O5/c1-13-39-35(8)42-28-44-37(10)41(24-25-48(60)64-27-26-34(7)23-17-22-33(6)21-16-20-32(5)19-15-18-31(3)4)52(58-44)50-51(55(62)63-12)54(61)49-38(11)45(59-53(49)50)30-47-40(14-2)36(9)43(57-47)29-46(39)56-42/h13,26,28-33,37,41,51,59,61H,1,14-25,27H2,2-12H3","REFBLEJUPUPWLM-UHFFFAOYSA-N","InChI=1S/C55H74N4O5/c1-13-39-35(8)42-28-44-37(10)41(24-25-48(60)64-27-26-34(7)23-17-22-33(6)21-16-20-32(5)19-15-18-31(3)4)52(58-44)50-51(55(62)63-12)54(61)49-38(11)45(59-53(49)50)30-47-40(14-2)36(9)43(57-47)29-46(39)56-42/h13,26,28-33,37,41,51,58,61H,1,14-25,27H2,2-12H3","FDHFJXKRMIVNCQ"
"384_391.12_4.1",384,391.120072968942,4.1498113,0.0149989130767683,1.82394021173533,0.776647906928784,-0.364667393362216,"Amino acids and Peptides","Small peptides","Aminoacids","1,8,11,18-Tetraoxa-4lambda6,15lambda6-dithia-5,14-diazacycloicosane 4,4,15,15-tetraoxide","CNc1nc(C)c(-c2nc(Nc3cc(S(N)(=O)=O)ccc3)ncc2F)s1",NA,"C1COCCOCCNS(=O)(=O)CCOCCOCCS(=O)(=O)N1","InChI=1S/C15H15FN6O2S2/c1-8-13(25-15(18-2)20-8)12-11(16)7-19-14(22-12)21-9-4-3-5-10(6-9)26(17,23)24/h3-7H,1-2H3,(H,18,20)(H2,17,23,24)(H,19,21,22)","GAIOPWBQKZMUNO-UHFFFAOYSA-N","GAIOPWBQKZMUNO-UHFFFAOYSA-N","GAIOPWBQKZMUNO",NA,NA,NA,"InChI=1S/C12H26N2O8S2/c15-23(16)11-9-21-7-8-22-10-12-24(17,18)14-2-4-20-6-5-19-3-1-13-23/h13-14H,1-12H2","UEXZYFFMPLFIAI"
"574_639.38_6.4",574,639.384551029622,6.373376,0.0152466730291115,1.81682491321757,0.811375003711232,-0.301559237225266,"Amino acids and Peptides","Oligopeptides","Linear peptides","15-[(4-hydroxyphenyl)methyl]-12-(3-methylbutan-2-yl)-6-(2-methylpropyl)-9-(propan-2-yl)-icosahydropyrrolo[1,2-a]1,4,7,10,13,16-hexaazacyclooctadecane-1,4,7,10,13,16-hexone",NA,NA,"CC(C)CC1C(=O)NC(C(=O)NC(C(=O)NC(C(=O)N2CCCC2C(=O)NCC(=O)N1)CC3=CC=C(C=C3)O)C(C)C(C)C)C(C)C",NA,NA,NA,NA,NA,NA,NA,"InChI=1S/C34H52N6O7/c1-18(2)15-24-30(43)38-28(20(5)6)32(45)39-29(21(7)19(3)4)33(46)37-25(16-22-10-12-23(41)13-11-22)34(47)40-14-8-9-26(40)31(44)35-17-27(42)36-24/h10-13,18-21,24-26,28-29,41H,8-9,14-17H2,1-7H3,(H,35,44)(H,36,42)(H,37,46)(H,38,43)(H,39,45)","LFELFTJBYYSIJD"
"222_155.12_1.9",222,155.117842261347,1.8672887,0.0157909662440483,1.80159129484165,0.819663528810202,-0.286896288737904,"Fatty acids","Fatty amides","Aminoacids","1-[4-(2-hydroxyethyl)-1-piperazinyl]Ethanone",NA,NA,"CC(=O)N1CCN(CC1)CCO",NA,NA,NA,NA,NA,NA,NA,"InChI=1S/C8H16N2O2/c1-8(12)10-4-2-9(3-5-10)6-7-11/h11H,2-7H2,1H3","MRGOMLFEVPNISR"
"452_166.08_4.9",452,166.079068866774,4.868917,0.0157914374357654,1.80157833598236,0.813083276708355,-0.29852497291746,NA,NA,NA,NA,"C([C@H]([C@H]([C@@H]([C@@H](CO)O)O)O)O)O",NA,NA,"InChI=1S/C6H14O6/c7-1-3(9)5(11)6(12)4(10)2-8/h3-12H,1-2H2/t3-,4-,5-,6-/m1/s1",NA,"FBPFZTCFMRRESA-KVTDHHQDSA-N","FBPFZTCFMRRESA",NA,NA,NA,NA,NA
"567_367.12_6.2",567,367.121099598749,6.21305,0.016857908821223,1.77319629944617,0.817059372547646,-0.291487177632909,"Carbohydrates","Saccharides","Disaccharides","5-{[3,4,5-trihydroxy-6-(hydroxymethyl)oxan-2-yl]oxy}hexane-1,2,3,4,6-pentol",NA,"COc1ccc([C@@H]2COc3cc(O)ccc3[C@H]2O)c(O)c1","C(C1C(C(C(C(O1)OC(CO)C(C(C(CO)O)O)O)O)O)O)O",NA,NA,NA,NA,"YZBBUYKPTHDZHF","InChI=1S/C16H16O5/c1-20-10-3-5-11(14(18)7-10)13-8-21-15-6-9(17)2-4-12(15)16(13)19/h2-7,13,16-19H,8H2,1H3/t13-,16+/m0/s1","YZBBUYKPTHDZHF-XJKSGUPXSA-N","InChI=1S/C12H24O11/c13-1-4(16)7(17)8(18)5(2-14)22-12-11(21)10(20)9(19)6(3-15)23-12/h4-21H,1-3H2","LSRAJKPAPWYOQO"
"577_484.2_6.4",577,484.200400372778,6.432803,0.0171204576290635,1.76648463083172,0.767566450316458,-0.381636440962013,"Carbohydrates","Aminosugars and aminoglycosides","Aminoglycosides",NA,NA,NA,"CC(C(=O)NC(CCC(=O)[O-])C(=O)NCC(CCC(C(=O)O)N)C(=O)NC(C)C(=O)O)N",NA,NA,NA,NA,NA,NA,NA,"InChI=1S/C18H31N5O9/c1-8(19)14(26)23-12(5-6-13(24)25)16(28)21-7-10(3-4-11(20)18(31)32)15(27)22-9(2)17(29)30/h8-12H,3-7,19-20H2,1-2H3,(H,21,28)(H,22,27)(H,23,26)(H,24,25)(H,29,30)(H,31,32)/p-1","CKDFIMYSHASPFZ"
"667_759.27_6.6",667,759.267737580319,6.6413755,0.0175682380010699,1.75527179370022,1.33313290235081,0.414820612388469,"Carbohydrates","Nucleosides","Pyrimidine nucleosides","Streptovirudin A1",NA,NA,"CC(C)CC=CC(=O)NC1C(C(C(OC1OC2C(C(C(C(O2)CO)O)O)NC(=O)C)CC(C3C(C(C(O3)N4CCC(=O)NC4=O)O)O)O)O)O",NA,NA,NA,NA,NA,NA,NA,"InChI=1S/C30H48N4O16/c1-11(2)5-4-6-16(38)32-19-23(43)20(40)14(47-29(19)50-28-18(31-12(3)36)22(42)21(41)15(10-35)48-28)9-13(37)26-24(44)25(45)27(49-26)34-8-7-17(39)33-30(34)46/h4,6,11,13-15,18-29,35,37,40-45H,5,7-10H2,1-3H3,(H,31,36)(H,32,38)(H,33,39,46)","VFVPUOZOQGGMBI"
"302_217.15_3.7",302,217.154772996122,3.714289,0.0210349629376401,1.67705824884749,1.32363858177337,0.404509249439032,"Amino acids and Peptides","Small peptides","Aminoacids","Unii-Q2L6gjl8MX",NA,NA,"C1CCC(CC1)(CC(=O)N)CC(=O)O",NA,NA,NA,NA,NA,NA,NA,"InChI=1S/C10H17NO3/c11-8(12)6-10(7-9(13)14)4-2-1-3-5-10/h1-7H2,(H2,11,12)(H,13,14)","QJGSJXLCJRXTRY"
"153_172.1_0.8",153,172.096785342606,0.82863134,0.021896066482628,1.6596338969555,0.839650028082655,-0.252139966946513,"Polyketides","Cyclic polyketides","2-pyrone derivatives","Musacin D",NA,"COc1cccc(OC)c1O","CC=CC(C1C=CC(=O)O1)O",NA,NA,NA,NA,"KLIDCXVFHGNTTM","InChI=1S/C8H10O3/c1-10-6-4-3-5-7(11-2)8(6)9/h3-5,9H,1-2H3","KLIDCXVFHGNTTM-UHFFFAOYSA-N","InChI=1S/C8H10O3/c1-2-3-6(9)7-4-5-8(10)11-7/h2-7,9H,1H3","SMKPKIFBQCUYGS"
"708_711.25_6.9",708,711.253677345421,6.894291,0.0220815799135267,1.65596985652348,0.799868092132975,-0.322165993032813,"Amino acids and Peptides","Oligopeptides","Cyclic peptides","3-[2,2-diamino-1-(6-{[14,15-dimethoxy-3-({1H,5H-pyrrolo[3,4-b]pyrrol-5-yl}methyl)-8,17-dioxatetracyclo[8.7.0.0²,⁷.0¹¹,¹⁶]heptadeca-2,4,6,11(16),12,14-hexaen-5-yl]oxy}-3,4,5-trihydroxyoxan-2-yl)ethoxy]-3-oxopropanoic acid",NA,NA,"COC1=C(C2=C(C=C1)C3COC4=CC(=CC(=C4C3O2)CN5C=C6C=CNC6=C5)OC7C(C(C(C(O7)C(C(N)N)OC(=O)CC(=O)O)O)O)O)OC",NA,NA,NA,NA,NA,NA,NA,"InChI=1S/C34H38N4O13/c1-45-20-4-3-17-18-13-47-21-8-16(48-34-27(44)25(42)26(43)31(51-34)32(33(35)36)49-23(41)9-22(39)40)7-15(11-38-10-14-5-6-37-19(14)12-38)24(21)28(18)50-29(17)30(20)46-2/h3-8,10,12,18,25-28,31-34,37,42-44H,9,11,13,35-36H2,1-2H3,(H,39,40)","JFNYSUCWSKPXNW"
"557_165.08_6.1",557,165.075790321243,6.0613112,0.02243546746933,1.64906487700074,0.819818351946246,-0.286623809274884,"Fatty acids","Fatty acyls","Fatty alcohols","G-Ol","C([C@H]([C@H]([C@@H]([C@@H](CO)O)O)O)O)O","CC(O)C(O)C(O)C(O)C=O","C(C(C(C(C(CO)O)O)O)O)O","InChI=1S/C6H14O6/c7-1-3(9)5(11)6(12)4(10)2-8/h3-12H,1-2H2/t3-,4-,5-,6-/m1/s1",NA,"FBPFZTCFMRRESA-KVTDHHQDSA-N","FBPFZTCFMRRESA","PNNNRSAQSRJVSB","InChI=1S/C6H12O5/c1-3(8)5(10)6(11)4(9)2-7/h2-6,8-11H,1H3","PNNNRSAQSRJVSB-UHFFFAOYSA-N","InChI=1S/C6H14O6/c7-1-3(9)5(11)6(12)4(10)2-8/h3-12H,1-2H2","FBPFZTCFMRRESA"
"700_605.22_6.9",700,605.220544657533,6.8890276,0.0232909011644877,1.63281370754978,0.816006606378768,-0.293347262603207,"Terpenoids","Monoterpenoids","Secoiridoid monoterpenoids","2-(4-{4-[(4-hydroxy-3,5-dimethoxyphenyl)methyl]-3-(hydroxymethyl)oxolan-2-yl}-2,6-dimethoxyphenoxy)-6-(hydroxymethyl)oxane-3,4,5-triol",NA,"COc1cc([C@H]2c3c(cc(OC)c(O)c3OC)C[C@@H](CO)[C@@H]2CO[C@@H]2O[C@H](CO)[C@@H](O)[C@H](O)[C@H]2O)cc(OC)c1O","COC1=CC(=CC(=C1O)OC)CC2COC(C2CO)C3=CC(=C(C(=C3)OC)OC4C(C(C(C(O4)CO)O)O)O)OC",NA,NA,NA,NA,"PQQRNPDHSJDAGV","InChI=1S/C28H38O13/c1-36-16-7-13(8-17(37-2)22(16)31)20-15(11-40-28-26(35)25(34)23(32)19(10-30)41-28)14(9-29)5-12-6-18(38-3)24(33)27(39-4)21(12)20/h6-8,14-15,19-20,23,25-26,28-35H,5,9-11H2,1-4H3/t14-,15-,19+,20+,23+,25-,26+,28+/m0/s1","PQQRNPDHSJDAGV-HQSXISOASA-N","InChI=1S/C28H38O13/c1-35-17-6-13(7-18(36-2)22(17)31)5-15-12-39-26(16(15)10-29)14-8-19(37-3)27(20(9-14)38-4)41-28-25(34)24(33)23(32)21(11-30)40-28/h6-9,15-16,21,23-26,28-34H,5,10-12H2,1-4H3","OSPNTYPNEPEMIS"
"558_183.09_6.1",558,183.08633311459,6.060606,0.0243372102599143,1.61372920581683,0.825674929865287,-0.276354193845377,"Fatty acids","Fatty acyls","Fatty alcohols","G-Ol","C([C@H]([C@H]([C@@H]([C@H](CO)O)O)O)O)O","OC[C@@H](O)[C@@H](O)[C@H](O)[C@H](O)CO|O=C[C@@H](O)[C@H](O)[C@H](O)CO|O[C@H]1[C@H](O)[C@H](O)OC[C@H]1O","C(C(C(C(C(CO)O)O)O)O)O","InChI=1S/C6H14O6/c7-1-3(9)5(11)6(12)4(10)2-8/h3-12H,1-2H2/t3-,4+,5-,6-/m1/s1",NA,"FBPFZTCFMRRESA-JGWLITMVSA-N","FBPFZTCFMRRESA","FBPFZTCFMRRESA|PYMYPHUHKUWMLA|SRBFZHDQGSBBOR","InChI=1S/C6H14O6/c7-1-3(9)5(11)6(12)4(10)2-8/h3-12H,1-2H2/t3-,4-,5-,6-/m1/s1|InChI=1S/C5H10O5/c6-1-3(8)5(10)4(9)2-7/h1,3-5,7-10H,2H2/t3-,4-,5+/m1/s1|InChI=1S/C5H10O5/c6-2-1-10-5(9)4(8)3(2)7/h2-9H,1H2/t2-,3-,4+,5-/m1/s1","FBPFZTCFMRRESA-KVTDHHQDSA-N|PYMYPHUHKUWMLA-WDCZJNDASA-N|SRBFZHDQGSBBOR-SQOUGZDYSA-N","InChI=1S/C6H14O6/c7-1-3(9)5(11)6(12)4(10)2-8/h3-12H,1-2H2","FBPFZTCFMRRESA"
"450_188.09_4.9",450,188.091705458685,4.8711357,0.0245185623494228,1.61050499834681,0.813249279189388,-0.298230456330277,"Shikimates and Phenylpropanoids","Phenylpropanoids (C6-C3)","Cinnamic acids and derivatives","Dimethyl hexa-2,4-dienedioate",NA,NA,"COC(=O)C=CC=CC(=O)OC",NA,NA,NA,NA,NA,NA,NA,"InChI=1S/C8H10O4/c1-11-7(9)5-3-4-6-8(10)12-2/h3-6H,1-2H3","PXYBXMZVYNWQAM"
"697_627.2_6.9",697,627.20245983262,6.888576,0.0247559878111569,1.60631973980814,0.788007824659341,-0.343718139645835,"Amino acids and Peptides","Oligopeptides","Linear peptides","Mirubactin",NA,"COc1cc([C@H]2c3c(cc(OC)c(O)c3OC)C[C@@H](CO)[C@@H]2CO[C@@H]2O[C@H](CO)[C@@H](O)[C@H](O)[C@H]2O)cc(OC)c1O","C1=CC(=C(C(=C1)O)O)C(=O)NC(CCCN=C(N)N)C(=O)NC(CCCN(C=O)OC(=O)C2=C(C(=CC=C2)O)O)C(=O)O",NA,NA,NA,NA,"PQQRNPDHSJDAGV","InChI=1S/C28H38O13/c1-36-16-7-13(8-17(37-2)22(16)31)20-15(11-40-28-26(35)25(34)23(32)19(10-30)41-28)14(9-29)5-12-6-18(38-3)24(33)27(39-4)21(12)20/h6-8,14-15,19-20,23,25-26,28-35H,5,9-11H2,1-4H3/t14-,15-,19+,20+,23+,25-,26+,28+/m0/s1","PQQRNPDHSJDAGV-HQSXISOASA-N","InChI=1S/C26H32N6O11/c27-26(28)29-11-3-7-16(30-22(38)14-5-1-9-18(34)20(14)36)23(39)31-17(24(40)41)8-4-12-32(13-33)43-25(42)15-6-2-10-19(35)21(15)37/h1-2,5-6,9-10,13,16-17,34-37H,3-4,7-8,11-12H2,(H,30,38)(H,31,39)(H,40,41)(H4,27,28,29)","JANBVBCLMZUUHR"
"546_282.15_5.9",546,282.154697805029,5.891229,0.0249163667537422,1.6035152852006,0.786411212027767,-0.3466442042598,"Fatty acids","Fatty amides","N-acyl amines","5-[Methyl(2,3,4,5-tetrahydroxypentyl)amino]pentane-1,2,3,4-tetrol",NA,NA,"CN(CC(C(C(CO)O)O)O)CC(C(C(CO)O)O)O",NA,NA,NA,NA,NA,NA,NA,"InChI=1S/C11H25NO8/c1-12(2-6(15)10(19)8(17)4-13)3-7(16)11(20)9(18)5-14/h6-11,13-20H,2-5H2,1H3","QTUVKQCMECDRDO"
"287_319.14_3.2",287,319.136346478104,3.208686,0.0251868288064523,1.59882650969747,0.832484063021798,-0.264505441225382,"Fatty acids","Monoterpenoids","N-acyl amines","3-(Diethylsulfamoyl)-3-methylpentane-2-sulfonic acid",NA,NA,"CCC(C)(C(C)S(=O)(=O)O)S(=O)(=O)N(CC)CC",NA,NA,NA,NA,NA,NA,NA,"InChI=1S/C10H23NO5S2/c1-6-10(5,9(4)17(12,13)14)18(15,16)11(7-2)8-3/h9H,6-8H2,1-5H3,(H,12,13,14)","KLNFZQCSAYIPSC"
"445_147.07_4.9",445,147.065228120414,4.870326,0.0256545787173812,1.59083511264839,0.833940029503878,-0.261984454920268,"Carbohydrates","Saccharides","Monosaccharides","2-(1,2-dihydroxyethyl)oxolane-3,4-diol",NA,NA,"C1C(C(C(O1)C(CO)O)O)O",NA,NA,NA,NA,NA,NA,NA,"InChI=1S/C6H12O5/c7-1-3(8)6-5(10)4(9)2-11-6/h3-10H,1-2H2","JNYAEWCLZODPBN"
"446_165.08_4.9",446,165.075812947974,4.8707967,0.0266259760711664,1.57469446263108,0.839105861928371,-0.253075261761407,"Fatty acids","Fatty acyls","Fatty alcohols","G-Ol","C([C@H]([C@H]([C@@H]([C@@H](CO)O)O)O)O)O","CC(O)C(O)C(O)C(O)C=O","C(C(C(C(C(CO)O)O)O)O)O","InChI=1S/C6H14O6/c7-1-3(9)5(11)6(12)4(10)2-8/h3-12H,1-2H2/t3-,4-,5-,6-/m1/s1",NA,"FBPFZTCFMRRESA-KVTDHHQDSA-N","FBPFZTCFMRRESA","PNNNRSAQSRJVSB","InChI=1S/C6H12O5/c1-3(8)5(10)6(11)4(9)2-7/h2-6,8-11H,1H3","PNNNRSAQSRJVSB-UHFFFAOYSA-N","InChI=1S/C6H14O6/c7-1-3(9)5(11)6(12)4(10)2-8/h3-12H,1-2H2","FBPFZTCFMRRESA"
"261_435.17_2.7",261,435.165782271787,2.7197948,0.0276227031927235,1.55873382306956,0.721229143710879,-0.471470399950646,"Carbohydrates","Nucleosides","Purine nucleosides","5-[[9-[3,4-Dihydroxy-5-(hydroxymethyl)oxolan-2-yl]purin-6-yl]amino]pentane-1-sulfonic acid",NA,NA,"C1=NC(=C2C(=N1)N(C=N2)C3C(C(C(O3)CO)O)O)NCCCCCS(=O)(=O)O",NA,NA,NA,NA,NA,NA,NA,"InChI=1S/C15H23N5O7S/c21-6-9-11(22)12(23)15(27-9)20-8-19-10-13(17-7-18-14(10)20)16-4-2-1-3-5-28(24,25)26/h7-9,11-12,15,21-23H,1-6H2,(H,16,17,18)(H,24,25,26)","WOUMMLCAIIQWOQ"
"554_196.06_6",554,196.063783899745,6.0353026,0.0279209781271414,1.55406937158687,0.844415481371922,-0.243975065830722,"Amino acids and Peptides","Small peptides","Aminoacids","N,N-Bis(2-hydroxyethyl)-2-aminoethanesulfonic acid",NA,NA,"C(CO)N(CCO)CCS(=O)(=O)O",NA,NA,NA,NA,NA,NA,NA,"InChI=1S/C6H15NO5S/c8-4-1-7(2-5-9)3-6-13(10,11)12/h8-9H,1-6H2,(H,10,11,12)","AJTVSSFTXWNIRG"
"565_205.07_6.2",565,205.068330540229,6.165857,0.0286150732115998,1.54340513861273,0.800651462475726,-0.320753745871373,NA,NA,NA,NA,NA,NA,NA,NA,NA,NA,NA,NA,NA,NA,NA,NA
"310_247.08_3.8",310,247.078858829489,3.8161004,0.0287154806298242,1.54188391025053,0.82790802554414,-0.272457591005255,"Amino acids and Peptides","Small peptides","Aminoacids","(Benzylsulfonylamino)methyl-trihydroxyboranuide",NA,NA,"[B-](CNS(=O)(=O)CC1=CC=CC=C1)(O)(O)O",NA,NA,NA,NA,NA,NA,NA,"InChI=1S/C8H13BNO5S/c11-9(12,13)7-10-16(14,15)6-8-4-2-1-3-5-8/h1-5,10-13H,6-7H2/q-1","QZYOTSAVZBJVCP"
"687_605.22_6.7",687,605.220353240897,6.745613,0.0320033993967307,1.49480388852913,0.779507534884861,-0.359365126501206,"Amino acids and Peptides","Oligopeptides","Linear peptides","Mirubactin",NA,"COc1cc([C@H]2c3c(cc(OC)c(O)c3OC)C[C@@H](CO)[C@@H]2CO[C@@H]2O[C@H](CO)[C@@H](O)[C@H](O)[C@H]2O)cc(OC)c1O","C1=CC(=C(C(=C1)O)O)C(=O)NC(CCCN=C(N)N)C(=O)NC(CCCN(C=O)OC(=O)C2=C(C(=CC=C2)O)O)C(=O)O",NA,NA,NA,NA,"PQQRNPDHSJDAGV","InChI=1S/C28H38O13/c1-36-16-7-13(8-17(37-2)22(16)31)20-15(11-40-28-26(35)25(34)23(32)19(10-30)41-28)14(9-29)5-12-6-18(38-3)24(33)27(39-4)21(12)20/h6-8,14-15,19-20,23,25-26,28-35H,5,9-11H2,1-4H3/t14-,15-,19+,20+,23+,25-,26+,28+/m0/s1","PQQRNPDHSJDAGV-HQSXISOASA-N","InChI=1S/C26H32N6O11/c27-26(28)29-11-3-7-16(30-22(38)14-5-1-9-18(34)20(14)36)23(39)31-17(24(40)41)8-4-12-32(13-33)43-25(42)15-6-2-10-19(35)21(15)37/h1-2,5-6,9-10,13,16-17,34-37H,3-4,7-8,11-12H2,(H,30,38)(H,31,39)(H,40,41)(H4,27,28,29)","JANBVBCLMZUUHR"
"448_129.05_4.9",448,129.05477878273,4.871246,0.0323391413178074,1.49027151584238,0.840688157881227,-0.250357343763558,"Polyketides","Cyclic polyketides","2-pyrone derivatives","4-methoxy-5,6-dihydro-2H-pyran-2-one",NA,"C=CC(=O)OCC1CO1","COC1=CC(=O)OCC1",NA,NA,NA,NA,"RPQRDASANLAFCM","InChI=1S/C6H8O3/c1-2-6(7)9-4-5-3-8-5/h2,5H,1,3-4H2","RPQRDASANLAFCM-UHFFFAOYSA-N","InChI=1S/C6H8O3/c1-8-5-2-3-9-6(7)4-5/h4H,2-3H2,1H3","MEZHTUKDGVTUCD"
"658_261.09_6.6",658,261.087836288417,6.6234703,0.0325511799152064,1.4874332645036,1.22901677226063,0.297504604150064,NA,NA,NA,NA,"C1CN(CCN1CCO)CCS(=O)(=O)O",NA,NA,"InChI=1S/C8H18N2O4S/c11-7-5-9-1-3-10(4-2-9)6-8-15(12,13)14/h11H,1-8H2,(H,12,13,14)",NA,"JKMHFZQWWAIEOD-UHFFFAOYSA-N","JKMHFZQWWAIEOD",NA,NA,NA,NA,NA
"449_183.09_4.9",449,183.086394402051,4.871246,0.0352610943543988,1.45270421317392,0.844334506386354,-0.24411341930051,"Fatty acids","Fatty acyls","Fatty alcohols","G-Ol","C([C@H]([C@H]([C@@H]([C@H](CO)O)O)O)O)O","OC[C@@H](O)[C@@H](O)[C@H](O)[C@H](O)CO|O=C[C@@H](O)[C@H](O)[C@H](O)CO|O[C@H]1[C@H](O)[C@H](O)OC[C@H]1O","C(C(C(C(C(CO)O)O)O)O)O","InChI=1S/C6H14O6/c7-1-3(9)5(11)6(12)4(10)2-8/h3-12H,1-2H2/t3-,4+,5-,6-/m1/s1",NA,"FBPFZTCFMRRESA-JGWLITMVSA-N","FBPFZTCFMRRESA","FBPFZTCFMRRESA|PYMYPHUHKUWMLA|SRBFZHDQGSBBOR","InChI=1S/C6H14O6/c7-1-3(9)5(11)6(12)4(10)2-8/h3-12H,1-2H2/t3-,4-,5-,6-/m1/s1|InChI=1S/C5H10O5/c6-1-3(8)5(10)4(9)2-7/h1,3-5,7-10H,2H2/t3-,4-,5+/m1/s1|InChI=1S/C5H10O5/c6-2-1-10-5(9)4(8)3(2)7/h2-9H,1H2/t2-,3-,4+,5-/m1/s1","FBPFZTCFMRRESA-KVTDHHQDSA-N|PYMYPHUHKUWMLA-WDCZJNDASA-N|SRBFZHDQGSBBOR-SQOUGZDYSA-N","InChI=1S/C6H14O6/c7-1-3(9)5(11)6(12)4(10)2-8/h3-12H,1-2H2","FBPFZTCFMRRESA"
"163_283.17_0.9",163,283.165034506381,0.9338987,0.0354195698644813,1.45075671718932,0.834543780067776,-0.260940359703413,"Fatty acids","Fatty amides","Pyrrolidine alkaloids","3-[(2-Phenoxyacetyl)-propylamino]propanoic acid",NA,"NCCCCNC(=O)C=Cc1ccc(O)c(O)c1","CCCN(CCC(=O)O)C(=O)COC1=CC=CC=C1",NA,NA,NA,NA,"KTZNZCYTXQYEHT","InChI=1S/C13H18N2O3/c14-7-1-2-8-15-13(18)6-4-10-3-5-11(16)12(17)9-10/h3-6,9,16-17H,1-2,7-8,14H2,(H,15,18)","KTZNZCYTXQYEHT-UHFFFAOYSA-N","InChI=1S/C14H19NO4/c1-2-9-15(10-8-14(17)18)13(16)11-19-12-6-4-3-5-7-12/h3-7H,2,8-11H2,1H3,(H,17,18)","BNFLNPYDTFCCHC"
"704_362.17_6.9",704,362.16654144412,6.894748,0.0367982399691695,1.43417295279271,0.841707714779799,-0.248608754284182,"Carbohydrates","Nucleosides","Purine nucleosides","7-propyl-9-[(2S,3S,4R)-2,3,4,5-tetrahydroxypentyl]-3H-purine-2,6,8-trione",NA,NA,"CCCN1C2=C(NC(=O)NC2=O)N(C1=O)CC(C(C(CO)O)O)O",NA,NA,NA,NA,NA,NA,NA,"InChI=1S/C13H20N4O7/c1-2-3-16-8-10(14-12(23)15-11(8)22)17(13(16)24)4-6(19)9(21)7(20)5-18/h6-7,9,18-21H,2-5H2,1H3,(H2,14,15,22,23)","VJQJDBABJHUNLH"
"623_1271.87_6.5",623,1271.86611495449,6.5358815,0.0377790711267385,1.4227487242726,0.866431320254815,-0.206842699633188,"Terpenoids","Glycerolipids","Triacylglycerols",NA,NA,NA,"CC(C)OCCOC1=C2CC3=CC(=CC4=C3OCCOCCOCCOCCOCCOC5=C(CC6=C(C(=CC(=C6)C(C)(C)C)C4)OCCOC(C)C)C=C(C=C5CC7=C(C(=CC(=C7)C(C)(C)C)CC1=CC(=C2)C(C)(C)C)OCCOC(C)C)C(C)(C)C)C(C)(C)C",NA,NA,NA,NA,NA,NA,NA,"InChI=1S/C80H118O12/c1-53(2)85-32-35-90-73-60-38-56-43-66(76(7,8)9)45-58-40-62-49-69(79(16,17)18)51-64(74(62)91-36-33-86-54(3)4)42-65-52-70(80(19,20)21)50-63(75(65)92-37-34-87-55(5)6)41-59-46-67(77(10,11)12)44-57(39-61(73)48-68(47-60)78(13,14)15)72(59)89-31-29-84-27-25-82-23-22-81-24-26-83-28-30-88-71(56)58/h43-55H,22-42H2,1-21H3","HMFYQQLQZHGNIJ"
"620_1271.53_6.5",620,1271.53271006317,6.5352783,0.0379555560838802,1.42072464137717,0.845304707161325,-0.242456611161438,NA,NA,NA,NA,NA,NA,NA,NA,NA,NA,NA,NA,NA,NA,NA,NA
"441_205.07_4.8",441,205.068365378501,4.846052,0.03892556741668,1.40976504801772,1.22227370983387,0.289567391214721,NA,NA,NA,NA,NA,NA,NA,NA,NA,NA,NA,NA,NA,NA,NA,NA
"662_497.82_6.6",662,497.820050386554,6.6215234,0.03904380811311,1.40844783030211,0.759525590563823,-0.396829520867634,NA,NA,NA,NA,NA,NA,NA,NA,NA,NA,NA,NA,NA,NA,NA,NA
"451_130.06_4.9",451,130.058066526699,4.8707085,0.0392673372783937,1.40596854727828,0.843922873375054,-0.244816938708102,"Fatty acids","Fatty acyls","Aminoacids",NA,NA,"O=C1CC[C@H](C(=O)O)N1","C(CNN(O)O)N",NA,NA,NA,NA,"ODHCTXKNWHHXJC","InChI=1S/C5H7NO3/c7-4-2-1-3(6-4)5(8)9/h3H,1-2H2,(H,6,7)(H,8,9)/t3-/m1/s1","ODHCTXKNWHHXJC-GSVOUGTGSA-N","InChI=1S/C2H9N3O2/c3-1-2-4-5(6)7/h4,6-7H,1-3H2","XHDURHWGKRQRTL"
"702_367.12_6.9",702,367.121277322505,6.894228,0.0395044440496082,1.40335404569863,0.851176287012477,-0.232470135643698,NA,NA,NA,NA,NA,"COc1ccc([C@@H]2COc3cc(O)ccc3[C@H]2O)c(O)c1",NA,NA,NA,NA,NA,"YZBBUYKPTHDZHF","InChI=1S/C16H16O5/c1-20-10-3-5-11(14(18)7-10)13-8-21-15-6-9(17)2-4-12(15)16(13)19/h2-7,13,16-19H,8H2,1H3/t13-,16+/m0/s1","YZBBUYKPTHDZHF-XJKSGUPXSA-N",NA,NA
"64_398.24_0.5",64,398.240787772206,0.52360016,0.0410567333816323,1.38661560759006,0.834801069543392,-0.260495646014004,"Alkaloids","Anthranilic acid alkaloids","Benzodiazepine alkaloids",NA,NA,NA,"C1CN(CC2C1CC(=O)N(CC2)CCN3CCNC3=O)C(=O)CCC(=O)O",NA,NA,NA,NA,NA,NA,NA,"InChI=1S/C18H28N4O5/c23-15(1-2-17(25)26)22-7-3-13-11-16(24)20(6-4-14(13)12-22)9-10-21-8-5-19-18(21)27/h13-14H,1-12H2,(H,19,27)(H,25,26)","NQBHATLNWYGZFR"
"707_183.09_6.9",707,183.086364287374,6.8952804,0.0423444370785538,1.37320363621345,0.843114431513293,-0.246199640976404,"Fatty acids","Fatty acyls","Fatty alcohols","G-Ol","C([C@H]([C@H]([C@@H]([C@@H](CO)O)O)O)O)O","OC[C@@H](O)[C@@H](O)[C@H](O)[C@H](O)CO|O=C[C@@H](O)[C@H](O)[C@H](O)CO|O[C@H]1[C@H](O)[C@H](O)OC[C@H]1O","C(C(C(C(C(CO)O)O)O)O)O","InChI=1S/C6H14O6/c7-1-3(9)5(11)6(12)4(10)2-8/h3-12H,1-2H2/t3-,4-,5-,6-/m1/s1",NA,"FBPFZTCFMRRESA-KVTDHHQDSA-N","FBPFZTCFMRRESA","FBPFZTCFMRRESA|PYMYPHUHKUWMLA|SRBFZHDQGSBBOR","InChI=1S/C6H14O6/c7-1-3(9)5(11)6(12)4(10)2-8/h3-12H,1-2H2/t3-,4-,5-,6-/m1/s1|InChI=1S/C5H10O5/c6-1-3(8)5(10)4(9)2-7/h1,3-5,7-10H,2H2/t3-,4-,5+/m1/s1|InChI=1S/C5H10O5/c6-2-1-10-5(9)4(8)3(2)7/h2-9H,1H2/t2-,3-,4+,5-/m1/s1","FBPFZTCFMRRESA-KVTDHHQDSA-N|PYMYPHUHKUWMLA-WDCZJNDASA-N|SRBFZHDQGSBBOR-SQOUGZDYSA-N","InChI=1S/C6H14O6/c7-1-3(9)5(11)6(12)4(10)2-8/h3-12H,1-2H2","FBPFZTCFMRRESA"
"126_764.53_0.6",126,764.530952392489,0.6290576,0.0426991392652898,1.36958087945045,1.21920446611784,0.285940092748875,NA,NA,NA,NA,NA,NA,NA,NA,NA,NA,NA,NA,NA,NA,NA,NA
"447_200.11_4.9",447,200.112966573059,4.8707967,0.044507904117133,1.35156285621838,0.846332561861737,-0.240703420818944,"Fatty acids","Fatty acyls","Fatty alcohols","G-Ol","OC[C@@H](O)[C@@H](O)[C@H](O)[C@H](O)CO",NA,"C(C(C(C(C(CO)O)O)O)O)O","\"\"InChI=1S/C6H14O6/c7-1-3(9)5(11)6(12)4(10)2-8/h3-12H,1-2H2/t3-,4-,5-,6-/m1/s1\"\"",NA,"FBPFZTCFMRRESA-KVTDHHQDSA-N","FBPFZTCFMRRESA",NA,NA,NA,"InChI=1S/C6H14O6/c7-1-3(9)5(11)6(12)4(10)2-8/h3-12H,1-2H2","FBPFZTCFMRRESA"
"592_499.19_6.5",592,499.186386614698,6.490257,0.0446576249371133,1.35010437808801,1.23266672513124,0.301782792447036,"Alkaloids","Tyrosine alkaloids","Isoquinoline alkaloids","2-(2-{2,5-dimethyl-7-oxo-3-phenyl-7H-furo[3,2-g]chromen-6-yl}acetamido)-2-phenylacetic acid",NA,NA,"CC1=C(C(=O)OC2=CC3=C(C=C12)C(=C(O3)C)C4=CC=CC=C4)CC(=O)NC(C5=CC=CC=C5)C(=O)O",NA,NA,NA,NA,NA,NA,NA,"InChI=1S/C29H23NO6/c1-16-20-13-22-24(35-17(2)26(22)18-9-5-3-6-10-18)15-23(20)36-29(34)21(16)14-25(31)30-27(28(32)33)19-11-7-4-8-12-19/h3-13,15,27H,14H2,1-2H3,(H,30,31)(H,32,33)","FDPKNDPIJLVNRD"
"576_183.09_6.4",576,183.086319846457,6.4302573,0.0447942718187037,1.3487775189613,0.838544336954295,-0.254041028434612,"Fatty acids","Fatty acyls","Fatty alcohols","G-Ol","C([C@H]([C@H]([C@@H]([C@H](CO)O)O)O)O)O","OC[C@@H](O)[C@@H](O)[C@H](O)[C@H](O)CO|O=C[C@@H](O)[C@H](O)[C@H](O)CO|O[C@H]1[C@H](O)[C@H](O)OC[C@H]1O","C(C(C(C(C(CO)O)O)O)O)O","InChI=1S/C6H14O6/c7-1-3(9)5(11)6(12)4(10)2-8/h3-12H,1-2H2/t3-,4+,5-,6-/m1/s1",NA,"FBPFZTCFMRRESA-JGWLITMVSA-N","FBPFZTCFMRRESA","FBPFZTCFMRRESA|PYMYPHUHKUWMLA|SRBFZHDQGSBBOR","InChI=1S/C6H14O6/c7-1-3(9)5(11)6(12)4(10)2-8/h3-12H,1-2H2/t3-,4-,5-,6-/m1/s1|InChI=1S/C5H10O5/c6-1-3(8)5(10)4(9)2-7/h1,3-5,7-10H,2H2/t3-,4-,5+/m1/s1|InChI=1S/C5H10O5/c6-2-1-10-5(9)4(8)3(2)7/h2-9H,1H2/t2-,3-,4+,5-/m1/s1","FBPFZTCFMRRESA-KVTDHHQDSA-N|PYMYPHUHKUWMLA-WDCZJNDASA-N|SRBFZHDQGSBBOR-SQOUGZDYSA-N","InChI=1S/C6H14O6/c7-1-3(9)5(11)6(12)4(10)2-8/h3-12H,1-2H2","FBPFZTCFMRRESA"
"311_267.1_3.8",311,267.100936171813,3.8311844,0.0452974758550137,1.34392599782782,0.844803048703953,-0.243313053820094,"Fatty acids","Fatty amides","N-acyl amines","3-[(2-carboxy-2-acetamidoethyl)sulfanyl]-2-methylpropanoic acid",NA,NA,"CC(CSCC(C(=O)O)NC(=O)C)C(=O)O",NA,NA,NA,NA,"PUHPUKQMXOCIJV","nan","nan","InChI=1S/C9H15NO5S/c1-5(8(12)13)3-16-4-7(9(14)15)10-6(2)11/h5,7H,3-4H2,1-2H3,(H,10,11)(H,12,13)(H,14,15)","NCVHUCCOTCVUCB"
"401_1054.72_4.2",401,1054.71775565825,4.183921,0.0470718167218615,1.32723903991193,1.15799175021663,0.211624975292647,"Amino acids and Peptides","Oligopeptides","Lipopeptides","H-Lys-Leu-Leu-Glu-Pro-Val-Leu-Leu-Leu-OH",NA,NA,"CC(C)CC(C(=O)NC(CC(C)C)C(=O)NC(CCC(=O)O)C(=O)N1CCCC1C(=O)NC(C(C)C)C(=O)NC(CC(C)C)C(=O)NC(CC(C)C)C(=O)NC(CC(C)C)C(=O)O)NC(=O)C(CCCCN)N",NA,NA,NA,NA,NA,NA,NA,"InChI=1S/C51H92N10O12/c1-27(2)22-35(55-43(64)33(53)16-13-14-20-52)45(66)56-36(23-28(3)4)44(65)54-34(18-19-41(62)63)50(71)61-21-15-17-40(61)48(69)60-42(32(11)12)49(70)58-38(25-30(7)8)46(67)57-37(24-29(5)6)47(68)59-39(51(72)73)26-31(9)10/h27-40,42H,13-26,52-53H2,1-12H3,(H,54,65)(H,55,64)(H,56,66)(H,57,67)(H,58,70)(H,59,68)(H,60,69)(H,62,63)(H,72,73)","QDULYVSUVVQINY"
"221_954.62_1.8",221,954.615005850797,1.8498733,0.0475942239075948,1.32244575058352,1.22566415897548,0.293563724089833,"Fatty acids","Glycerolipids","Glycosyldiacylglycerols","[2-[[2-[(3-amino-3-methylbutanoyl)oxymethyl]-2-[[(E)-3-(aziridin-1-yl)but-2-enoyl]oxymethyl]-3-[3-(aziridin-1-yl)-3-methylbutanoyl]oxypropoxy]methyl]-3-[3-(aziridin-1-yl)-3-methylbutanoyl]oxy-2-[[3-(aziridin-1-yl)-3-methylbutanoyl]oxymethyl]propyl] 3-amino-3-methylbutanoate",NA,"CC/C=C\C/C=C\C/C=C\CCCCCCCC(=O)OC[C@H](CO[C@@H]1O[C@H](CO[C@H]2O[C@H](CO)[C@H](O)[C@H](O)[C@H]2O)[C@H](O)[C@H](O)[C@H]1O)OC(=O)CCCCCCC/C=C\C/C=C\C/C=C\CC","CC(=CC(=O)OCC(COCC(COC(=O)CC(C)(C)N)(COC(=O)CC(C)(C)N1CC1)COC(=O)CC(C)(C)N2CC2)(COC(=O)CC(C)(C)N)COC(=O)CC(C)(C)N3CC3)N4CC4",NA,NA,NA,NA,"KDYAPQVYJXUQNY","InChI=1S/C51H84O15/c1-3-5-7-9-11-13-15-17-19-21-23-25-27-29-31-33-42(53)61-36-39(64-43(54)34-32-30-28-26-24-22-20-18-16-14-12-10-8-6-4-2)37-62-50-49(60)47(58)45(56)41(66-50)38-63-51-48(59)46(57)44(55)40(35-52)65-51/h5-8,11-14,17-20,39-41,44-52,55-60H,3-4,9-10,15-16,21-38H2,1-2H3/b7-5-,8-6-,13-11-,14-12-,19-17-,20-18-/t39-,40-,41-,44+,45+,46+,47+,48-,49-,50-,51+/m1/s1","KDYAPQVYJXUQNY-OPHDRXFHSA-N","InChI=1S/C47H80N6O13/c1-34(50-12-13-50)20-35(54)61-28-46(29-62-36(55)21-41(2,3)48,31-64-38(57)23-43(6,7)51-14-15-51)26-60-27-47(30-63-37(56)22-42(4,5)49,32-65-39(58)24-44(8,9)52-16-17-52)33-66-40(59)25-45(10,11)53-18-19-53/h20H,12-19,21-33,48-49H2,1-11H3","WTIBHCJUTADODS"
"703_383.1_6.9",703,383.095028348714,6.894228,0.0480556740468384,1.31825532679359,0.862823242560983,-0.212863054833333,"Carbohydrates","Saccharides","Disaccharides","5-{[3,4,5-trihydroxy-6-(hydroxymethyl)oxan-2-yl]oxy}hexane-1,2,3,4,6-pentol",NA,NA,"C(C1C(C(C(C(O1)OC(CO)C(C(C(CO)O)O)O)O)O)O)O",NA,NA,NA,NA,NA,NA,NA,"InChI=1S/C12H24O11/c13-1-4(16)7(17)8(18)5(2-14)22-12-11(21)10(20)9(19)6(3-15)23-12/h4-21H,1-3H2","LSRAJKPAPWYOQO"
