"feature_id"	"feature"	"VIP"	"LV1"	"LV2"
56	"NA_[56_871.57_0.5]"	2.16192840521165	-0.0369997896407874	-0.153921872673121
667	"NA_[667_759.27_6.6]"	2.01340001201032	-0.0151610376645441	-0.151847515047177
656	"NA_[656_997.37_6.6]"	1.94914370482088	-0.0266689184921153	-0.151568980696648
657	"Muraglitazar_[657_499.19_6.6]"	1.93345461792317	-0.0299899568138346	-0.127360795053613
655	"NA_[655_533.12_6.6]"	1.90533368568584	-0.034747315214224	-0.132715829266073
643	"NA_[643_1083.94_6.6]"	1.86403115780022	-0.0590982943467281	-0.114119467128324
422	"NA_[422_491.31_4.5]"	1.85188133780112	-0.0690007017923041	-0.115021119081923
679	"NA_[679_781.25_6.7]"	1.83191306367425	-0.0144015125427214	-0.13436508288402
221	"NA_[221_954.62_1.8]"	1.82693063544567	-0.0244229935778794	-0.13909321257337
111	"NA_[111_172.13_0.6]"	1.82026179286523	-0.0287929072016925	-0.136334845329935
401	"NA_[401_1054.72_4.2]"	1.80638913743842	-0.0415661560616471	-0.121880223023939
595	"NA_[595_975.38_6.5]"	1.74037796377425	-0.0237795273167931	-0.13064628394388
126	"NA_[126_764.53_0.6]"	1.73559056299834	-0.0267148231138495	-0.127005665565854
421	"N-(D-ribulosyl)-cadaverine(2+)_[421_273.12_4.5]"	1.71647382208921	-0.0617145980562322	-0.121445043933995
389	"NA_[389_1171.8_4.2]"	1.7002423951389	-0.0376287265659327	-0.117751626833791
675	"NA_[675_521.17_6.7]"	1.68581450359757	-0.022543437910303	-0.124386938670856
654	"NA_[654_531.12_6.6]"	1.65612989192548	-0.0405735560661335	-0.109565725679281
441	"NA_[441_205.07_4.8]"	1.58578334802683	-0.0299110958271012	-0.132813883878158
674	"NA_[674_627.2_6.7]"	1.55805998352978	-0.0320895667069233	-0.126537186443895
658	"NA_[658_261.09_6.6]"	1.55786071054726	-0.0202678073357772	-0.113398405444336
676	"NA_[676_283.07_6.7]"	1.5499414823852	-0.0294494425299564	-0.107494669273846
642	"NA_[642_1202.49_6.6]"	1.54877572865713	-0.0545647688553246	-0.0863278342631979
400	"NA_[400_1113.76_4.2]"	1.53808659860588	-0.029077502999843	-0.098088966746097
646	"NA_[646_975.38_6.6]"	1.53757019568213	-0.0409644778423163	-0.122307007816745
432	"N-(D-ribulosyl)-cadaverine(2+)_[432_273.12_4.6]"	1.53449315329077	-0.0670101785957195	-0.10652948873748
592	"NA_[592_499.19_6.5]"	1.53396590411613	-0.0216592472474869	-0.119872071804695
122	"PC(P-18:1(9Z)/P-18:1(9Z))_[122_792.56_0.6]"	1.52752255844564	-0.0338873580974793	-0.119706766225129
399	"NA_[399_703.48_4.2]"	1.52455627605696	-0.0529137627078626	-0.101301739050847
394	"NA_[394_996.18_4.2]"	1.51593210409867	-0.0384822739440922	-0.0992846301803731
398	"NA_[398_996.68_4.2]"	1.49503601373576	-0.035771986830305	-0.0991258257060689
370	"NA_[370_1249.77_4.1]"	1.47296149239168	-0.0553354433732101	-0.0976471982636642
474	"NA_[474_156.04_5]"	1.46790004211591	-0.0711363463001647	-0.0821100431522356
393	"NA_[393_820.56_4.2]"	1.4508465607853	-0.0395992870281251	-0.101539293075621
715	"NA_[715_365.11_7]"	1.44850753171776	-0.0519705737180598	0.0905045645371086
588	"NA_[588_277.06_6.5]"	1.4319071777676	-0.0426972635742792	-0.0969923886194591
644	"Aeruginopeptin 228-A_[644_1083.44_6.6]"	1.42103353097559	-0.0633592406878259	-0.0874352941240286
256	"N-[(2S,4aR,12aR)-2-[2-(cyclopropylmethylamino)-2-oxoethyl]-5-methyl-6-oxo-2,3,4,4a,12,12a-hexahydropyrano[2,3-c][1,5]benzoxazocin-8-yl]butanamide_[256_461.28_2.6]"	1.41838918408348	-0.0425410452849888	0.0803971829637889
575	"Pro-Thr-Asn_[575_353.14_6.4]"	1.40318776623373	-0.0445495063234304	0.0855820248986135
273	"Glidobactin D_[273_519.32_2.9]"	1.40288711264351	-0.0609304401681365	0.0793979372613285
681	"Mirubactin_[681_627.2_6.7]"	1.4027725806661	-0.0271100748370848	-0.116248272786738
641	"NA_[641_1202.99_6.6]"	1.39376264361907	-0.0499680271069553	-0.0962668498930542
640	"NA_[640_1203.49_6.6]"	1.39208606059611	-0.0506921550982441	-0.0751682284539129
216	"lauramidopropyl betaine_[216_343.3_1.8]"	1.39172216147716	-0.0254602789472623	0.0669721142703921
429	"N-(D-ribulosyl)-cadaverine(2+)_[429_273.12_4.6]"	1.38230368003259	-0.0726381381268815	-0.0865755084350545
395	"NA_[395_937.64_4.2]"	1.37525473487207	-0.0443726880338642	-0.0858690036989769
583	"NA_[583_489.82_6.5]"	1.3636187604983	-0.0312281963678817	0.0762451356814243
408	"NA_[408_1230.84_4.2]"	1.35889901352836	-0.0472575381365314	-0.0782930333759594
524	"NA_[524_534.37_5.4]"	1.35836400040069	-0.045927522856483	0.0775684808520749
244	"Proacaciberin_[244_374.14_2.2]"	1.34588739139404	-0.0386092364167216	-0.0719836581120903
683	"NA_[683_750.45_6.7]"	1.3280201723936	-0.0534817395663232	0.088035807079973
328	"NA_[328_257.15_4]"	1.32778882567643	-0.0587144733682352	-0.0637808606900612
258	"NA_[258_269.11_2.7]"	1.2950712396474	-0.0364700630394475	0.0535741392753726
660	"2,3-Bis(p-methoxyphenyl)acrylonitrile_[660_283.14_6.6]"	1.29136187842721	-0.0478797761907684	-0.0801690346052742
577	"NA_[577_484.2_6.4]"	1.27461503798461	-0.0550160176197466	0.0801017587234271
560	"NA_[560_294.15_6.1]"	1.27287498840643	-0.0326754141394513	-0.0463419195505024
735	"NA_[735_529.17_7.8]"	1.2695654037531	-0.0656498092060977	0.0560178314247798
405	"NA_[405_1172.3_4.2]"	1.2654124633422	-0.058485300969387	-0.0609754941391902
373	"NA_[373_121.09_4.1]"	1.26151855513242	-0.0679997785868661	-0.0532715533494483
670	"NA_[670_277.06_6.7]"	1.25620998428506	-0.0466673661409232	-0.0822362060900201
673	"NA_[673_545.36_6.6]"	1.24903911586353	-0.0437890040528005	0.0710865176462822
521	"NA_[521_293.06_5.4]"	1.24319235783233	-0.0323385303395976	0.05115255456675
407	"NA_[407_1113.26_4.2]"	1.24308302703801	-0.0363953197093988	-0.0636202181295339
267	"N-[(4S,7S,8S)-8-methoxy-4,7,10-trimethyl-5-[4-oxanyl(oxo)methyl]-11-oxo-2-oxa-5,10-diazabicyclo[10.4.0]hexadeca-1(12),13,15-trien-14-yl]cyclopropanecarboxamide_[267_519.32_2.7]"	1.24035531300829	-0.0615596435802137	0.0665367150844209
438	"NA_[438_211.05_4.8]"	1.22890816654281	-0.0270388024976515	-0.10596175710225
648	"NA_[648_769.22_6.6]"	1.22147323048959	-0.0361047915249545	-0.112685378047394
520	"NA_[520_322.15_5.3]"	1.21386207249615	-0.0650238612932399	0.0483474575226667
260	"adenosine_[260_268.1_2.7]"	1.21320839969559	-0.0431013230699382	0.0493818314362051
590	"2-[4-(2-hydroxyethyl)piperazin-1-yl]ethanesulfonic acid_[590_261.09_6.5]"	1.20283121007966	-0.021769456000635	-0.0983519348342186
663	"NA_[663_345.14_6.6]"	1.18887054428754	-0.0579209023456773	0.0613581012863181
470	"NA_[470_259_5]"	1.18735232503132	-0.0465915303811819	0.0547654304110173
435	"glycine betaine_[435_140.07_4.8]"	1.18220745604805	-0.0366850643251233	-0.0943411651723747
239	"NA_[239_394.23_2.2]"	1.17988568454924	-0.067483760437166	0.0488155596633569
529	"NA_[529_528.32_5.7]"	1.1750168452889	-0.0617574753175613	0.0622437106611525
385	"2-[bis(2-hydroxyethyl)amino]ethanesulfonic acid_[385_196.06_4.2]"	1.17164433346431	-0.0404995079867561	0.0427882936193209
523	"NA_[523_433.22_5.4]"	1.17103760500256	-0.0554101999758397	0.0602454002183979
388	"NA_[388_586.4_4.1]"	1.17024765873106	-0.0561577611224245	-0.0722698462407384
651	"dienestrol_[651_284.16_6.6]"	1.16789503396742	-0.0462829877959447	-0.0776968045215189
226	"NA_[226_408.25_1.9]"	1.1579660373321	-0.0609246076754044	0.0524102880333313
565	"NA_[565_205.07_6.2]"	1.15446917714443	-0.0538435071123732	0.0543886310567959
546	"NA_[546_282.15_5.9]"	1.15269854326599	-0.0535256506968397	0.0630637862937844
376	"2-[bis(2-hydroxyethyl)amino]ethanesulfonic acid_[376_236.06_4.1]"	1.14794003490873	-0.037990625027304	-0.050468440528178
708	"NA_[708_711.25_6.9]"	1.14675112562593	-0.0527686750190926	0.0670768809413692
650	"NA_[650_737.29_6.6]"	1.146084266074	-0.0365611138627113	-0.0718512965461885
308	"NA_[308_638.35_3.8]"	1.13936283608026	-0.0566810255963146	0.0706915822892733
722	"NA_[722_531.34_7.2]"	1.1357220177992	-0.0330455860388183	0.085127388358252
402	"NA_[402_1406.96_4.2]"	1.12330217803511	-0.0373261273811849	-0.0537724099734056
290	"NA_[290_377.25_3.3]"	1.11264844823451	-0.0654917324812004	0.0467006092579534
534	"Cyclo-(isoleucyl-prolyl-leucyl-alanyl)_[534_417.25_5.7]"	1.10793245687632	-0.0609969509739719	0.0510868359750595
593	"NA_[593_737.29_6.5]"	1.09983538683464	-0.0360457064980708	-0.103739821648835
706	"2-O-(alpha-D-Manp)-D-Man-OH_[706_345.14_6.9]"	1.09854369892155	-0.0654404551673337	0.0518258595104669
228	"Collacyclumin B_[228_285.18_2]"	1.09432472134359	-0.0582283810658755	0.0483593014442764
299	"NA_[299_201.16_3.5]"	1.09366052042929	-0.0605687373125117	0.0571467660886512
261	"NA_[261_435.17_2.7]"	1.09111424752531	-0.0189758420672192	0.048527651988467
691	"NA_[691_367.12_6.8]"	1.08941407321885	-0.0612079436719261	0.0462606420281583
587	"NA_[587_531.12_6.5]"	1.08859588602791	-0.0274594490408256	-0.0973145756366109
417	"2-[bis(2-hydroxyethyl)amino]ethanesulfonic acid_[417_236.06_4.3]"	1.08700355960775	-0.0193809652436427	-0.0352154842253559
281	"NA_[281_505.3_3.1]"	1.0863529111238	-0.0626644070542038	0.050057853696679
305	"NA_[305_377.25_3.8]"	1.08355101067594	-0.0638664123451154	0.044231280999607
574	"NA_[574_639.38_6.4]"	1.08159340507761	-0.0634581442561576	0.0512163973192637
306	"NA_[306_616.37_3.8]"	1.07987165123395	-0.0670791297847575	0.0398600325180623
664	"D-altritol_[664_183.09_6.6]"	1.07462087457616	-0.0587690845187821	0.0516795490994132
567	"2-O-(alpha-D-Manp)-D-Man-OH_[567_367.12_6.2]"	1.07237913619186	-0.0653420919919	0.0479212408213562
384	"NA_[384_391.12_4.1]"	1.06974205637531	-0.0442186054586473	0.0429781664668367
222	"NA_[222_155.12_1.9]"	1.06937516361211	-0.066870230706806	0.0430292980557854
538	"NA_[538_205.07_5.8]"	1.06843573298769	-0.0638989396352285	0.0372684833240868
698	"NA_[698_545.36_6.9]"	1.06774235658695	-0.0428706972961705	0.0845763165434395
695	"sucrose_[695_365.11_6.9]"	1.0663145740981	-0.0603904053826017	0.0451384783027352
287	"NA_[287_319.14_3.2]"	1.06460034777251	-0.0664525043902754	0.042347454853209
217	"NA_[217_408.25_1.9]"	1.06295073589668	-0.0618773806350641	0.0467009394485648
556	"NA_[556_147.07_6.1]"	1.06105067492409	-0.0194652260160114	0.0546706948321351
528	"N-[6-[[(cyclohexylideneamino)oxy-oxomethyl]amino]hexyl]carbamic acid (cyclohexylideneamino) ester_[528_417.25_5.6]"	1.05988467912067	-0.0601213988351769	0.0451480066238568
279	"NA_[279_527.28_3.1]"	1.05857174359098	-0.0582567605849567	0.0556429850815947
380	"NA_[380_313.14_4.1]"	1.05737501422842	-0.0400001873148389	0.0461876642479267
246	"NA_[246_352.22_2.3]"	1.05353479679388	-0.0572248479036257	0.0531540047296006
594	"dienestrol_[594_284.16_6.5]"	1.05306669012655	-0.0636559713538764	-0.0563853013664288
511	"NA_[511_196.06_5.1]"	1.05161477860457	-0.0614570670916653	0.042817424755262
183	"NA_[183_305.15_1.2]"	1.05063694374135	-0.0645302125044065	0.0313609874224742
310	"NA_[310_247.08_3.8]"	1.0445348969824	-0.0637610966833364	0.0433905472244326
257	"NA_[257_266.19_2.7]"	1.04018717156374	-0.0647907757570415	0.0464084722102894
230	"NA_[230_394.23_2.1]"	1.03710621387962	-0.0652423335655545	0.0461938941554808
136	"pentaethylene glycol_[136_239.15_0.7]"	1.03684059855704	-0.0330447084485023	-0.0504716944690404
288	"NA_[288_463.29_3.2]"	1.03264550490214	-0.0597855312915313	0.0471436557356265
510	"NA_[510_275.12_5.1]"	1.02593444604574	-0.0602289596435275	-0.0409057291325126
557	"D-altritol_[557_165.08_6.1]"	1.02331523032004	-0.0564922782262794	0.0482559833275257
707	"D-altritol_[707_183.09_6.9]"	1.01341034655766	-0.0626842387625321	0.0429453040036044
327	"NA_[327_491.31_4]"	1.01264810050705	-0.0621536412159694	-0.0743709432500327
704	"NA_[704_362.17_6.9]"	1.00129087629429	-0.0627240731904621	0.041853168805631
440	"NA_[440_293.1_4.8]"	0.993309734925947	-0.035631298156969	-0.0690387345112877
210	"NA_[210_394.23_1.6]"	0.993036238120209	-0.0642181103746187	0.0401684641129285
713	"2-O-(alpha-D-Manp)-D-Man-OH_[713_383.1_6.9]"	0.992175053301675	-0.0463777940134886	-0.0359419980748873
535	"N-(D-ribulosyl)-cadaverine(2+)_[535_257.15_5.8]"	0.991338703187187	-0.0670231301870825	-0.0264860993248078
558	"D-altritol_[558_183.09_6.1]"	0.990625017339374	-0.0548303047384076	0.0449621628442807
284	"NA_[284_463.29_3.2]"	0.989961330202776	-0.0607681891447725	0.0508991185981526
702	"NA_[702_367.12_6.9]"	0.987774560086863	-0.0666905823828153	0.0327991601389565
302	"NA_[302_217.15_3.7]"	0.985873776280071	-0.0194338307931194	-0.0529812628078988
725	"1-(D-glucopyranosyloxy)-3-hydroxypropan-2-yl D-galactopyranoside_[725_439.14_7.2]"	0.984363731227682	-0.0242077035870248	0.0403466544220734
326	"NA_[326_234.28_4.1]"	0.983492491245455	-0.0152350259603851	-0.0745261011901009
672	"NA_[672_367.12_6.7]"	0.973263004326126	-0.0395135334799504	-0.0858253852292905
666	"NA_[666_605.22_6.6]"	0.972950699989716	-0.0545385772276833	0.0371925612371418
362	"NA_[362_1406.46_4.1]"	0.969777871839531	-0.0638667832643834	-0.0195667333914324
337	"NA_[337_1524.04_4.1]"	0.96723021087651	-0.0695721887765416	-0.00602048268769805
427	"NA_[427_491.31_4.6]"	0.966747715199741	-0.0330878728825916	-0.0362324090059602
554	"2-[bis(2-hydroxyethyl)amino]ethanesulfonic acid_[554_196.06_6]"	0.966312395829825	-0.056419795719407	0.0351951296337068
568	"glycine betaine_[568_140.07_6.2]"	0.963809123889743	-0.0678980436505843	0.0257297570214752
504	"NA_[504_156.03_5]"	0.963473403832604	-0.0581054670839035	-0.0322939299253619
153	"Musacin D_[153_172.1_0.8]"	0.956280184634181	-0.0577938371959625	0.0312986528006125
541	"NA_[541_566.89_5.8]"	0.955627371971379	-0.0637460216389637	0.0322898072743188
185	"NA_[185_283.17_1.2]"	0.95364556109198	-0.0588657883435488	0.0362792829262285
581	"NA_[581_365.11_6.5]"	0.950815056685179	-0.0554523981926165	-0.0309035781060517
671	"NA_[671_378.17_6.6]"	0.949721329902971	-0.0687783333392983	-0.0109947979278942
545	"NA_[545_158.96_5.8]"	0.945098145742091	-0.0610415224393434	0.0316756948523481
431	"NA_[431_374.23_4.6]"	0.94296877039306	-0.0676955875079113	-0.0169217037053464
542	"NA_[542_362.93_5.8]"	0.942449198148509	-0.0633974924860556	0.0350585287439725
433	"NA_[433_491.31_4.6]"	0.940711068762172	-0.0651695709755558	-0.0330975351253877
550	"N-(D-ribulosyl)-cadaverine(2+)_[550_235.17_6]"	0.934203520011765	-0.0242470592257173	0.0279649450806008
148	"3-(5-Methyl-2-furyl)prop-2-enal_[148_154.09_0.8]"	0.934197519479553	-0.0614260734926948	0.0321301913295494
439	"NA_[439_202.06_4.8]"	0.93281173650126	-0.0340055127194557	-0.0656707734008718
555	"NA_[555_129.05_6.1]"	0.931328208464827	-0.0376301538498615	0.0616052145316677
469	"NA_[469_305_5]"	0.926000848612382	-0.0390833213145797	0.0397629850538828
409	"NA_[409_1405.95_4.2]"	0.925398966607199	-0.0408761560085114	-0.0443223572500177
703	"2-O-(alpha-D-Manp)-D-Man-OH_[703_383.1_6.9]"	0.923566191333662	-0.064356365940919	0.0271064289960654
645	"NA_[645_1084.44_6.6]"	0.921452601748398	-0.0450960238021269	-0.0784819135760772
700	"NA_[700_605.22_6.9]"	0.920683417624523	-0.0560310863626474	0.0534605187143106
403	"NA_[403_1230.34_4.2]"	0.91992273116538	-0.0387141407158525	-0.0525185755710031
301	"4-hydroxystyrene_[301_121.06_3.7]"	0.919494600817701	-0.0441907950584977	-0.0431558794568229
364	"NA_[364_238.17_4.1]"	0.91662640505639	-0.0632907984342756	-0.0313127015109996
447	"D-altritol_[447_200.11_4.9]"	0.913427421791825	-0.0539218485760543	0.0312737792988745
479	"NA_[479_546.73_5]"	0.911019756823371	-0.0651330062866328	0.0171950937143917
690	"D-altritol_[690_183.09_6.8]"	0.907598724159383	-0.0472214928647576	0.0432484344333674
452	"NA_[452_166.08_4.9]"	0.903806793813886	-0.0543656700481305	0.0376562102856983
481	"NA_[481_374.81_5]"	0.903342164626022	-0.0668487780982164	0.017509411638812
243	"2-(4-Hydroxy-3,5-dimethoxyphenyl)ethanol 4'-glucoside_[243_383.13_2.2]"	0.903069744495923	-0.0428932953203388	-0.0317019055306998
314	"NA_[314_133.11_4]"	0.899192858672982	-0.0661245084009457	0.0181331948119279
158	"NA_[158_167.08_0.9]"	0.898797425809835	-0.0467898783184977	0.0364268651657231
450	"NA_[450_188.09_4.9]"	0.898237182717087	-0.0529734384109187	0.0317911719773369
500	"NA_[500_714.65_5]"	0.897887805937964	-0.0638326398677438	0.0153898116056181
374	"NA_[374_1015.62_4.1]"	0.894968873173261	-0.0503690666703468	-0.0582180569383133
445	"NA_[445_147.07_4.9]"	0.894053799545122	-0.0541608976486782	0.0328492089494635
484	"NA_[484_542.73_5]"	0.891806097313327	-0.0642832854335185	0.0166243421528104
348	"NA_[348_1230.84_4.1]"	0.8888188317056	-0.0634335448826169	-0.0128613530975058
358	"NA_[358_1289.88_4.1]"	0.88679549158886	-0.0663149696951596	0.00321070363617138
449	"D-altritol_[449_183.09_4.9]"	0.885755481606612	-0.0541839114167187	0.0303126929620063
160	"NA_[160_297.18_0.9]"	0.884000901748686	-0.0564179759381919	0.0445722218957625
448	"5,6-Dihydro-4-methoxy-2H-pyran-2-one_[448_129.05_4.9]"	0.883270656025949	-0.0553457740681095	0.030927595959225
495	"NA_[495_291.85_5]"	0.882409530607084	-0.066132546003192	0.0113732084992324
488	"NA_[488_544.73_5]"	0.882315335517324	-0.0643342566084497	0.0168098258589535
252	"NA_[252_163.12_2.6]"	0.87967293570622	-0.0483556898870048	0.0308557838174551
464	"NA_[464_156.03_5]"	0.878795645205212	-0.0638499568092988	0.0130488745525379
335	"NA_[335_996.18_4.1]"	0.875823975885742	-0.0645038347181099	-0.00140938294735104
242	"NA_[242_181.09_2.2]"	0.875695340110713	-0.0411053931204043	-0.0323310086367522
277	"NA_[277_152.05_3]"	0.874830895202617	-0.0655228384666046	0.00925275019635038
514	"NA_[514_120.09_5.2]"	0.874805390786301	-0.0652906457659692	0.00243507824277638
480	"NA_[480_458.77_5]"	0.874283937222595	-0.0638892617528978	0.0161705312891046
446	"D-altritol_[446_165.08_4.9]"	0.873938844740465	-0.053400655446644	0.0299301426625053
434	"N-(D-ribulosyl)-cadaverine(2+)_[434_257.15_4.8]"	0.873497826441148	-0.0334708143292239	-0.0661734266932256
489	"NA_[489_710.65_5]"	0.872888561936471	-0.063329880711631	0.0152244839188569
383	"NA_[383_547.3_4.1]"	0.869749587711249	-0.0464706606658577	0.00447691107576148
623	"NA_[623_1271.87_6.5]"	0.869442407884735	-0.0606526276935192	0.014297112572135
478	"NA_[478_290.85_5]"	0.867839375699403	-0.0646105733357229	0.015520470892836
582	"NA_[582_140.07_6.4]"	0.866154143976785	-0.060607436401621	-0.0470058350124292
526	"NA_[526_205.07_5.5]"	0.864263478763887	-0.0440010826795823	0.0170403452764724
610	"NA_[610_1351.23_6.5]"	0.864101526238785	-0.0482210571616455	-0.0171786049542721
466	"NA_[466_159.04_5]"	0.86409729255678	-0.0651719825566185	0.0139346716545547
483	"NA_[483_292.85_5]"	0.862036147052557	-0.0642337021892171	0.0157186036129805
300	"NA_[300_291.11_3.6]"	0.858826940962668	-0.044235358045659	-0.0205210285654509
540	"NA_[540_498.9_5.8]"	0.858801921397384	-0.0593512995796356	0.0298883072917499
311	"NA_[311_267.1_3.8]"	0.858618676473489	-0.0570961463835238	0.035512298582424
496	"NA_[496_1132.46_5]"	0.858423134611773	-0.0633811572154954	0.00919192109236377
437	"2-[bis(2-hydroxyethyl)amino]ethanesulfonic acid_[437_196.06_4.8]"	0.856659815318178	-0.0450501970237158	0.0313816042671336
513	"NA_[513_235.17_5.2]"	0.855375630242235	-0.0640695535051545	0.0143954392143698
404	"NA_[404_1289.88_4.2]"	0.852347424735389	-0.0512590837731275	-0.0424679935417503
580	"glycine betaine_[580_156.04_6.4]"	0.851481736343804	-0.0569623860363302	-0.0110819950345395
359	"NA_[359_1406.96_4.1]"	0.851190505174287	-0.0633308985009566	0.014908333155621
472	"NA_[472_235.17_5]"	0.849570046320317	-0.0595534537924677	-0.0458299650484488
497	"NA_[497_630.69_5]"	0.849363679009916	-0.063326592593346	0.0115431610660962
578	"NA_[578_367.12_6.4]"	0.849010866000949	-0.0620787180120039	0.00718348354646225
406	"NA_[406_1288.88_4.2]"	0.848173199122647	-0.0595421247122181	-0.0208312978852438
525	"NA_[525_257.15_5.5]"	0.847734206625806	-0.062882193657773	0.0175759166544266
507	"NA_[507_120.09_5.1]"	0.845235442719511	-0.0631327694114376	0.00413205314859134
477	"NA_[477_206.89_5]"	0.845214303524105	-0.0631158880256166	0.0170086887817842
570	"NA_[570_156.04_6.2]"	0.844966129458278	-0.0611554232925563	-0.00580962390385165
662	"NA_[662_497.82_6.6]"	0.84184782792536	-0.0405915700954082	0.0547580796041481
353	"NA_[353_1523.03_4.1]"	0.841346813911586	-0.0587753479255713	-0.00969609623869852
346	"NA_[346_1113.26_4.1]"	0.841198588726534	-0.062323468504391	-0.00710556150631977
606	"NA_[606_1430.1_6.5]"	0.84116558936813	-0.0626778190317044	-0.00237038624806875
347	"NA_[347_1113.76_4.1]"	0.841158539379798	-0.0626078432065475	0.00170357435397537
561	"NA_[561_205.07_6.1]"	0.839551921487724	-0.0465513607583364	0.0422335486104562
572	"NA_[572_209.1_6.3]"	0.837598110430889	-0.0607352437966137	0.027826641196101
285	"NA_[285_146.12_3.2]"	0.837087745633687	-0.0616038613321126	0.0274888346346563
486	"NA_[486_794.62_5]"	0.836574614225138	-0.0607678499585857	0.0129831847062581
282	"anabasine_[282_163.12_3.1]"	0.836559795582839	-0.0514518349871687	0.0258892206740238
604	"NA_[604_1430.6_6.5]"	0.836171758459331	-0.0623763468049998	0.0016561422142139
485	"NA_[485_626.69_5]"	0.834473816327634	-0.0609603446564471	0.0124698873715064
493	"NA_[493_1046.5_5]"	0.832356458219025	-0.0619325376451608	0.00805086821355222
463	"N-(D-ribulosyl)-cadaverine(2+)_[463_273.12_5]"	0.830712572281118	-0.053481461507906	-0.0585234130918973
720	"dimethylmaleate(2-)_[720_162.08_7.1]"	0.830664402309972	-0.0620654982269925	0.0181556799394131
381	"NA_[381_664.38_4.1]"	0.830203896928289	-0.0512461104841831	-0.00907337602662236
436	"NA_[436_491.31_4.8]"	0.829699934039313	-0.0621383712770598	0.0122006686966736
659	"NA_[659_489.82_6.6]"	0.828787148504361	-0.054557866659075	0.0367187183103291
705	"NA_[705_484.2_6.9]"	0.824889485189553	-0.0599549188278909	0.0236691812976197
600	"NA_[600_239.11_6.5]"	0.824766578070706	-0.0614447483675252	0.00378284680864938
344	"NA_[344_1171.8_4.1]"	0.82471220967892	-0.0613811177693333	-0.000101784074608203
251	"1H-inden-1-ylidene_[251_132.08_2.6]"	0.823738055702175	-0.0457967585394953	0.0285671924937463
329	"NA_[329_1523.54_4.1]"	0.822787691690031	-0.056667251166378	-0.00195424087693819
482	"NA_[482_964.54_5]"	0.822039133910832	-0.0603177209354384	0.012608491112088
468	"NA_[468_157.05_5]"	0.821744857686092	-0.0618689377279847	0.014001406686108
537	"NA_[537_141.07_5.8]"	0.821600251162097	-0.0603039463008519	0.0212405141709766
467	"NA_[467_158.04_5]"	0.820912466445837	-0.0618603307243777	0.0103223737149605
476	"NA_[476_122.92_5]"	0.819419280805828	-0.0617611691255152	0.0138312480651154
341	"NA_[341_1367.6_4.1]"	0.818301724041624	-0.0588887568225175	0.020166774430552
475	"NA_[475_124.92_5]"	0.816446649392505	-0.0616030162403507	0.00875960385275388
499	"NA_[499_882.57_5]"	0.81578504849193	-0.0608702632903185	0.0157810152998951
494	"NA_[494_1048.5_5]"	0.814829811862412	-0.0606333681741184	0.007139869084559
576	"D-altritol_[576_183.09_6.4]"	0.814686539911538	-0.051593545110753	0.040825591416478
491	"NA_[491_962.54_5]"	0.813829666319301	-0.0595089126326455	0.0140516087597351
548	"NA_[548_156.04_5.9]"	0.813675909742351	-0.0582661753837924	-0.00394355441060924
352	"NA_[352_1288.88_4.1]"	0.812381139713145	-0.0600195286744475	-0.00021490060569571
165	"(+/-)-2,4,8-Trimethyl-7-nonen-2-ol_[165_202.22_0.9]"	0.808925889932321	-0.0566112424516441	0.0449253827111727
620	"NA_[620_1271.53_6.5]"	0.808759372545386	-0.0546485064443347	0.0208595103677338
333	"NA_[333_1641.11_4.1]"	0.808295432330286	-0.0604020935998196	0.00888348499210962
492	"NA_[492_462.77_5]"	0.806440614368125	-0.0600558011942537	0.0122822685251409
566	"NA_[566_156.04_6.2]"	0.806343602354943	-0.0605846203729883	0.00429454892703663
619	"NA_[619_1311.05_6.5]"	0.80121888280165	-0.0577604278319426	-0.00858013996418598
254	"NA_[254_451.16_2.6]"	0.800851859458721	-0.00133662360302283	-0.0645237046125979
503	"NA_[503_157.05_5]"	0.800124773174794	-0.0600772943023216	0.0231810430366078
562	"NA_[562_235.17_6.1]"	0.799722282289016	-0.0557261324850706	0.0378433682911024
522	"NA_[522_120.09_5.3]"	0.799483677414954	-0.0600455339532238	0.00956652423414766
487	"NA_[487_878.58_5]"	0.797174793392902	-0.0592170236263427	0.0122959203448525
338	"NA_[338_1054.72_4.1]"	0.796398963508725	-0.0588198130571782	0.00751036747642907
371	"NA_[371_1132.7_4.1]"	0.795077629282069	-0.0430662303217688	-0.0577033251449387
697	"Mirubactin_[697_627.2_6.9]"	0.793072657441219	-0.0424121073928004	0.0581827390393421
539	"glycine betaine_[539_140.07_5.8]"	0.791982747183584	-0.0591816197418689	0.0163545521127136
332	"NA_[332_236.17_4.1]"	0.790768226410439	-0.057371149467309	-0.00734093696597985
356	"NA_[356_996.68_4.1]"	0.790746455493539	-0.0579921345844908	-0.00287754894975589
498	"NA_[498_1130.46_5]"	0.790542540424276	-0.0583151237147202	0.011142752907901
471	"NA_[471_156.05_5]"	0.789794887488579	-0.0544942298881026	0.0257029484789444
569	"NA_[569_257.15_6.2]"	0.789037010914834	-0.0591248511111191	0.00684832199919376
368	"NA_[368_236.06_4.1]"	0.788845964353951	-0.0348540404585781	-0.0189649611870865
687	"Mirubactin_[687_605.22_6.7]"	0.788671413417507	-0.032984988348574	0.0651247681934974
345	"NA_[345_937.64_4.1]"	0.788361130426487	-0.0581669949405256	0.00140450445328554
307	"NA_[307_133.11_3.8]"	0.786916108722141	-0.0590428563928128	0.0162602031278874
614	"NA_[614_1072.45_6.5]"	0.782871952175756	-0.0584315515135893	0.00575068935691038
719	"NA_[719_531.34_7.1]"	0.781292371170614	-0.0140242365880972	0.050445317822803
611	"NA_[611_1193.5_6.5]"	0.780327623528535	-0.0569585889679531	0.0158676709340888
490	"NA_[490_208.88_5]"	0.777888473968282	-0.0588115177342851	0.0102861305545992
661	"NA_[661_843.32_6.6]"	0.77651644795589	-0.0587947788551153	0.0258023064938364
159	"NA_[159_311.2_0.9]"	0.771051590378204	-0.0543159155638076	0.0368392607050453
601	"NA_[601_1193_6.5]"	0.760005350313592	-0.0528064640636923	-0.00739747509506368
589	"NA_[589_753.26_6.5]"	0.757861733896671	-0.0470395123676915	-0.0543581200403001
599	"NA_[599_242.1_6.5]"	0.756503441645105	-0.0513683740248749	-0.0119270781697791
163	"NA_[163_283.17_0.9]"	0.751845106134147	-0.0489149620004899	0.0392658715271866
361	"Clavatustide C_[361_588.41_4.1]"	0.750594595995767	-0.0494463466240994	0.0352005657884782
616	"NA_[616_1192_6.5]"	0.742908310981712	-0.0557397974313363	0.00407487305513299
607	"NA_[607_477.2_6.5]"	0.741102735723658	-0.0555567475482389	0.00590867298708123
603	"NA_[603_1073.45_6.5]"	0.74109095967702	-0.0555938111473331	0.00483738098953928
458	"NA_[458_224.04_4.9]"	0.739965476907228	-0.0414276675110867	-0.0218896508989044
509	"NA_[509_273.12_5.1]"	0.735855733166758	-0.0554766285789181	0.0099893049077549
625	"NA_[625_954.4_6.5]"	0.734006596779046	-0.0547602958849655	0.00160135128085095
629	"NA_[629_956.4_6.5]"	0.730277831626709	-0.0543130530833668	-0.000111058330469113
375	"NA_[375_898.54_4.1]"	0.727595663639198	-0.0514219047148955	-0.0371327279982226
451	"NA_[451_130.06_4.9]"	0.727261910888206	-0.0434402869201626	0.031600716421876
456	"NA_[456_221.04_4.9]"	0.726741123573844	-0.0468760902827663	-0.00839592785451113
622	"NA_[622_955.4_6.5]"	0.726664932193234	-0.0530293593243991	-0.00292147499077702
378	"NA_[378_781.46_4.1]"	0.726621328734791	-0.051840044376509	-0.0262682667213217
678	"glycine betaine_[678_140.07_6.7]"	0.726597416926958	-0.051501036904363	-0.00795975608176092
457	"NA_[457_223.04_4.9]"	0.724943031100275	-0.0476296642022143	-0.0078757062154664
502	"NA_[502_1216.42_5]"	0.72428478310459	-0.052075644580578	0.0176703831760653
349	"NA_[349_471.33_4.1]"	0.724028548974665	-0.0542848460377166	0.00483530757598569
686	"N-(D-ribulosyl)-cadaverine(2+)_[686_257.15_6.7]"	0.722838000281878	-0.0505950897666535	0.00143391399634381
518	"NA_[518_235.17_5.3]"	0.722567135826871	-0.0539209744592004	0.00763542051853873
628	"NA_[628_1429.6_6.5]"	0.713734855935681	-0.0535576175245741	0.00935891806910761
369	"N-tetradecanoyltaurine(1-)_[369_353.25_4.1]"	0.710649623579572	-0.0527008456171423	0.0113844190633784
340	"NA_[340_1465_4.1]"	0.707758470030011	-0.0527252515635133	0.00701632998448665
788	"NA_[788_151.04_11.3]"	0.706747440587287	-0.0441660512375174	-0.00306741340208925
334	"NA_[334_1347.92_4.1]"	0.706693142239646	-0.0502019121260979	0.0169031218867786
473	"NA_[473_156.05_5]"	0.704554705942211	-0.0458310205971025	0.0160509403732147
339	"NA_[339_586.4_4.1]"	0.704202470500201	-0.0460079969923155	0.0295982968100755
627	"NA_[627_1072.95_6.5]"	0.699334752367673	-0.0498781769909339	-0.00423840761828827
612	"NA_[612_715.3_6.5]"	0.698535378966438	-0.0520735776924195	0.00425781465488781
624	"NA_[624_1310.55_6.5]"	0.697632560886807	-0.0485377358339784	-0.000427395769231449
350	"NA_[350_820.56_4.1]"	0.69406956926277	-0.0494779735819385	0.00833919329488857
342	"NA_[342_1405.95_4.1]"	0.689726435973571	-0.0504636923548705	0.00758238279513086
351	"NA_[351_703.48_4.1]"	0.689582834488064	-0.0490676051304854	0.00891700661541724
501	"NA_[501_273.12_5]"	0.689421671141111	-0.052170447334424	0.0120694008249741
613	"NA_[613_953.4_6.5]"	0.688405844835887	-0.0510024969242993	0.0018329147898247
630	"NA_[630_1311.55_6.5]"	0.688065786738593	-0.0514340018475031	0.0029550209330409
615	"NA_[615_1192.5_6.5]"	0.685668133563348	-0.0515255520759704	0.00996756698637844
649	"NA_[649_356.18_6.6]"	0.677699540213594	-0.0503514968497631	0.0023851875046545
343	"NA_[343_469.32_4.1]"	0.677439061933124	-0.0499010354516113	0.0172219328022274
602	"NA_[602_152.04_6.5]"	0.675728806280684	-0.0510147014843204	0.0161407626919576
354	"NA_[354_352.24_4.1]"	0.672705102167393	-0.0507570142125191	0.010420457341101
355	"NA_[355_1289.38_4.1]"	0.67206696626681	-0.0497948307060471	0.00313713955291709
508	"NA_[508_156.05_5]"	0.668331564474321	-0.0405971281272211	-0.00821683783694374
365	"NA_[365_470.33_4.1]"	0.664544913677721	-0.0469608767192121	0.0226801210922755
608	"NA_[608_1431.6_6.5]"	0.662227259703693	-0.0470985148777466	0.00578805886314169
688	"glycine betaine_[688_140.07_6.7]"	0.656876455819796	-0.0434790708476554	-0.0131124205928304
294	"NA_[294_149.11_3.4]"	0.656385906048363	-0.0486186024879214	0.00554442684723076
366	"NA_[366_120.09_4.1]"	0.653068270555421	-0.0471678007350774	-0.0131190596189445
621	"NA_[621_1350.9_6.5]"	0.652605585135964	-0.0493057064436887	0.0118671597402744
416	"NA_[416_234.28_4.3]"	0.651312136201897	-0.0232199349757364	-0.0201489364938059
377	"NA_[377_1210.67_4.1]"	0.643847691669038	-0.0462538149696718	-0.0117839444143194
609	"NA_[609_1191.5_6.5]"	0.638892907549796	-0.0470971639004549	0.00332742789018226
325	"NA_[325_587.41_4.1]"	0.635170581384927	-0.0464015797477477	0.0104869981597428
680	"N-(D-ribulosyl)-cadaverine(2+)_[680_257.15_6.7]"	0.63317965102857	-0.0452428238017057	0.00989869730762356
605	"NA_[605_1192.17_6.5]"	0.63313846941778	-0.0472983443865443	0.00504633846514119
336	"NA_[336_1230.34_4.1]"	0.629885098501546	-0.0436646139097129	0.0201491555755845
68	"NA_[68_376.26_0.5]"	0.625776191326536	-0.0339425941894595	0.004023927713282
360	"NA_[360_235.17_4.1]"	0.62447304217319	-0.047525022566345	0.0128250595214461
653	"NA_[653_515.16_6.6]"	0.618053808034466	-0.0396358330339259	-0.0128495873941863
125	"NA_[125_797.52_0.6]"	0.616135430463642	-0.0382868037951405	-0.0296501295809868
69	"NA_[69_393.29_0.5]"	0.615533767237974	-0.0339452803726668	0.00188891978378967
647	"NA_[647_753.26_6.6]"	0.614369311333724	-0.0357978282088153	-0.025998428623464
272	"NA_[272_355.1_2.9]"	0.583787708628223	-0.0305272459737032	0.0186478991051218
443	"NA_[443_234.02_4.9]"	0.579441992416191	-0.0335103016037985	0.0103635280867914
92	"NA_[92_320.26_0.6]"	0.579231566660756	-0.040057374455521	-0.0174599189146697
591	"NA_[591_356.18_6.5]"	0.572805455783035	-0.0399682872430364	-0.0247007908872982
382	"NA_[382_1093.59_4.1]"	0.567021291674174	-0.040664501418508	-0.0214577446367153
584	"NA_[584_434.29_6.5]"	0.560375328082771	-0.0145529897816448	0.0361098897663097
236	"NA_[236_192.16_2.1]"	0.553873213268921	-0.020846741145765	0.0285311690889013
363	"NA_[363_120.09_4.1]"	0.535514402199411	-0.0330858139305976	0.0183709332929026
727	"NA_[727_531.34_7.3]"	0.528920577729509	-0.0300122719259105	0.0595175072809003
696	"NA_[696_360.15_6.9]"	0.52819098466172	-0.0196097694158572	0.0339854237632795
712	"NA_[712_475.81_6.9]"	0.525632400601208	-0.015103145319096	0.0403908451024822
692	"choline alfoscerate_[692_258.11_6.8]"	0.518506690628127	-0.0156914797767321	0.00987372375323722
386	"NA_[386_234.28_4.2]"	0.508378084022351	-0.030888055748634	-0.0173407989338695
64	"NA_[64_398.24_0.5]"	0.501662159061185	-0.0339293282326636	-0.025390957467088
626	"NA_[626_240.02_6.5]"	0.494874126722107	-0.0335974326849907	-0.0141610245600436
634	"NA_[634_238.2_6.5]"	0.458642991934617	-0.0294381668153607	0.0108944685724982
426	"NA_[426_374.23_4.6]"	0.445077507471189	-0.0326204719323876	-0.00248192185431377
117	"NA_[117_387.19_0.6]"	0.443962176854068	-0.0298606135839766	-0.0219243628714069
387	"NA_[387_234.27_4.1]"	0.439653973392892	-0.0249979991687717	0.0171009029325596
726	"NA_[726_195.08_7.3]"	0.414073767457675	-0.0288584960149507	-0.0245101454988341
552	"D-altritol_[552_205.07_6]"	0.411904900343817	-0.0285572681461296	-0.0209895402025443
303	"cyclo(L-His-L-Pro)_[303_235.12_3.7]"	0.410525579275675	-0.00693841927888483	0.0229907864254804
652	"NA_[652_475.81_6.6]"	0.385003176012629	-0.0247082946478383	0.0156393235230045
758	"NA_[758_213.09_9]"	0.356048156685333	-0.00663721167736983	0.0157150386033929
234	"NA_[234_174.15_2.1]"	0.353732172704503	-0.00627332845273279	0.0251835577638925
235	"NA_[235_193.16_2.1]"	0.353732172704503	-0.00627332845273279	0.0251835577638925
75	"Halolitoralin B_[75_421.32_0.5]"	0.353732172704503	-0.00627332845273279	0.0251835577638925
750	"NA_[750_175.12_8.7]"	0.353732172704503	-0.00627332845273279	0.0251835577638925
263	"NA_[263_451.16_2.7]"	0.351706764187586	-0.0113792263341	-0.0397955298739432
579	"2-O-(alpha-D-Manp)-D-Man-OH_[579_383.1_6.4]"	0.283765615993329	-0.0214217125894066	0.0309747701980289
665	"NA_[665_482.82_6.6]"	0.27753564113521	-0.0220303452615863	0.0364960959660192
391	"NA_[391_236.05_4.2]"	0.222885574641617	-0.0143198091325319	-0.0152189354588848
734	"NA_[734_524.22_7.8]"	0.219929925332799	-0.012508061070698	-0.00538977962382513
733	"beta-(1->6)-galactotriitol_[733_507.19_7.8]"	0.206033124299004	-0.0128378296238013	-0.00221876167638841
