"feature_id_full","feature_id","feature_mz","feature_rt","Pt_0m_vs_Pt_20m_p_value","Pt_0m_vs_wt_0m_p_value","Pt_0m_vs_wt_20m_p_value","Pt_20m_vs_wt_0m_p_value","Pt_20m_vs_wt_20m_p_value","wt_0m_vs_wt_20m_p_value","Pt_0m_vs_Pt_20m_p_value_minus_log10","Pt_0m_vs_wt_0m_p_value_minus_log10","Pt_0m_vs_wt_20m_p_value_minus_log10","Pt_20m_vs_wt_0m_p_value_minus_log10","Pt_20m_vs_wt_20m_p_value_minus_log10","wt_0m_vs_wt_20m_p_value_minus_log10","wt_0m_vs_wt_20m_fold_change","Pt_20m_vs_wt_20m_fold_change","Pt_0m_vs_wt_20m_fold_change","Pt_20m_vs_wt_0m_fold_change","Pt_0m_vs_wt_0m_fold_change","Pt_0m_vs_Pt_20m_fold_change","wt_0m_vs_wt_20m_fold_change_log2","Pt_20m_vs_wt_20m_fold_change_log2","Pt_0m_vs_wt_20m_fold_change_log2","Pt_20m_vs_wt_0m_fold_change_log2","Pt_0m_vs_wt_0m_fold_change_log2","Pt_0m_vs_Pt_20m_fold_change_log2","canopus_npc_pathway","canopus_npc_superclass","canopus_npc_class","sirius_name","gnps_smiles","met_annot_structure_smiles","sirius_smiles","gnps_inchi","gnps_inchi_aux","gnps_inchikey","gnps_inchikey_planar","met_annot_short_inchikey","met_annot_structure_inchi","met_annot_structure_inchikey","sirius_inchi","sirius_inchikey2d"
"725_439.14_7.2",725,439.142326362756,7.213807,2.14783018348541e-06,0.862770078126532,0.116488675150669,9.4594849120444e-07,4.21103149770286e-05,0.0308945422037187,5.66800005876888,0.0641049251479256,0.933716294025436,6.02413251116133,4.37561151012868,1.51011823579078,1.22300726837878,0.70610631644684,1.16092548951409,0.577352510245387,0.949238421986663,1.64412279351348,0.290432977882352,-0.502042672491648,0.215275380163776,-0.792475650374,-0.0751575977185755,0.717318052655424,"Carbohydrates","Saccharides","Disaccharides","(2R,3S,4S,5R)-2-(hydroxymethyl)-6-[3-hydroxy-2-[(3R,4S,5S,6R)-3,4,5-trihydroxy-6-(hydroxymethyl)oxan-2-yl]oxypropoxy]oxane-3,4,5-triol",NA,NA,"C(C1C(C(C(C(O1)OCC(CO)OC2C(C(C(C(O2)CO)O)O)O)O)O)O)O",NA,NA,NA,NA,NA,NA,NA,"InChI=1S/C15H28O13/c16-1-5(26-15-13(24)11(22)9(20)7(3-18)28-15)4-25-14-12(23)10(21)8(19)6(2-17)27-14/h5-24H,1-4H2","QVVMHULEFZHJIS"
"261_435.17_2.7",261,435.165782271787,2.7197948,8.26592552538585e-06,1,1,8.26592552538585e-06,8.26592552538585e-06,1,5.08270851195773,0,0,5.08270851195773,5.08270851195773,0,1,0.56400186175952,1,0.56400186175952,1,1.7730437925866,0,-0.826228169946284,0,-0.826228169946284,0,0.826228169946284,"Carbohydrates","Nucleosides","Purine nucleosides","5-[[9-[3,4-Dihydroxy-5-(hydroxymethyl)oxolan-2-yl]purin-6-yl]amino]pentane-1-sulfonic acid",NA,NA,"C1=NC(=C2C(=N1)N(C=N2)C3C(C(C(O3)CO)O)O)NCCCCCS(=O)(=O)O",NA,NA,NA,NA,NA,NA,NA,"InChI=1S/C15H23N5O7S/c21-6-9-11(22)12(23)15(27-9)20-8-19-10-13(17-7-18-14(10)20)16-4-2-1-3-5-28(24,25)26/h7-9,11-12,15,21-23H,1-6H2,(H,16,17,18)(H,24,25,26)","WOUMMLCAIIQWOQ"
"258_269.11_2.7",258,269.107227123604,2.718683,1.99894758419195e-05,0.022920871874764,0.821343361532842,4.52601908618178e-07,6.29692693743245e-05,0.00506160125689981,4.69919859367311,1.63976886649535,0.0854752486723364,6.34428361896151,4.20087134574097,2.29571207070463,1.30479072266271,0.720548042523715,1.04964719217721,0.552232653105687,0.804456357595167,1.45673449961896,0.383818429332817,-0.472833469622636,0.0699044901500718,-0.856651898955453,-0.313913939182746,0.542737959772707,"Alkaloids","Nicotinic acid alkaloids","Pyridine alkaloids","2-(1,4-Benzodiazepin-1-yl)ethanesulfonamide","C([C@@H]1[C@H]([C@H]([C@H](N2C=NC3=C2N=CN=C3N)O1)O)O)O","CCCCOC(=O)CCC(=O)OCCCC","C1=CC=C2C(=C1)C=NC=CN2CCS(=O)(=O)N","\"\"InChI=1S/C10H13N5O4/c11-8-5-9(13-2-12-8)15(3-14-5)10-7(18)6(17)4(1-16)19-10/h2-4,6-7,10,16-18H,1H2,(H2,11,12,13)/t4-,6-,7-,10-/m1/s1\"\"",NA,"OIRDTQYFTABQOQ-KQYNXXCUSA-N","OIRDTQYFTABQOQ","YUXIBTJKHLUKBD","InChI=1S/C12H22O4/c1-3-5-9-15-11(13)7-8-12(14)16-10-6-4-2/h3-10H2,1-2H3","YUXIBTJKHLUKBD-UHFFFAOYSA-N","InChI=1S/C11H13N3O2S/c12-17(15,16)8-7-14-6-5-13-9-10-3-1-2-4-11(10)14/h1-6,9H,7-8H2,(H2,12,15,16)","OFDWFBAIHJSKLR"
"260_268.1_2.7",260,268.10395886519,2.7189028,3.91373706898346e-05,0.015158017387738,0.799172291919875,5.95127691793707e-07,0.000138593112864238,0.0031415592162255,4.40740835428487,1.81935759909136,0.0973595819328573,6.22538984117631,3.85825835067207,2.5028547497193,1.29786677587349,0.752168814793716,1.0480458474557,0.57954239123464,0.807514197094954,1.39336519520971,0.376142300401057,-0.41087160195651,0.0677018299003609,-0.787013902357567,-0.308440470500696,0.478573431856871,"Carbohydrates","Nucleosides","Purine nucleosides","Myocol","Nc1nccc2c1ncn2[C@@H]1O[C@H](CO)[C@@H](O)[C@H]1O","Nc1ncnc2c1ncn2C1OC(CO)C(O)C1O","C1=NC(=C2C(=N1)N(C=N2)C3C(C(C(O3)CO)O)O)N","\"\"InChI=1S/C11H14N4O4/c12-10-7-5(1-2-13-10)15(4-14-7)11-9(18)8(17)6(3-16)19-11/h1-2,4,6,8-9,11,16-18H,3H2,(H2,12,13)/t6-,8-,9-,11-/m1/s1\"\"","DBZQFUNLCALWDY-PNHWDRBUSA-N","DBZQFUNLCALWDY-PNHWDRBUSA-N","DBZQFUNLCALWDY","OIRDTQYFTABQOQ","InChI=1S/C10H13N5O4/c11-8-5-9(13-2-12-8)15(3-14-5)10-7(18)6(17)4(1-16)19-10/h2-4,6-7,10,16-18H,1H2,(H2,11,12,13)","OIRDTQYFTABQOQ-UHFFFAOYSA-N","InChI=1S/C10H13N5O4/c11-8-5-9(13-2-12-8)15(3-14-5)10-7(18)6(17)4(1-16)19-10/h2-4,6-7,10,16-18H,1H2,(H2,11,12,13)","OIRDTQYFTABQOQ"
"282_163.12_3.1",282,163.12303404249,3.1342788,0.000277191891227102,0.946311888136427,0.000534112184894298,0.000124608839120022,0.972486136110185,0.000233011243372716,3.55721947841389,0.0239657040073415,3.27236751420088,3.90445114993291,0.0121165813171775,3.63262312267819,1.60236719557873,0.97467889350238,1.52185223528701,0.608274368192089,0.949752490868585,1.56138831509774,0.680204791028401,-0.0370010914643812,0.605828286720774,-0.717205882492783,-0.0743765043076273,0.642829378185155,"Alkaloids","Nicotinic acid alkaloids","Pyridine alkaloids","Anabasine","C(C2)CNC(C2)c(c1)cncc1","c1cncc([C@@H]2CCCCN2)c1","C1CCNC(C1)C2=CN=CC=C2","1S/C10H14N2/c1-2-7-12-10(5-1)9-4-3-6-11-8-9/h3-4,6,8,10,12H,1-2,5,7H2/t10-/m0/s1",NA,"MTXSIJUGVMTTMU-UHFFFAOYSA-N","MTXSIJUGVMTTMU","MTXSIJUGVMTTMU","InChI=1S/C10H14N2/c1-2-7-12-10(5-1)9-4-3-6-11-8-9/h3-4,6,8,10,12H,1-2,5,7H2/t10-/m0/s1","MTXSIJUGVMTTMU-JTQLQIEISA-N","InChI=1S/C10H14N2/c1-2-7-12-10(5-1)9-4-3-6-11-8-9/h3-4,6,8,10,12H,1-2,5,7H2","MTXSIJUGVMTTMU"
"556_147.07_6.1",556,147.065161571362,6.0595074,0.000312540113242998,0.84493088355396,0.941718813355766,9.45667817209284e-05,0.000136410059283554,0.993732235250726,3.50509423482524,0.0731788154512552,0.0260787532980603,4.024261390541,3.86515360233163,0.00273062206029592,1.02611984529812,0.605973859415248,0.947348332160752,0.590548815707968,0.923233613014782,1.56334851320967,0.0371992398338239,-0.722672535026444,-0.0780331045894732,-0.759871774860267,-0.115232344423297,0.64463943043697,"Carbohydrates","Saccharides","Monosaccharides",NA,NA,NA,"[CH]C(C(C(C(CO)O)O)O)O",NA,NA,NA,NA,NA,NA,NA,"InChI=1S/C6H12O5/c1-3(8)5(10)6(11)4(9)2-7/h1,3-11H,2H2","ZRQKZUXZTAJPFH"
"251_132.08_2.6",251,132.080847678036,2.5718997,0.00155181257760362,0.545860578115007,0.0171911943051716,0.000187006061028838,0.518786999527545,0.00167810651802813,2.80916073245137,0.262918269176966,1.76469395099599,3.72814431737408,0.285010915595266,2.775180475734,1.43816328352151,0.920159081621209,1.28342380745257,0.639815445272732,0.892404793084384,1.39478469874072,0.524227483116207,-0.120044791950552,0.359997650511594,-0.644272275066759,-0.164229832604613,0.480042442462146,"Fatty acids","Fatty acyls","Hydrocarbons","1H-inden-1-ylidene",NA,NA,"C1=CC2=CC=C=C2C=C1",NA,NA,NA,NA,NA,NA,NA,"InChI=1S/C9H6/c1-2-5-9-7-3-6-8(9)4-1/h1-6H","VRBHURBJIHILRI"
"252_163.12_2.6",252,163.122988942638,2.5737042,0.00162418011796395,0.500020078023729,0.0306701600917187,0.000172950850561682,0.360775632144478,0.00253990899897616,2.78936581013165,0.301012556464297,1.51328395708668,3.76207729781073,0.442762803676046,2.59518184320309,1.42790681276014,0.901530650271562,1.26207255221178,0.631365185889763,0.883861986604151,1.39992195698683,0.513901830098365,-0.149551553597914,0.335794848282028,-0.663453383696278,-0.178106981816337,0.485346401879942,"Alkaloids","Nicotinic acid alkaloids","Pyridine alkaloids","(2As,7bR)-2,2a,3,7b-tetrahydro-1H-indeno[1,2-b]azete","CN1CCC[C@H]1c1cccnc1","CN1CCC[C@H]1c1cccnc1","C1C2CNC2C3=CC=CC=C31","\"\"InChI=1S/C10H14N2/c1-12-7-3-5-10(12)9-4-2-6-11-8-9/h2,4,6,8,10H,3,5,7H2,1H3/t10-/m0/s1\"\"",NA,"SNICXCGAKADSCV-JTQLQIEISA-N","SNICXCGAKADSCV","SNICXCGAKADSCV","InChI=1S/C10H14N2/c1-12-7-3-5-10(12)9-4-2-6-11-8-9/h2,4,6,8,10H,3,5,7H2,1H3/t10-/m0/s1","SNICXCGAKADSCV-JTQLQIEISA-N","InChI=1S/C10H11N/c1-2-4-9-7(3-1)5-8-6-11-10(8)9/h1-4,8,10-11H,5-6H2","SOMFMLLQFUJZLJ"
"294_149.11_3.4",294,149.107378825265,3.390277,0.00335005852390013,0.982165465669563,0.00206297860925575,0.00628531623172013,0.9911528690465,0.00383052747927481,2.47494760598259,0.00781534034574915,2.68550527514384,2.20167286686648,0.00385935755984259,2.41674141778988,1.51357433821109,1.02254804408225,1.58075339251071,0.675584950317546,1.04438437716843,1.54589645118284,0.597959533926417,0.032168629309678,0.660612315734034,-0.565790904616739,0.0626527818076165,0.628443686424356,"Alkaloids","Nicotinic acid alkaloids","Pyridine alkaloids","2,5-Divinylpyridine",NA,"c1cncc([C@H]2CCCN2)c1","C=CC1=CN=C(C=C1)C=C",NA,NA,NA,NA,"MYKUKUCHPMASKF","InChI=1S/C9H12N2/c1-3-8(7-10-5-1)9-4-2-6-11-9/h1,3,5,7,9,11H,2,4,6H2/t9-/m1/s1","MYKUKUCHPMASKF-SECBINFHSA-N","InChI=1S/C9H9N/c1-3-8-5-6-9(4-2)10-7-8/h3-7H,1-2H2","SXLIFQSDMYZOBA"
"521_293.06_5.4",521,293.063221852893,5.3581815,0.00436458188351052,0.107525359658095,0.988134442435309,8.61231665747475e-05,0.00254131375299838,0.179316299272184,2.36005735433679,0.968489096113887,0.00518396266379722,4.06488001042476,2.59494171323217,0.746380232678509,1.23435545659727,0.711566248438327,0.973118534365708,0.57646785991443,0.788361674236278,1.36757264204339,0.303757906339406,-0.490930013688497,-0.0393125462777219,-0.794687920027903,-0.343070452617128,0.451617467410775,"Carbohydrates","Phenolic acids (C6-C1)","Cyclitols","(beta-d-Galactopyranosyl)-sn-glycerol",NA,NA,"C(C1C(C(C(C(O1)C(C(CO)O)O)O)O)O)O",NA,NA,NA,NA,NA,NA,NA,"InChI=1S/C9H18O8/c10-1-3(12)5(13)9-8(16)7(15)6(14)4(2-11)17-9/h3-16H,1-2H2","GKVQPWWCDQIXGN"
"272_355.1_2.9",272,355.099857403995,2.8521998,0.00612967005931364,0.960537193504986,0.554226726342325,0.0143008193167374,0.0637148009508691,0.826060398906606,2.21256290154616,0.0174858139139582,0.256312535170306,1.84463908039893,1.19575966931893,0.0829881972887364,1.1144433621482,0.747071528633391,1.19188247989785,0.670353966838959,1.06948681321982,1.59540610800434,0.156323298316613,-0.42068171390184,0.25324199248889,-0.577005012218453,0.0969186941722769,0.67392370639073,"Fatty acids","Fatty amides","N-acyl amines","2-(2-ethenylsulfonylethoxy)-N-[2-(2-ethenylsulfonylethoxy)ethylamino]oxyethanamine",NA,NA,"C=CS(=O)(=O)CCOCCNONCCOCCS(=O)(=O)C=C",NA,NA,NA,NA,NA,NA,NA,"InChI=1S/C12H24N2O7S2/c1-3-22(15,16)11-9-19-7-5-13-21-14-6-8-20-10-12-23(17,18)4-2/h3-4,13-14H,1-2,5-12H2","NBPPCUZISYYUSR"
"301_121.06_3.7",301,121.064981346077,3.6765113,0.0241652083130147,0.345368933706697,0.00243418921271876,0.392643050564242,0.562993664807809,0.0496534098955306,1.61680945673024,0.461716730250154,2.6136456665144,0.406002084773,0.249496492101567,1.30405092142918,1.30979078594891,1.11827807817393,1.60042525040971,0.853783741778089,1.2218938074528,1.43115141184123,0.389336387198864,0.161278982562254,0.678455295826578,-0.228057404636609,0.289118908627714,0.517176313264324,"Shikimates and Phenylpropanoids","Phenylpropanoids (C6-C3)","Cinnamic acids and derivatives","4-ethenylphenol",NA,"c1ccc2c(c1)CCO2","C=CC1=CC=C(C=C1)O",NA,NA,NA,NA,"HBEDSQVIWPRPAY","InChI=1S/C8H8O/c1-2-4-8-7(3-1)5-6-9-8/h1-4H,5-6H2","HBEDSQVIWPRPAY-UHFFFAOYSA-N","InChI=1S/C8H8O/c1-2-7-3-5-8(9)6-4-7/h2-6,9H,1H2","FUGYGGDSWSUORM"
"643_1083.94_6.6",643,1083.94277079726,6.5571213,0.0259926288210238,0.997258349804272,0.798364543560886,0.0364932351376784,0.123550167627027,0.887643538703387,1.58514979496111,0.0011923187596728,0.0977987588922594,1.43778763457552,0.90815666103128,0.0517614038770606,0.938510949966175,1.2845993295663,0.923180637721904,1.36876328359579,0.983665281428178,0.718652591881379,-0.0915545172582343,0.361318448613401,-0.115315128871387,0.452872965871635,-0.0237606116131528,-0.476633577484788,NA,NA,NA,NA,NA,NA,NA,NA,NA,NA,NA,NA,NA,NA,NA,NA
"555_129.05_6.1",555,129.054734058256,6.0599084,0.0570817129054096,0.763956781564695,0.962059024822864,0.0103493666521022,0.12752546947666,0.489779916457615,1.24350300307306,0.116931209564196,0.0167982820489976,1.98508622681705,0.894403068967155,0.309999027195093,1.22012911006028,0.770236818559024,1.06313232596736,0.631274848053556,0.871327728517874,1.38026682229537,0.287033817122831,-0.376626006960287,0.0883211774292728,-0.663659824083118,-0.198712639693558,0.46494718438956,"Fatty acids","Fatty Acids and Conjugates","Dicarboxylic acids","2-[(E)-2-[(E)-2-hydroxyethenoxy]ethenoxy]ethanol",NA,"O=Cc1ccco1","C(COC=COC=CO)O",NA,NA,NA,NA,"HYBBIBNJHNGZAN","InChI=1S/C5H4O2/c6-4-5-2-1-3-7-5/h1-4H","HYBBIBNJHNGZAN-UHFFFAOYSA-N","InChI=1S/C6H10O4/c7-1-3-9-5-6-10-4-2-8/h1,3,5-8H,2,4H2","HVBMAZIYCWLWET"
"561_205.07_6.1",561,205.068317543997,6.0710073,0.0718199724136463,0.339924529782411,0.941918406044779,0.00342892842845743,0.179179494407662,0.148963717732944,1.14375476602425,0.468617494537989,0.0259867164632622,2.46484157975831,0.746711693195987,0.826919497407614,1.23574045695899,0.846694498249121,1.04840487342482,0.685171787879093,0.848402160438132,1.23823276942606,0.305375765267008,-0.240086580307113,0.0681959650451561,-0.545462345574121,-0.237179800221852,0.308282545352269,"Alkaloids","Pseudoalkaloids (transamidation)","Purine alkaloids","1-Methyl-2,4-dinitro-5-amino-1H-imidazole",NA,NA,"CN1C(=C(N=C1[N+](=O)[O-])[N+](=O)[O-])N",NA,NA,NA,NA,NA,NA,NA,"InChI=1S/C4H5N5O4/c1-7-2(5)3(8(10)11)6-4(7)9(12)13/h5H2,1H3","PADFCMFNGIHTAO"
"300_291.11_3.6",300,291.105038375239,3.6421165,0.0984376763707229,0.585418727598947,0.0334539125344656,0.592273347979169,0.920203974028935,0.27472507728484,1.00683864640446,0.232533388559576,1.4755530828958,0.227477809965853,0.0361158955060078,0.561101695769308,1.2699599021829,1.07549374288765,1.5534327917776,0.846872205208218,1.2232140472368,1.44439035749916,0.344782945946158,0.104999131333527,0.635459825581662,-0.239783814612631,0.290676879635504,0.530460694248135,"Alkaloids","Anthranilic acid alkaloids","Quinazoline alkaloids","Kinase inhibitor, A2",NA,NA,"C1=CC(=C(C(=C1)F)C2=CC=CN3C2=NC=C(C3=O)N)F",NA,NA,NA,NA,NA,NA,NA,"InChI=1S/C14H9F2N3O/c15-9-4-1-5-10(16)12(9)8-3-2-6-19-13(8)18-7-11(17)14(19)20/h1-7H,17H2","AMMNITAEKXLTKI"
"558_183.09_6.1",558,183.08633311459,6.060606,0.107026681623835,0.136337376033973,0.998735885558812,0.00182285182313002,0.136541620603289,0.106862452682171,0.9705079397215,0.865385068742524,0.000549345217113413,2.73924863305235,0.864734946841827,0.971174862212737,1.25289227505018,0.840487939902813,1.01213249255755,0.670838153159778,0.807836805057338,1.20422012560298,0.325262375607869,-0.250700976398236,0.0173981574672497,-0.575963352006105,-0.307864218140619,0.268099133865486,"Fatty acids","Fatty acyls","Fatty alcohols","G-Ol","C([C@H]([C@H]([C@@H]([C@H](CO)O)O)O)O)O","OC[C@@H](O)[C@@H](O)[C@H](O)[C@H](O)CO|O=C[C@@H](O)[C@H](O)[C@H](O)CO|O[C@H]1[C@H](O)[C@H](O)OC[C@H]1O","C(C(C(C(C(CO)O)O)O)O)O","InChI=1S/C6H14O6/c7-1-3(9)5(11)6(12)4(10)2-8/h3-12H,1-2H2/t3-,4+,5-,6-/m1/s1",NA,"FBPFZTCFMRRESA-JGWLITMVSA-N","FBPFZTCFMRRESA","FBPFZTCFMRRESA|PYMYPHUHKUWMLA|SRBFZHDQGSBBOR","InChI=1S/C6H14O6/c7-1-3(9)5(11)6(12)4(10)2-8/h3-12H,1-2H2/t3-,4-,5-,6-/m1/s1|InChI=1S/C5H10O5/c6-1-3(8)5(10)4(9)2-7/h1,3-5,7-10H,2H2/t3-,4-,5+/m1/s1|InChI=1S/C5H10O5/c6-2-1-10-5(9)4(8)3(2)7/h2-9H,1H2/t2-,3-,4+,5-/m1/s1","FBPFZTCFMRRESA-KVTDHHQDSA-N|PYMYPHUHKUWMLA-WDCZJNDASA-N|SRBFZHDQGSBBOR-SQOUGZDYSA-N","InChI=1S/C6H14O6/c7-1-3(9)5(11)6(12)4(10)2-8/h3-12H,1-2H2","FBPFZTCFMRRESA"
"583_489.82_6.5",583,489.823107088525,6.47991,0.111228963940216,0.000286289818959395,0.000116656175427887,0.0176762881354372,0.00608753290837472,0.926335969636469,0.953782108064191,3.54319409608729,3.93309226601497,1.75260892775862,2.21555867803408,0.0332314719614246,0.93429444350478,0.675668580170327,0.56597660502582,0.723185913035852,0.605779697139903,0.837654171936106,-0.0980508070077064,-0.565612326176335,-0.821185675241507,-0.467561519168628,-0.723134868233801,-0.255573349065173,NA,NA,NA,NA,NA,NA,NA,NA,NA,NA,NA,NA,NA,NA,NA,NA
"244_374.14_2.2",244,374.144538125465,2.2429333,0.116178999382843,0.0663800609674452,0.00114503903345298,0.986442144414524,0.0785528789527958,0.136454242380964,0.934872368300324,1.17796235304503,2.94117970832471,0.00592838136804473,1.10483789349605,0.865012957509646,1.20851979327516,1.24518331646007,1.60429581203302,1.0303375446467,1.32748823888542,1.28840130671993,0.2732411019211,0.316358152156185,0.681940181197725,0.0431170502350845,0.408699079276625,0.365582029041541,"Amino acids and Peptides","Amino acid glycosides","Cyanogenic glycosides","Proacaciberin",NA,NA,"CC(=C)C(C#N)OC1C(C(C(C(O1)COC2C(C(C(CO2)O)O)O)O)O)O",NA,NA,NA,NA,NA,NA,NA,"InChI=1S/C16H25NO10/c1-6(2)8(3-17)26-16-14(23)12(21)11(20)9(27-16)5-25-15-13(22)10(19)7(18)4-24-15/h7-16,18-23H,1,4-5H2,2H3","BHUCUDQLYLLDIA"
"380_313.14_4.1",380,313.142452896645,4.144522,0.140813020022001,0.206756307722723,0.899414761802679,0.00378599643312927,0.0442884361343862,0.514296797939706,0.851357187081098,0.684541232114548,0.0460399887751534,2.42181979953044,1.35370965478405,0.288786179628833,1.17678918404463,0.756026294488427,0.931846832647549,0.642448371160212,0.79185536821879,1.23255876077444,0.234855891850787,-0.40349168283736,-0.101835255822727,-0.638347574688147,-0.336691147673513,0.301656427014634,"Alkaloids","Pseudoalkaloids (transamidation)","Purine alkaloids","1,3-dimethyl-7-phenyl-1H,2H,3H,4H,8H-imidazo[1,2-g]purine-2,4-dione",NA,NA,"CN1C2=C(C(=O)N(C1=O)C)N3C=C(NC3=N2)C4=CC=CC=C4",NA,NA,NA,NA,NA,NA,NA,"InChI=1S/C15H13N5O2/c1-18-12-11(13(21)19(2)15(18)22)20-8-10(16-14(20)17-12)9-6-4-3-5-7-9/h3-8H,1-2H3,(H,16,17)","UKMQTJFZUOZSRV"
"242_181.09_2.2",242,181.085830857087,2.2400389,0.188675148189036,0.630680734770976,0.0313076283031939,0.778925322691818,0.710727550171151,0.232418689805763,0.724285300233317,0.200190435076833,1.50434983094102,0.108504177112388,0.148296849528159,0.633728951354233,1.26509994442866,1.12510159020627,1.50393386654996,0.889338107365407,1.18878660391465,1.336709395526,0.339251364078386,0.170055274393121,0.58874112785455,-0.169196089685265,0.249489763776164,0.418685853461428,"Shikimates and Phenylpropanoids","Phenylpropanoids (C6-C3)","Cinnamic acids and derivatives","2-(2,2-Dimethoxyethenyl)phenol",NA,"Cc1ccc(C2(C)CCC(=O)O2)o1","COC(=CC1=CC=CC=C1O)OC",NA,NA,NA,NA,"ZQHMVQITCFVJFA","InChI=1S/C10H12O3/c1-7-3-4-8(12-7)10(2)6-5-9(11)13-10/h3-4H,5-6H2,1-2H3","ZQHMVQITCFVJFA-UHFFFAOYSA-N","InChI=1S/C10H12O3/c1-12-10(13-2)7-8-5-3-4-6-9(8)11/h3-7,11H,1-2H3","HGDOSTUACPELSL"
"216_343.3_1.8",216,343.295390138933,1.8271214,0.241706449974763,0.240140847960756,0.240140847960756,0.00824309898292042,0.00824309898292042,1,0.616711760220927,0.619533960163394,0.619533960163394,2.08390948512803,2.08390948512803,0,1,0.588905308677371,0.741058913293363,0.588905308677371,0.741058913293363,1.25836684161961,0,-0.763892416152414,-0.43233985527443,-0.763892416152414,-0.43233985527443,0.331552560877984,"Fatty acids","Fatty amides","N-acyl ethanolamines (endocannabinoids)","2-[Dimethyl-[3-(2,2,3,3,4,4,5,5,6,6,7,7,8,8,9,9,10,10,11,11,12,12,12-tricosadeuteriododecanoylamino)propyl]azaniumyl]acetate","O=C1c2cc(CO)cc(O)c2C(=O)c2c1cc(O)c(Cl)c2O",NA,"CCCCCCCCCCCC(=O)NCCC[N+](C)(C)CC(=O)O","InChI=1S/C15H9ClO6/c16-12-9(19)3-7-11(15(12)22)14(21)10-6(13(7)20)1-5(4-17)2-8(10)18/h1-3,17-19,22H,4H2",NA,"GPTPSPAFUZTDEG-UHFFFAOYSA-N","GPTPSPAFUZTDEG",NA,NA,NA,"InChI=1S/C19H38N2O3/c1-4-5-6-7-8-9-10-11-12-14-18(22)20-15-13-16-21(2,3)17-19(23)24/h4-17H2,1-3H3,(H-,20,22,23,24)/p+1","MRUAUOIMASANKQ"
"557_165.08_6.1",557,165.075790321243,6.0613112,0.310519277508802,0.126441354359109,0.99877793192098,0.00546795727851579,0.252043236368945,0.16015292079745,0.5079114329888,0.898110860922164,0.000531061986312352,2.26217488726027,0.598524952449426,0.795465136459117,1.25653972491249,0.849461603125542,0.986861571797079,0.67603242960321,0.785380320439774,1.16174947539239,0.329456282064819,-0.23537935787494,-0.0190803644994805,-0.564835639939759,-0.3485366465643,0.216298993375459,"Fatty acids","Fatty acyls","Fatty alcohols","G-Ol","C([C@H]([C@H]([C@@H]([C@@H](CO)O)O)O)O)O","CC(O)C(O)C(O)C(O)C=O","C(C(C(C(C(CO)O)O)O)O)O","InChI=1S/C6H14O6/c7-1-3(9)5(11)6(12)4(10)2-8/h3-12H,1-2H2/t3-,4-,5-,6-/m1/s1",NA,"FBPFZTCFMRRESA-KVTDHHQDSA-N","FBPFZTCFMRRESA","PNNNRSAQSRJVSB","InChI=1S/C6H12O5/c1-3(8)5(10)6(11)4(9)2-7/h2-6,8-11H,1H3","PNNNRSAQSRJVSB-UHFFFAOYSA-N","InChI=1S/C6H14O6/c7-1-3(9)5(11)6(12)4(10)2-8/h3-12H,1-2H2","FBPFZTCFMRRESA"
"673_545.36_6.6",673,545.357364891445,6.6406174,0.411715437485724,0.0776931282857641,0.587300048589375,0.00478534248575757,0.0569822869484766,0.509378812108692,0.385402848598409,1.10961739148928,0.231139963226349,2.32008697442802,1.24426012460913,0.292959123714085,1.19644034394704,0.749807513316575,0.870699775009092,0.626698620712648,0.727741904904901,1.16123106203322,0.258748464041142,-0.415407812912659,-0.199752744342232,-0.674156276953801,-0.458501208383374,0.215655068570427,"Amino acids and Peptides","Linear polyketides","Open-chain polyketides","2-methyl-N-[3-[3-(6-methyl-5-oxohept-6-enoxy)-2-[(6-methyl-5-oxohept-6-enoxy)methyl]-2-(2-methylprop-2-enoylamino)propoxy]propyl]prop-2-enamide",NA,"CN(C)CCCC(=O)N1CCCC1c1cccnc1","CC(=C)C(=O)CCCCOCC(COCCCCC(=O)C(=C)C)(COCCCNC(=O)C(=C)C)NC(=O)C(=C)C",NA,NA,NA,NA,"JSMLDRQMULJGNG","InChI=1S/C15H23N3O/c1-17(2)10-5-8-15(19)18-11-4-7-14(18)13-6-3-9-16-12-13/h3,6,9,12,14H,4-5,7-8,10-11H2,1-2H3","JSMLDRQMULJGNG-UHFFFAOYSA-N","InChI=1S/C31H50N2O7/c1-23(2)27(34)14-9-11-17-38-20-31(33-30(37)26(7)8,21-39-18-12-10-15-28(35)24(3)4)22-40-19-13-16-32-29(36)25(5)6/h1,3,5,7,9-22H2,2,4,6,8H3,(H,32,36)(H,33,37)","YVFGPOQVGSADLB"
"560_294.15_6.1",560,294.15463408565,6.070807,0.424574207614281,0.241395564352872,0.00409649155634939,0.974164957972511,0.0637919398994264,0.128285859960746,0.372046392249682,0.617270714332995,2.38758793596744,0.0113674966415698,1.19523419084521,0.891821210183494,1.31779603897945,1.39490892585889,1.79009397410466,1.05851655688626,1.358399874605,1.28330526883857,0.398127095442208,0.480170931014343,0.840035326269449,0.0820438355721347,0.441908230827241,0.359864395255106,"Carbohydrates","Saccharides","Monosaccharides","(3S,4R,5R)-5-[(1R)-2-hydroxy-1-(oxiran-2-ylmethoxy)ethyl]-4-(oxiran-2-ylmethoxy)oxolan-3-ol","CC1(C)COC(=O)[C@@H]1O[C@@H]1O[C@H](CO)[C@@H](O)[C@H](O)[C@H]1O","CC(C)CC(NCC(=O)C(O)C(O)C(O)CO)C(=O)O","C1C(O1)COC2C(COC2C(CO)OCC3CO3)O","InChI=1S/C12H20O8/c1-12(2)4-18-10(17)9(12)20-11-8(16)7(15)6(14)5(3-13)19-11/h5-9,11,13-16H,3-4H2,1-2H3/t5-,6-,7+,8-,9+,11+/m1/s1",NA,"BFCZPWYLRHFBNO-DTJAAUDXSA-N","BFCZPWYLRHFBNO","BUGJJLOUCDBMAS","InChI=1S/C12H23NO7/c1-6(2)3-7(12(19)20)13-4-8(15)10(17)11(18)9(16)5-14/h6-7,9-11,13-14,16-18H,3-5H2,1-2H3,(H,19,20)","BUGJJLOUCDBMAS-UHFFFAOYSA-N","InChI=1S/C12H20O7/c13-1-10(17-4-7-2-15-7)12-11(9(14)6-19-12)18-5-8-3-16-8/h7-14H,1-6H2","VANVSEHQZDRJBA"
"554_196.06_6",554,196.063783899745,6.0353026,0.57580887158593,0.0332066037816059,0.999998220904185,0.00343083494105401,0.566132366645312,0.0341893971826952,0.239721648156905,1.47877553976841,7.72652182447497e-07,2.46460017553572,0.24708201513196,1.46610855648732,1.29806132302448,0.912933370181596,0.998797537672998,0.703305270705134,0.769453276171732,1.0940530495389,0.376358540758866,-0.131418524947707,-0.0017358302805616,-0.507777065706572,-0.378094371039427,0.129682694667145,"Amino acids and Peptides","Small peptides","Aminoacids","N,N-Bis(2-hydroxyethyl)-2-aminoethanesulfonic acid",NA,NA,"C(CO)N(CCO)CCS(=O)(=O)O",NA,NA,NA,NA,NA,NA,NA,"InChI=1S/C6H15NO5S/c8-4-1-7(2-5-9)3-6-13(10,11)12/h8-9H,1-6H2,(H,10,11,12)","AJTVSSFTXWNIRG"
"401_1054.72_4.2",401,1054.71775565825,4.183921,0.63177324231407,0.0181438722503089,0.619181761743089,0.143502760503868,0.999996175383739,0.148518763037091,0.199438771848775,1.74127002061243,0.208181844461775,0.843139744504441,1.66101291398057e-06,0.828218676523732,0.837369198711222,1.00181158757672,1.11525664998694,1.19637979175564,1.3318577417266,1.1132399183809,-0.25606424306641,0.00261120391426518,0.157375750554508,0.258675446980676,0.413439993620919,0.154764546640243,"Amino acids and Peptides","Oligopeptides","Lipopeptides","H-Lys-Leu-Leu-Glu-Pro-Val-Leu-Leu-Leu-OH",NA,NA,"CC(C)CC(C(=O)NC(CC(C)C)C(=O)NC(CCC(=O)O)C(=O)N1CCCC1C(=O)NC(C(C)C)C(=O)NC(CC(C)C)C(=O)NC(CC(C)C)C(=O)NC(CC(C)C)C(=O)O)NC(=O)C(CCCCN)N",NA,NA,NA,NA,NA,NA,NA,"InChI=1S/C51H92N10O12/c1-27(2)22-35(55-43(64)33(53)16-13-14-20-52)45(66)56-36(23-28(3)4)44(65)54-34(18-19-41(62)63)50(71)61-21-15-17-40(61)48(69)60-42(32(11)12)49(70)58-38(25-30(7)8)46(67)57-37(24-29(5)6)47(68)59-39(51(72)73)26-31(9)10/h27-40,42H,13-26,52-53H2,1-12H3,(H,54,65)(H,55,64)(H,56,66)(H,57,67)(H,58,70)(H,59,68)(H,60,69)(H,62,63)(H,72,73)","QDULYVSUVVQINY"
"56_871.57_0.5",56,871.57307057985,0.50017726,0.703900410999673,0.0516404650462553,0.943898004575442,0.00775085737101611,0.394484518822407,0.130620940606721,0.152488781216928,1.28700985536547,0.0250749320189256,2.11065025479609,0.403970035602664,0.883987193191724,0.815066514217784,1.1837335497662,1.05525617881772,1.45231527625967,1.29468719473827,0.89146428182773,-0.295010298345365,0.24334437683569,0.077593276700089,0.538354675181055,0.372603575045454,-0.165751100135601,"Alkaloids","Tryptophan alkaloids","Pyrrole alkaloids",NA,NA,"C=CC1=C(C)C2=NC1=CC1=NC(=Cc3[nH]c4c(c3C)=C(O)C(C(=O)OC)C=4C3=NC(=C2)C(C)C3CCC(=O)OCC=C(C)CCCC(C)CCCC(C)CCCC(C)C)C(CC)=C1C","CCC1=C(C2=NC1=CC3=C(C4=C(C(C(=C5C(C(C(=CC6=NC(=C2)C(=C6C)C=C)N5)C)CCC(=O)OCC=C(C)CCCC(C)CCCC(C)CCCC(C)C)C4=N3)C(=O)OC)O)C)C",NA,NA,NA,NA,"REFBLEJUPUPWLM","InChI=1S/C55H74N4O5/c1-13-39-35(8)42-28-44-37(10)41(24-25-48(60)64-27-26-34(7)23-17-22-33(6)21-16-20-32(5)19-15-18-31(3)4)52(58-44)50-51(55(62)63-12)54(61)49-38(11)45(59-53(49)50)30-47-40(14-2)36(9)43(57-47)29-46(39)56-42/h13,26,28-33,37,41,51,59,61H,1,14-25,27H2,2-12H3","REFBLEJUPUPWLM-UHFFFAOYSA-N","InChI=1S/C55H74N4O5/c1-13-39-35(8)42-28-44-37(10)41(24-25-48(60)64-27-26-34(7)23-17-22-33(6)21-16-20-32(5)19-15-18-31(3)4)52(58-44)50-51(55(62)63-12)54(61)49-38(11)45(59-53(49)50)30-47-40(14-2)36(9)43(57-47)29-46(39)56-42/h13,26,28-33,37,41,51,58,61H,1,14-25,27H2,2-12H3","FDHFJXKRMIVNCQ"
"400_1113.76_4.2",400,1113.75845301072,4.1879044,0.7523566817317,0.0339324196411002,0.973076357809417,0.180566280199115,0.508561197797359,0.0161191360630881,0.123576217675713,1.46938517073181,0.0118530790799164,0.743363348655653,0.293656778696974,1.7926582387771,0.699615591419007,0.855327221498034,0.951970606388836,1.22256740985889,1.36070524737447,1.11298995572892,-0.515365653809276,-0.225451639193771,-0.0710110661773889,0.289914014615505,0.444354587631887,0.154440573016382,"Amino acids and Peptides","Oligopeptides","Linear peptides","methyl 2-[[(2S)-2-[[(E,2S,4R)-2-[[(2S)-2-[[(2S)-2-[[(2S)-2-[[(2R)-2-[[(2S)-2-[[(2S)-2-[[(2S)-2-amino-3-methylbutanoyl]-methylamino]-4-methylpentanoyl]amino]propanoyl]amino]propanoyl]-methylamino]-4-methylpentanoyl]-methylamino]-4-methylpentanoyl]-methylamino]-3-methylbutanoyl]-methylamino]-4-methyloct-6-enoyl]amino]butanoyl]-methylamino]acetate",NA,NA,"CCC(C(=O)N(C)CC(=O)OC)NC(=O)C(CC(C)CC=CC)N(C)C(=O)C(C(C)C)N(C)C(=O)C(CC(C)C)N(C)C(=O)C(CC(C)C)N(C)C(=O)C(C)NC(=O)C(C)NC(=O)C(CC(C)C)N(C)C(=O)C(C(C)C)N",NA,NA,NA,NA,NA,NA,NA,"InChI=1S/C56H102N10O11/c1-23-25-26-37(13)30-42(50(70)60-40(24-2)52(72)61(16)31-45(67)77-22)63(18)56(76)47(36(11)12)66(21)54(74)44(29-34(7)8)65(20)53(73)43(28-33(5)6)64(19)51(71)39(15)59-48(68)38(14)58-49(69)41(27-32(3)4)62(17)55(75)46(57)35(9)10/h23,25,32-44,46-47H,24,26-31,57H2,1-22H3,(H,58,69)(H,59,68)(H,60,70)","UBEJVRSXVOGSQN"
"469_305_5",469,305.003458831461,4.965327,0.754254622248888,0.12944438943753,0.762108871972822,0.0236267116474038,0.248848237961468,0.51100413396893,0.12248201968657,0.88791676862908,0.117982982571724,1.62659671902631,0.604065430050842,0.291575586455048,1.18056145022398,0.824401552906008,0.904386392963096,0.698313122751551,0.766064648978256,1.09702169989266,0.239473138242596,-0.27858087243658,-0.144988808848718,-0.518054010679176,-0.384461947091314,0.133592063587862,"Amino acids and Peptides","Fatty Acids and Conjugates","Aminoacids","2-[(3R)-1,1-dioxothiolan-3-yl]-N'-(2-sulfanylacetyl)acetohydrazide",NA,NA,"C1CS(=O)(=O)CC1CC(=O)NNC(=O)CS",NA,NA,NA,NA,NA,NA,NA,"InChI=1S/C8H14N2O4S2/c11-7(9-10-8(12)4-15)3-6-1-2-16(13,14)5-6/h6,15H,1-5H2,(H,9,11)(H,10,12)","FLBPAKMVVCXUSF"
"389_1171.8_4.2",389,1171.79651528028,4.1867576,0.767423328121052,0.0433224338723991,0.74607438011903,0.214328935277192,0.999976970044629,0.227239945381663,0.114965003260899,1.36328715251624,0.127217873244514,0.668919193480248,1.00018977083485e-05,0.64351532377977,0.836701771750894,1.0037687488501,1.10710416947955,1.19967326799082,1.32317655687857,1.1029474375924,-0.257214604829834,0.00542693530965893,0.146790974351669,0.262641540139493,0.404005579181503,0.14136403904201,NA,NA,NA,NA,NA,NA,NA,NA,NA,NA,NA,NA,NA,NA,NA,NA
"256_461.28_2.6",256,461.275873923599,2.6267776,0.772782816719012,0.00270568078330602,0.00690969892365412,0.0141771785130551,0.0370968109911461,0.944918009672168,0.111942543278745,2.56772344285534,2.16054087572918,1.84841019215265,1.43066342268887,0.0246058734925881,1.07137490684607,0.724207407252288,0.667793816801481,0.675960770244487,0.6233054484796,0.922102991648697,0.0994634115559701,-0.465525161995543,-0.582525359544342,-0.564988573551512,-0.681988771100312,-0.117000197548799,"Amino acids and Peptides","Oligopeptides","Dipeptides","N-[(2S,4aS,12aS)-2-[2-(cyclopropylmethylamino)-2-oxoethyl]-5-methyl-6-oxo-2,3,4,4a,12,12a-hexahydropyrano[2,3-c][1,5]benzoxazocin-8-yl]butanamide",NA,NA,"CCCC(=O)NC1=CC2=C(C=C1)OCC3C(CCC(O3)CC(=O)NCC4CC4)N(C2=O)C",NA,NA,NA,NA,NA,NA,NA,"InChI=1S/C24H33N3O5/c1-3-4-22(28)26-16-7-10-20-18(11-16)24(30)27(2)19-9-8-17(32-21(19)14-31-20)12-23(29)25-13-15-5-6-15/h7,10-11,15,17,19,21H,3-6,8-9,12-14H2,1-2H3,(H,25,29)(H,26,28)","KICHFZXSYRHWSE"
"695_365.11_6.9",695,365.106361294218,6.8684006,0.799219477078896,0.0248991162651588,0.864757455131472,0.00508854319660956,0.372249474628042,0.0943346151440017,0.0973339408421137,1.6038160668792,0.0631056852158803,2.29340653440794,0.429165906514143,1.02532891799907,1.26387523293013,0.880609400068721,0.941399709800685,0.696753427177415,0.744851774346565,1.06903209269311,0.337854050763967,-0.183425850476119,-0.0871206865905728,-0.521279901240086,-0.42497473735454,0.0963051638855459,"Carbohydrates","Saccharides","Disaccharides","Sucrose",NA,"OC[C@H]1O[C@@](CO)(O[C@H]2O[C@H](CO)[C@@H](O)[C@H](O)[C@H]2O)[C@@H](O)[C@@H]1O","C(C1C(C(C(C(O1)OC2(C(C(C(O2)CO)O)O)CO)O)O)O)O",NA,NA,NA,NA,"CZMRCDWAGMRECN","InChI=1S/C12H22O11/c13-1-4-6(16)8(18)9(19)11(21-4)23-12(3-15)10(20)7(17)5(2-14)22-12/h4-11,13-20H,1-3H2/t4-,5-,6-,7-,8+,9-,10+,11-,12+/m1/s1","CZMRCDWAGMRECN-UGDNZRGBSA-N","InChI=1S/C12H22O11/c13-1-4-6(16)8(18)9(19)11(21-4)23-12(3-15)10(20)7(17)5(2-14)22-12/h4-11,13-20H,1-3H2","CZMRCDWAGMRECN"
"666_605.22_6.6",666,605.220313215844,6.640428,0.816955201790594,0.0311840767643498,0.802634218224454,0.00674781081450404,0.328093486910036,0.144136365874578,0.0878017576029143,1.50606710914319,0.0954823291906665,2.17083710204152,0.484002390848658,0.841226432051198,1.22869370626669,0.875703339209684,0.932742821693279,0.712710852788896,0.759133718139859,1.06513562290978,0.297125319678524,-0.191485882067527,-0.100448742656734,-0.488611201746051,-0.397574062335257,0.0910371394107932,"Shikimates and Phenylpropanoids","Flavonoids","Secoiridoid monoterpenoids","2-(4-{4-[(4-hydroxy-3,5-dimethoxyphenyl)methyl]-3-(hydroxymethyl)oxolan-2-yl}-2,6-dimethoxyphenoxy)-6-(hydroxymethyl)oxane-3,4,5-triol",NA,"COc1cc([C@H]2c3c(cc(OC)c(O)c3OC)C[C@@H](CO)[C@@H]2CO[C@@H]2O[C@H](CO)[C@@H](O)[C@H](O)[C@H]2O)cc(OC)c1O","COC1=CC(=CC(=C1O)OC)CC2COC(C2CO)C3=CC(=C(C(=C3)OC)OC4C(C(C(C(O4)CO)O)O)O)OC",NA,NA,NA,NA,"PQQRNPDHSJDAGV","InChI=1S/C28H38O13/c1-36-16-7-13(8-17(37-2)22(16)31)20-15(11-40-28-26(35)25(34)23(32)19(10-30)41-28)14(9-29)5-12-6-18(38-3)24(33)27(39-4)21(12)20/h6-8,14-15,19-20,23,25-26,28-35H,5,9-11H2,1-4H3/t14-,15-,19+,20+,23+,25-,26+,28+/m0/s1","PQQRNPDHSJDAGV-HQSXISOASA-N","InChI=1S/C28H38O13/c1-35-17-6-13(7-18(36-2)22(17)31)5-15-12-39-26(16(15)10-29)14-8-19(37-3)27(20(9-14)38-4)41-28-25(34)24(33)23(32)21(11-30)40-28/h6-9,15-16,21,23-26,28-34H,5,10-12H2,1-4H3","OSPNTYPNEPEMIS"
"153_172.1_0.8",153,172.096785342606,0.82863134,0.848733127246639,0.00738624927127185,0.639982264198151,0.0304079573912742,0.979308226937954,0.0595409824164561,0.0712288463686041,2.13157603985982,0.193832061434245,1.51701275195361,0.00908059707285054,1.22518400384237,1.28049135490197,0.971245872273121,0.916206394335552,0.75849467359151,0.715511581416098,0.94333105600876,0.356697512769699,-0.0420915327067863,-0.126255463221139,-0.398789045476485,-0.482952975990838,-0.0841639305143529,"Polyketides","Cyclic polyketides","2-pyrone derivatives","Musacin D",NA,"COc1cccc(OC)c1O","CC=CC(C1C=CC(=O)O1)O",NA,NA,NA,NA,"KLIDCXVFHGNTTM","InChI=1S/C8H10O3/c1-10-6-4-3-5-7(11-2)8(6)9/h3-5,9H,1-2H3","KLIDCXVFHGNTTM-UHFFFAOYSA-N","InChI=1S/C8H10O3/c1-2-3-6(9)7-4-5-8(10)11-7/h2-7,9H,1H3","SMKPKIFBQCUYGS"
"520_322.15_5.3",520,322.152675502547,5.3421707,0.855241992204525,0.00071369364459184,0.364253335542989,0.00261182384548897,0.801625590527622,0.0124051677432991,0.0679109835067328,3.14648817059768,0.438596462615538,2.58305611740918,0.0960284271460679,1.90639735880035,1.34209205539135,0.942183617049206,0.896715336616457,0.702026074339939,0.668147414340353,0.951741593029234,0.424483630779354,-0.085919848646074,-0.157278022374584,-0.510403479425427,-0.581761653153937,-0.0713581737285099,"Amino acids and Peptides","Small peptides","Dipeptides","2-amino-N-[4-[bis(2-methoxyethyl)amino]-2-fluorophenyl]acetamide",NA,NA,"COCCN(CCOC)C1=CC(=C(C=C1)NC(=O)CN)F",NA,NA,NA,NA,NA,NA,NA,"InChI=1S/C14H22FN3O3/c1-20-7-5-18(6-8-21-2)11-3-4-13(12(15)9-11)17-14(19)10-16/h3-4,9H,5-8,10,16H2,1-2H3,(H,17,19)","GHDWUUFSJRFYPM"
"158_167.08_0.9",158,167.081545359331,0.89801574,0.861435432029963,0.0443901725687068,0.0890951743890146,0.163412461129476,0.299380194746051,0.976011979399743,0.0647772690737347,1.35271316663286,1.05014581776982,0.786714829116797,0.523776933441874,0.0105448518463439,1.05041280438755,0.821464992997542,0.763812145099608,0.782040155609584,0.727154259648377,0.929817036161751,0.0709564077046663,-0.283728999328517,-0.388710234974498,-0.354685407033184,-0.459666642679164,-0.10498123564598,"Amino acids and Peptides","Nicotinic acid alkaloids","Pyridine alkaloids","N-Methoxy-N-methylnicotinamide",NA,NA,"CN(C(=O)C1=CN=CC=C1)OC",NA,NA,NA,NA,NA,NA,NA,"InChI=1S/C8H10N2O2/c1-10(12-2)8(11)7-4-3-5-9-6-7/h3-6H,1-2H3","KFEZCMOHRDCFIQ"
"658_261.09_6.6",658,261.087836288417,6.6234703,0.875201254308881,0.0406408085819507,0.612941968920638,0.143334239896727,0.95889486954585,0.300697739773891,0.0578920685940137,1.39103765999613,0.212580640931098,0.843650052296582,0.0182290050075514,0.521869836307251,0.824878976273191,1.06028521565544,1.16697882812249,1.28538276056666,1.41472732569195,1.10062727546483,-0.27774562781774,0.0844524005082614,0.222778387232262,0.362198028326001,0.500524015050001,0.138325986724,NA,NA,NA,NA,"C1CN(CCN1CCO)CCS(=O)(=O)O",NA,NA,"InChI=1S/C8H18N2O4S/c11-7-5-9-1-3-10(4-2-9)6-8-15(12,13)14/h11H,1-8H2,(H,12,13,14)",NA,"JKMHFZQWWAIEOD-UHFFFAOYSA-N","JKMHFZQWWAIEOD",NA,NA,NA,NA,NA
"577_484.2_6.4",577,484.200400372778,6.432803,0.882268227275026,0.110088175249906,0.859097663990705,0.0315227334820372,0.456929196034709,0.358038955942153,0.0543993605415914,0.958259326800345,0.0659574618716169,1.50137612986609,0.34015109129499,0.446069717964249,1.29668867224513,0.831521157622391,0.905033806561356,0.641265074200629,0.697957671670215,1.08840743048459,0.374832138091498,-0.266175122284543,-0.143956411368334,-0.641007260376041,-0.518788549459831,0.12221871091621,"Carbohydrates","Aminosugars and aminoglycosides","Aminoglycosides",NA,NA,NA,"CC(C(=O)NC(CCC(=O)[O-])C(=O)NCC(CCC(C(=O)O)N)C(=O)NC(C)C(=O)O)N",NA,NA,NA,NA,NA,NA,NA,"InChI=1S/C18H31N5O9/c1-8(19)14(26)23-12(5-6-13(24)25)16(28)21-7-10(3-4-11(20)18(31)32)15(27)22-9(2)17(29)30/h8-12H,3-7,19-20H2,1-2H3,(H,21,28)(H,22,27)(H,23,26)(H,24,25)(H,29,30)(H,31,32)/p-1","CKDFIMYSHASPFZ"
"657_499.19_6.6",657,499.186631958234,6.622976,0.887508505431351,0.0204282072481152,0.713362124448796,0.00583132049616741,0.324511997127731,0.127469390690558,0.0518274761948945,1.6897697447926,0.14668995300097,2.23423308859235,0.488769242807958,0.894594090133091,0.829083603480843,1.18052738315678,1.10064361032474,1.42389425891482,1.32754236810833,0.93233213056149,-0.270410506742055,0.239431506273297,0.138347398192746,0.509842013015352,0.408757904934801,-0.101084108080551,"Amino acids and Peptides","Tyrosine alkaloids","Dipeptides","Muraglitazar",NA,NA,"CC1=C(N=C(O1)C2=CC=CC=C2)CCOC3=CC=C(C=C3)CN(CC(=O)O)C(=O)OC4=CC=C(C=C4)OC",NA,NA,NA,NA,NA,NA,NA,"InChI=1S/C29H28N2O7/c1-20-26(30-28(37-20)22-6-4-3-5-7-22)16-17-36-24-10-8-21(9-11-24)18-31(19-27(32)33)29(34)38-25-14-12-23(35-2)13-15-25/h3-15H,16-19H2,1-2H3,(H,32,33)","IRLWJILLXJGJTD"
"69_393.29_0.5",69,393.285771947492,0.525421,0.888795614262235,0.462274084151334,0.158388022833899,0.171560917807613,0.0480173864565715,0.867644348725174,0.0511980970762007,0.335100453145422,0.800277662480189,0.765581639060876,1.3186014818962,0.0616582575864099,0.914492208663129,0.732749918555086,0.782818526554993,0.801264255303249,0.856014429799652,1.06832973533267,-0.128957216407027,-0.44860719232762,-0.353250195012669,-0.319649975920592,-0.224292978605641,0.0953569973149512,"Alkaloids","Fatty amides","N-acyl amines","1,3,5-Tris(2,2-dimethylpropionylamino)benzene",NA,NA,"CC(C)(C)C(=O)NC1=CC(=CC(=C1)NC(=O)C(C)(C)C)NC(=O)C(C)(C)C",NA,NA,NA,NA,NA,NA,NA,"InChI=1S/C21H33N3O3/c1-19(2,3)16(25)22-13-10-14(23-17(26)20(4,5)6)12-15(11-13)24-18(27)21(7,8)9/h10-12H,1-9H3,(H,22,25)(H,23,26)(H,24,27)","CPEULHAPWXMDDV"
"690_183.09_6.8",690,183.086337777715,6.7560463,0.890983563615028,0.0768144317801033,0.810430666725753,0.0224437097455955,0.414497327930415,0.307685444621605,0.0501303075199563,1.11455717770744,0.0912841336179325,1.64890535646748,0.382478264797221,0.511893048016548,1.20876604973702,0.868704096168512,0.922496462460078,0.718670164799473,0.763172048603431,1.06192254247312,0.273535045625411,-0.203063254658523,-0.116384716073232,-0.476598300283934,-0.389919761698643,0.0866785385852911,"Fatty acids","Fatty acyls","Fatty alcohols","G-Ol","C([C@H]([C@H]([C@@H]([C@H](CO)O)O)O)O)O","OC[C@@H](O)[C@@H](O)[C@H](O)[C@H](O)CO|O=C[C@@H](O)[C@H](O)[C@H](O)CO|O[C@H]1[C@H](O)[C@H](O)OC[C@H]1O","C(C(C(C(C(CO)O)O)O)O)O","InChI=1S/C6H14O6/c7-1-3(9)5(11)6(12)4(10)2-8/h3-12H,1-2H2/t3-,4+,5-,6-/m1/s1",NA,"FBPFZTCFMRRESA-JGWLITMVSA-N","FBPFZTCFMRRESA","FBPFZTCFMRRESA|PYMYPHUHKUWMLA|SRBFZHDQGSBBOR","InChI=1S/C6H14O6/c7-1-3(9)5(11)6(12)4(10)2-8/h3-12H,1-2H2/t3-,4-,5-,6-/m1/s1|InChI=1S/C5H10O5/c6-1-3(8)5(10)4(9)2-7/h1,3-5,7-10H,2H2/t3-,4-,5+/m1/s1|InChI=1S/C5H10O5/c6-2-1-10-5(9)4(8)3(2)7/h2-9H,1H2/t2-,3-,4+,5-/m1/s1","FBPFZTCFMRRESA-KVTDHHQDSA-N|PYMYPHUHKUWMLA-WDCZJNDASA-N|SRBFZHDQGSBBOR-SQOUGZDYSA-N","InChI=1S/C6H14O6/c7-1-3(9)5(11)6(12)4(10)2-8/h3-12H,1-2H2","FBPFZTCFMRRESA"
"273_519.32_2.9",273,519.318036963313,2.8882504,0.891401947103527,0.0136690706980598,0.65907184962359,0.00400416787682956,0.288844330310009,0.102227686613928,0.0499264216124249,1.86426101026199,0.181067237615213,2.39748772278804,0.539336152752111,0.990431467065903,1.33965353196405,0.842783532673523,0.896128220915112,0.629105595263821,0.668925359828903,1.06329583596913,0.4218599317664,-0.246765969581626,-0.15822292237713,-0.668625901348026,-0.580082854143531,0.0885430472044956,"Amino acids and Peptides","Oligopeptides","Open-chain polyketides","Glidobactin D",NA,"O=C(CCc1ccc(O)c(O)c1)NCCCCNCCCNC(=O)CCc1ccc(O)c(O)c1","CCC(CCCCC=CC=CC(=O)NC(C(C)O)C(=O)NC1CC(CCNC(=O)C=CC(NC1=O)C)O)O",NA,NA,NA,NA,"RNEHQZRKZJSYOL","InChI=1S/C25H35N3O6/c29-20-8-4-18(16-22(20)31)6-10-24(33)27-14-2-1-12-26-13-3-15-28-25(34)11-7-19-5-9-21(30)23(32)17-19/h4-5,8-9,16-17,26,29-32H,1-3,6-7,10-15H2,(H,27,33)(H,28,34)","RNEHQZRKZJSYOL-UHFFFAOYSA-N","InChI=1S/C27H44N4O7/c1-4-20(33)11-9-7-5-6-8-10-12-24(36)31-25(19(3)32)27(38)30-22-17-21(34)15-16-28-23(35)14-13-18(2)29-26(22)37/h6,8,10,12-14,18-22,25,32-34H,4-5,7,9,11,15-17H2,1-3H3,(H,28,35)(H,29,37)(H,30,38)(H,31,36)","CWHSSBGVAAMVCC"
"68_376.26_0.5",68,376.25915551679,0.5249083,0.892184741276401,0.415243240469844,0.146810198993044,0.151075039748362,0.0448564533219464,0.885014419141605,0.0495452086175219,0.381697428474499,0.833243772672394,0.820807282815121,1.34817506788189,0.0530496534800061,0.920525580350297,0.734894770584202,0.783362610862044,0.798342584140404,0.850994939829856,1.06595208214547,-0.119470281914305,-0.444390409325995,-0.352247823391108,-0.32492012741169,-0.232777541476803,0.0921425859348873,"Alkaloids","Anthranilic acid alkaloids","N-acyl amines","1,3,5-Tris(2,2-dimethylpropionylamino)benzene",NA,"CCCCCCCCC(=O)NCc1ccc(O)c(OC)c1|COc1cc(CNC(=O)CCCCCC(C)C)ccc1O","CC(C)(C)C(=O)NC1=CC(=CC(=C1)NC(=O)C(C)(C)C)NC(=O)C(C)(C)C",NA,NA,NA,NA,"RGOVYLWUIBMPGK|VQEONGKQWIFHMN","InChI=1S/C17H27NO3/c1-3-4-5-6-7-8-9-17(20)18-13-14-10-11-15(19)16(12-14)21-2/h10-12,19H,3-9,13H2,1-2H3,(H,18,20)|InChI=1S/C17H27NO3/c1-13(2)7-5-4-6-8-17(20)18-12-14-9-10-15(19)16(11-14)21-3/h9-11,13,19H,4-8,12H2,1-3H3,(H,18,20)","RGOVYLWUIBMPGK-UHFFFAOYSA-N|VQEONGKQWIFHMN-UHFFFAOYSA-N","InChI=1S/C21H33N3O3/c1-19(2,3)16(25)22-13-10-14(23-17(26)20(4,5)6)12-15(11-13)24-18(27)21(7,8)9/h10-12H,1-9H3,(H,22,25)(H,23,26)(H,24,27)","CPEULHAPWXMDDV"
"310_247.08_3.8",310,247.078858829489,3.8161004,0.911592400107342,0.0227329443316876,0.687267226799122,0.0708405616472791,0.966322936117189,0.151234382435145,0.0401993041643284,1.64334431156085,0.162874365474986,1.14971800423878,0.0148777121599984,0.820349462774248,1.2817280228225,0.957974993344816,0.903859776489315,0.747408948144282,0.70518843342359,0.943510825197476,0.3580901607453,-0.0619400980577326,-0.145829122528888,-0.420030258803033,-0.503919283274188,-0.0838890244711559,"Amino acids and Peptides","Small peptides","Aminoacids","(Benzylsulfonylamino)methyl-trihydroxyboranuide",NA,NA,"[B-](CNS(=O)(=O)CC1=CC=CC=C1)(O)(O)O",NA,NA,NA,NA,NA,NA,NA,"InChI=1S/C8H13BNO5S/c11-9(12,13)7-10-16(14,15)6-8-4-2-1-3-5-8/h1-5,10-13H,6-7H2/q-1","QZYOTSAVZBJVCP"
"288_463.29_3.2",288,463.291793148436,3.2405224,0.912804084932439,0.0135356207744932,0.362635877470233,0.0423484705974129,0.72264851218656,0.237163977918666,0.0396224250538562,1.86852182169956,0.440529231082906,1.37316226946782,0.141072887124855,0.624951273904584,1.22361819645974,0.912644456156766,0.865827583382915,0.745857211667246,0.707596197807444,0.948701958952337,0.291153466525779,-0.131875163748125,-0.207848332480023,-0.423028630273904,-0.499001799005801,-0.0759731687318976,"Amino acids and Peptides","Oligopeptides","Cyclic peptides","tert-butyl N-[(2S)-1-[3-[(1-amino-1,2-dioxohexan-3-yl)carbamoyl]-2-azabicyclo[2.2.1]heptan-2-yl]-3,3-dimethyl-1-oxobutan-2-yl]carbamate",NA,"COC(=O)[C@]1(C)CC[C@]2(C)CC(C)=C3C4=CC=C5C(=CC(=O)C(O)=C5C)[C@]4(C)CC[C@@]3(C)[C@@H]2C1","CCCC(C(=O)C(=O)N)NC(=O)C1C2CCC(C2)N1C(=O)C(C(C)(C)C)NC(=O)OC(C)(C)C",NA,NA,NA,NA,"CMKHWUBEVSIFHL","InChI=1S/C30H38O4/c1-17-15-27(3)10-11-28(4,26(33)34-7)16-23(27)30(6)13-12-29(5)20(24(17)30)9-8-19-18(2)25(32)22(31)14-21(19)29/h8-9,14,23,32H,10-13,15-16H2,1-7H3/t23-,27-,28-,29-,30+/m1/s1","CMKHWUBEVSIFHL-HVZOYMJXSA-N","InChI=1S/C24H40N4O6/c1-8-9-15(17(29)19(25)30)26-20(31)16-13-10-11-14(12-13)28(16)21(32)18(23(2,3)4)27-22(33)34-24(5,6)7/h13-16,18H,8-12H2,1-7H3,(H2,25,30)(H,26,31)(H,27,33)","FAQHGIFJDSUBTD"
"221_954.62_1.8",221,954.615005850797,1.8498733,0.928606802656291,0.0292074200293461,0.835111200677932,0.0828084631522289,0.995234768596542,0.122008276082743,0.0321681391651407,1.53450680374209,0.078255691432156,1.08192527538317,0.00207446028000261,0.913610709200981,0.773257729144379,1.02895748025392,1.11215835887019,1.33067855835399,1.4382764205937,1.08085939430241,-0.370978745955251,0.0411833667855947,0.1533622262724,0.412162112740846,0.524340972227652,0.112178859486806,"Fatty acids","Glycerolipids","Glycosyldiacylglycerols","[2-[[2-[(3-amino-3-methylbutanoyl)oxymethyl]-2-[[(E)-3-(aziridin-1-yl)but-2-enoyl]oxymethyl]-3-[3-(aziridin-1-yl)-3-methylbutanoyl]oxypropoxy]methyl]-3-[3-(aziridin-1-yl)-3-methylbutanoyl]oxy-2-[[3-(aziridin-1-yl)-3-methylbutanoyl]oxymethyl]propyl] 3-amino-3-methylbutanoate",NA,"CC/C=C\C/C=C\C/C=C\CCCCCCCC(=O)OC[C@H](CO[C@@H]1O[C@H](CO[C@H]2O[C@H](CO)[C@H](O)[C@H](O)[C@H]2O)[C@H](O)[C@H](O)[C@H]1O)OC(=O)CCCCCCC/C=C\C/C=C\C/C=C\CC","CC(=CC(=O)OCC(COCC(COC(=O)CC(C)(C)N)(COC(=O)CC(C)(C)N1CC1)COC(=O)CC(C)(C)N2CC2)(COC(=O)CC(C)(C)N)COC(=O)CC(C)(C)N3CC3)N4CC4",NA,NA,NA,NA,"KDYAPQVYJXUQNY","InChI=1S/C51H84O15/c1-3-5-7-9-11-13-15-17-19-21-23-25-27-29-31-33-42(53)61-36-39(64-43(54)34-32-30-28-26-24-22-20-18-16-14-12-10-8-6-4-2)37-62-50-49(60)47(58)45(56)41(66-50)38-63-51-48(59)46(57)44(55)40(35-52)65-51/h5-8,11-14,17-20,39-41,44-52,55-60H,3-4,9-10,15-16,21-38H2,1-2H3/b7-5-,8-6-,13-11-,14-12-,19-17-,20-18-/t39-,40-,41-,44+,45+,46+,47+,48-,49-,50-,51+/m1/s1","KDYAPQVYJXUQNY-OPHDRXFHSA-N","InChI=1S/C47H80N6O13/c1-34(50-12-13-50)20-35(54)61-28-46(29-62-36(55)21-41(2,3)48,31-64-38(57)23-43(6,7)51-14-15-51)26-60-27-47(30-63-37(56)22-42(4,5)49,32-65-39(58)24-44(8,9)52-16-17-52)33-66-40(59)25-45(10,11)53-18-19-53/h20H,12-19,21-33,48-49H2,1-11H3","WTIBHCJUTADODS"
"217_408.25_1.9",217,408.249235064229,1.8913196,0.936322918033333,0.0114669171649564,0.381522580166975,0.0316402281012088,0.703923179326192,0.193949242445654,0.0285743464178441,1.94055332474959,0.418479753510626,1.49976039424076,0.152474733777124,0.712311912389343,1.23402032648211,0.912381793059516,0.871642639004703,0.739357183572897,0.706343826190891,0.955348567491465,0.303366158404199,-0.132290437501701,-0.198191322967718,-0.4356565959059,-0.501557481371917,-0.0659008854660174,"Amino acids and Peptides","Oligopeptides","Tripeptides","2-((3-Aziridin-1-ylpropionyl)methyl)-2-ethylpropane-1,3-diyl bis(aziridine-1-propionate)",NA,"C/C=C(\C)C(=O)OC1CC2C(O)C(OC(=O)C(C)C)C(C1)N2C","CCC(COC(=O)CCN1CC1)(COC(=O)CCN2CC2)COC(=O)CCN3CC3",NA,NA,NA,NA,"RZKWUOOSGIFSGP","InChI=1S/C17H27NO5/c1-6-10(4)17(21)22-11-7-12-14(19)15(13(8-11)18(12)5)23-16(20)9(2)3/h6,9,11-15,19H,7-8H2,1-5H3/b10-6+","RZKWUOOSGIFSGP-UXBLZVDNSA-N","InChI=1S/C21H35N3O6/c1-2-21(15-28-18(25)3-6-22-9-10-22,16-29-19(26)4-7-23-11-12-23)17-30-20(27)5-8-24-13-14-24/h2-17H2,1H3","KDRBAEZRIDZKRP"
"362_1406.46_4.1",362,1406.45602575362,4.0784106,0.938212172741273,0.0876069194174919,0.997983961070784,0.0327294114125189,0.977654282723112,0.0651533612879379,0.0276989366413979,1.05746159079359,0.000876438346323492,1.48506180473152,0.00981469291102964,1.1860631739476,1.30998561884264,0.967615385792701,1.01493867572907,0.738645807919312,0.774770853305827,1.04890712842231,0.389550973794564,-0.0474943854802779,0.0213925600268869,-0.437045359274842,-0.368158413767677,0.0688869455071647,NA,NA,NA,NA,NA,NA,NA,NA,NA,NA,NA,NA,NA,NA,NA,NA
"279_527.28_3.1",279,527.284442450265,3.1149716,0.949338755131455,0.0158079327946348,0.403154364109721,0.0401623733351433,0.702260216999006,0.239077169577587,0.0225787894350236,1.80112491909889,0.394528634640488,1.39618063112446,0.153501933644345,0.621461894398135,1.23584826503636,0.906084415336797,0.866285249491546,0.733168011778644,0.70096408596411,0.956075653469377,0.305501622920673,-0.142282629699163,-0.207085942607792,-0.447784252619837,-0.512587565528466,-0.0648033129086294,"Amino acids and Peptides","Oligopeptides","Linear peptides","Cbz-Val-Leu-Ala((S)-2-oxopyrrolidin-3-yl)-ol",NA,NA,"CC(C)CC(C(=O)NC(CC1CCNC1=O)CO)NC(=O)C(C(C)C)NC(=O)OCC2=CC=CC=C2",NA,NA,NA,NA,NA,NA,NA,"InChI=1S/C26H40N4O6/c1-16(2)12-21(24(33)28-20(14-31)13-19-10-11-27-23(19)32)29-25(34)22(17(3)4)30-26(35)36-15-18-8-6-5-7-9-18/h5-9,16-17,19-22,31H,10-15H2,1-4H3,(H,27,32)(H,28,33)(H,29,34)(H,30,35)","GLZAWCKOCLSXEU"
"382_1093.59_4.1",382,1093.59419860544,4.1462913,0.950216360171424,0.648638101421664,0.255652013601839,0.359646503860096,0.505609669948074,0.0370222760606832,0.022177496468901,0.187997544174958,0.592350782273555,0.444124157138944,0.29618462862415,1.43153688514525,1.42554121162551,1.15724239570107,1.22878420672329,0.811791610276558,0.861977329523949,1.06182093854147,0.511509747412185,0.210691082638098,0.297231578668118,-0.300818664774088,-0.214278168744068,0.0865404960300205,"Amino acids and Peptides","Oligopeptides","Lipopeptides","cyclo[Gly-Ser-DL-Ser-bAla(2S-Me,3R-Ph)-Leu(3R-OH)-Leu-D-Lys(Cbz)-Ile-aThr]",NA,NA,"CCC(C)C1C(=O)NC(C(=O)NCC(=O)NC(C(=O)NC(C(=O)NC(C(C(=O)NC(C(=O)NC(C(=O)NC(C(=O)N1)CCCCNC(=O)OCC2=CC=CC=C2)CC(C)C)C(C(C)C)O)C)C3=CC=CC=C3)CO)CO)C(C)O",NA,NA,NA,NA,NA,NA,NA,"InChI=1S/C54H82N10O15/c1-9-31(6)41-52(76)63-43(33(8)67)51(75)56-25-40(68)57-38(26-65)49(73)60-39(27-66)50(74)62-42(35-20-14-11-15-21-35)32(7)46(70)64-44(45(69)30(4)5)53(77)59-37(24-29(2)3)48(72)58-36(47(71)61-41)22-16-17-23-55-54(78)79-28-34-18-12-10-13-19-34/h10-15,18-21,29-33,36-39,41-45,65-67,69H,9,16-17,22-28H2,1-8H3,(H,55,78)(H,56,75)(H,57,68)(H,58,72)(H,59,77)(H,60,73)(H,61,71)(H,62,74)(H,63,76)(H,64,70)","LUPRTPCNLWIEDC"
"715_365.11_7",715,365.1059422992,6.9993205,0.955130263791106,0.0728666791085804,0.377511178965958,0.0301961232764579,0.182756200567045,0.710752084933346,0.0199373938741607,1.13747102295062,0.423070183395468,1.52004881027843,0.738127879342088,0.148281857668165,1.1969870495634,0.749316072337171,0.795897673004024,0.626001820663377,0.66491753047314,1.06216548982002,0.259407543566517,-0.416353698223326,-0.32934513665521,-0.675761241789844,-0.588752680221727,0.0870085615681166,"Amino acids and Peptides","Small peptides","N-acyl amines","Lykurim",NA,NA,"CS(=O)(=O)OCCNCC(C(CNCCOS(=O)(=O)C)O)O",NA,NA,NA,NA,NA,NA,NA,"InChI=1S/C10H24N2O8S2/c1-21(15,16)19-5-3-11-7-9(13)10(14)8-12-4-6-20-22(2,17)18/h9-14H,3-8H2,1-2H3","BYZJBHCTZJGJFV"
"222_155.12_1.9",222,155.117842261347,1.8672887,0.955567744482458,0.022429577955371,0.568316748287826,0.0543464672149447,0.847628914620919,0.205213162268914,0.0197385184342001,1.64917889821275,0.245409545113451,1.26482868191663,0.0717942368997438,0.687794787237441,1.2456488246921,0.929410426378374,0.890090367349938,0.746125559591889,0.714559633265779,0.957693546454332,0.316897398791532,-0.105612265403475,-0.167976280258567,-0.422509664195008,-0.484873679050099,-0.0623640148550918,"Fatty acids","Fatty amides","Aminoacids","1-[4-(2-hydroxyethyl)-1-piperazinyl]Ethanone",NA,NA,"CC(=O)N1CCN(CC1)CCO",NA,NA,NA,NA,NA,NA,NA,"InChI=1S/C8H16N2O2/c1-8(12)10-4-2-9(3-5-10)6-7-11/h11H,2-7H2,1H3","MRGOMLFEVPNISR"
"299_201.16_3.5",299,201.15983414387,3.5225582,0.957060904189953,0.0555340633107473,0.713034708125243,0.0231809334019786,0.428688221967545,0.303850116362832,0.019060424279586,1.25544054894999,0.146889329642665,1.63486908074657,0.367858448387595,0.517340592998659,1.23015167909007,0.861988370770921,0.901714167168611,0.700717143603401,0.733010556743376,1.04608623241884,0.298836212458586,-0.214259689081451,-0.149257906373038,-0.513095901540037,-0.448094118831625,0.0650017827084123,"Amino acids and Peptides","Small peptides","N-acyl amines","1,4,10-Trioxa-7,13-diazacyclopentadecane",NA,NA,"C1COCCNCCOCCOCCN1",NA,NA,NA,NA,NA,NA,NA,"InChI=1S/C10H22N2O3/c1-5-13-6-2-12-4-8-15-10-9-14-7-3-11-1/h11-12H,1-10H2","STHIZMRUXPMSCW"
"302_217.15_3.7",302,217.154772996122,3.714289,0.960597842413292,0.619266134102662,0.0339417125246482,0.876617438842642,0.0784489441364201,0.255843862163403,0.0174583931593236,0.208122669666667,1.46926624919448,0.0571898940313664,1.10541289731366,0.592024997533136,1.27699971178383,1.4275625756785,1.54651680128235,1.11790360052967,1.21105493369457,1.08332680306313,0.352758199427417,0.513553985968091,0.629022506880179,0.160795786540674,0.276264307452762,0.115468520912088,"Amino acids and Peptides","Small peptides","Aminoacids","Unii-Q2L6gjl8MX",NA,NA,"C1CCC(CC1)(CC(=O)N)CC(=O)O",NA,NA,NA,NA,NA,NA,NA,"InChI=1S/C10H17NO3/c11-8(12)6-10(7-9(13)14)4-2-1-3-5-10/h1-7H2,(H2,11,12)(H,13,14)","QJGSJXLCJRXTRY"
"228_285.18_2",228,285.180637093893,2.0058987,0.962858222355022,0.00841513097621394,0.477459970404143,0.0193517042294953,0.749791139335112,0.10895183915052,0.0164376565741945,2.07493912011545,0.3210630332139,1.71328078233116,0.125059696163874,0.9627654342917,1.27975118225049,0.919496438090216,0.885678953995876,0.718496259931751,0.692071213748264,0.963221734534851,0.355863339110023,-0.121084108895646,-0.175144257748646,-0.476947448005669,-0.531007596858668,-0.0540601488529998,"Amino acids and Peptides","Small peptides","N-acyl amines","Collacyclumin B",NA,NA,"CC(=O)CC(C)(C)NC(=O)C(=O)NC(C)(C)CC(=O)C",NA,NA,NA,NA,NA,NA,NA,"InChI=1S/C14H24N2O4/c1-9(17)7-13(3,4)15-11(19)12(20)16-14(5,6)8-10(2)18/h7-8H2,1-6H3,(H,15,19)(H,16,20)","YLSPVSWMAHXPCB"
"523_433.22_5.4",523,433.221262494597,5.4009314,0.973278897110071,0.00385111517726622,0.27465156078245,0.00798191662211722,0.47489534327269,0.104426000432131,0.0117626930101197,2.41441349251641,0.561217928638692,2.09789281310217,0.323402089000609,0.981191355372654,1.27346763369787,0.888170384136338,0.860708232977709,0.697442448189506,0.675877588249653,0.96908008682891,0.348762292712253,-0.17109162915764,-0.21640382610691,-0.519853921869893,-0.565166118819163,-0.0453121969492702,"Amino acids and Peptides","Small peptides","Tripeptides","1-({3-[4-(4-fluorophenyl)piperazin-1-yl]-4-hydroxy-5-(hydroxymethyl)oxolan-2-yl}methyl)-3-(propan-2-yl)urea",NA,NA,"CC(C)NC(=O)NCC1C(C(C(O1)CO)O)N2CCN(CC2)C3=CC=C(C=C3)F",NA,NA,NA,NA,NA,NA,NA,"InChI=1S/C20H31FN4O4/c1-13(2)23-20(28)22-11-16-18(19(27)17(12-26)29-16)25-9-7-24(8-10-25)15-5-3-14(21)4-6-15/h3-6,13,16-19,26-27H,7-12H2,1-2H3,(H2,22,23,28)","YJTQBPSZBVAHBL"
"574_639.38_6.4",574,639.384551029622,6.373376,0.974259146406411,0.0245738817494481,0.586724553150687,0.0509269163592585,0.819996574575948,0.211608250681472,0.0113255083321029,1.60952623590046,0.231565737120748,1.29305261969467,0.086187961818565,0.674467403009354,1.25812041897046,0.921240245463807,0.887627101567482,0.732235350108755,0.705518397272212,0.963513161673259,0.331270014059177,-0.118350656549936,-0.171974377442457,-0.449620670609112,-0.503244391501634,-0.0536237208925214,"Amino acids and Peptides","Oligopeptides","Linear peptides","15-[(4-hydroxyphenyl)methyl]-12-(3-methylbutan-2-yl)-6-(2-methylpropyl)-9-(propan-2-yl)-icosahydropyrrolo[1,2-a]1,4,7,10,13,16-hexaazacyclooctadecane-1,4,7,10,13,16-hexone",NA,NA,"CC(C)CC1C(=O)NC(C(=O)NC(C(=O)NC(C(=O)N2CCCC2C(=O)NCC(=O)N1)CC3=CC=C(C=C3)O)C(C)C(C)C)C(C)C",NA,NA,NA,NA,NA,NA,NA,"InChI=1S/C34H52N6O7/c1-18(2)15-24-30(43)38-28(20(5)6)32(45)39-29(21(7)19(3)4)33(46)37-25(16-22-10-12-23(41)13-11-22)34(47)40-14-8-9-26(40)31(44)35-17-27(42)36-24/h10-13,18-21,24-26,28-29,41H,8-9,14-17H2,1-7H3,(H,35,44)(H,36,42)(H,37,46)(H,38,43)(H,39,45)","LFELFTJBYYSIJD"
"398_996.68_4.2",398,996.68007829376,4.190885,0.974762891479255,0.108991575456296,0.68869987669311,0.210185524574725,0.451781035553988,0.0160052731418679,0.0111010124505367,0.962607069712966,0.161969994772058,0.677397197031817,0.34507200344469,1.79573690989887,0.713143192311079,0.8548489477214,0.889959199317846,1.19870589376461,1.24793899586107,1.04107187789145,-0.48773630980898,-0.226258577374931,-0.168188898461237,0.261477732434049,0.319547411347743,0.0580696789136937,NA,NA,NA,NA,NA,NA,NA,NA,NA,NA,NA,NA,NA,NA,NA,NA
"447_200.11_4.9",447,200.112966573059,4.8707967,0.97552669428888,0.0305168827184672,0.877859285748542,0.0621995150819507,0.986747604498041,0.108674637570559,0.0107608420831592,1.51545983137613,0.0565750926594133,1.20621300112998,0.0057939192567895,0.963871799504909,1.29126431476391,0.971025349987706,0.937402832634833,0.751995806656551,0.725957359710837,0.96537421257509,0.368784342681378,-0.0424191351603408,-0.093258940541887,-0.411203477841719,-0.462043283223265,-0.0508398053815461,"Fatty acids","Fatty acyls","Fatty alcohols","G-Ol","OC[C@@H](O)[C@@H](O)[C@H](O)[C@H](O)CO",NA,"C(C(C(C(C(CO)O)O)O)O)O","\"\"InChI=1S/C6H14O6/c7-1-3(9)5(11)6(12)4(10)2-8/h3-12H,1-2H2/t3-,4-,5-,6-/m1/s1\"\"",NA,"FBPFZTCFMRRESA-KVTDHHQDSA-N","FBPFZTCFMRRESA",NA,NA,NA,"InChI=1S/C6H14O6/c7-1-3(9)5(11)6(12)4(10)2-8/h3-12H,1-2H2","FBPFZTCFMRRESA"
"676_283.07_6.7",676,283.069900750104,6.679079,0.980590516734963,0.119252744333948,0.650226741236895,0.0632453126482306,0.852841703138074,0.0156856163186073,0.0085123111200172,0.923531617861213,0.186935173669776,1.19897165618286,0.0691315712162833,1.80449841234962,0.71032470036132,0.917535098684821,0.883064017774883,1.29171222430826,1.24318359945205,0.96243077680696,-0.493449441370971,-0.12416474812496,-0.17941006496547,0.369284693246011,0.314039376405501,-0.0552453168405101,NA,NA,NA,NA,"Cc1cc(O)c2c(=O)c3c(C(=O)O)cc(O)cc3oc2c1",NA,NA,"InChI=1S/C15H10O6/c1-6-2-9(17)13-10(3-6)21-11-5-7(16)4-8(15(19)20)12(11)14(13)18/h2-5,16-17H,1H3,(H,19,20)","XSPSQSXYKJASKD-UHFFFAOYSA-N","XSPSQSXYKJASKD-UHFFFAOYSA-N","XSPSQSXYKJASKD",NA,NA,NA,NA,NA
"623_1271.87_6.5",623,1271.86611495449,6.5358815,0.980661355236369,0.082196381339642,0.956431085739237,0.0429952033226926,0.813581515186367,0.185988946503337,0.00848093853527155,1.08514730166699,0.0193463169711301,1.36657999294795,0.0895989272728202,0.730512865541502,1.20769929236742,0.93467405003659,0.961597746735168,0.773929450769468,0.796222828656442,1.0288054393909,0.272261279649864,-0.0974647548935531,-0.0564945794308257,-0.369726034543417,-0.328755859080689,0.0409701754627274,"Terpenoids","Glycerolipids","Triacylglycerols",NA,NA,NA,"CC(C)OCCOC1=C2CC3=CC(=CC4=C3OCCOCCOCCOCCOCCOC5=C(CC6=C(C(=CC(=C6)C(C)(C)C)C4)OCCOC(C)C)C=C(C=C5CC7=C(C(=CC(=C7)C(C)(C)C)CC1=CC(=C2)C(C)(C)C)OCCOC(C)C)C(C)(C)C)C(C)(C)C",NA,NA,NA,NA,NA,NA,NA,"InChI=1S/C80H118O12/c1-53(2)85-32-35-90-73-60-38-56-43-66(76(7,8)9)45-58-40-62-49-69(79(16,17)18)51-64(74(62)91-36-33-86-54(3)4)42-65-52-70(80(19,20)21)50-63(75(65)92-37-34-87-55(5)6)41-59-46-67(77(10,11)12)44-57(39-61(73)48-68(47-60)78(13,14)15)72(59)89-31-29-84-27-25-82-23-22-81-24-26-83-28-30-88-71(56)58/h43-55H,22-42H2,1-21H3","HMFYQQLQZHGNIJ"
"538_205.07_5.8",538,205.068328891157,5.839932,0.981608969237143,0.0123892619818444,0.284790356619348,0.0237713399788789,0.460640878725204,0.284998745639754,0.00806148199213412,1.90695456341884,0.545474720575596,1.62394633661298,0.336637523998767,0.545157051440374,1.19393034303815,0.884642605156416,0.860233464134515,0.740949930885666,0.720505571493821,0.972407907012815,0.255718668524911,-0.176833369531059,-0.217199839910482,-0.432552038055969,-0.472918508435392,-0.0403664703794229,NA,NA,NA,NA,NA,NA,NA,NA,NA,NA,NA,NA,NA,NA,NA,NA
"667_759.27_6.6",667,759.267737580319,6.6413755,0.983741472820707,0.0131203134843869,0.70934838937645,0.0244984157503301,0.886991717705841,0.0849884716466824,0.00711901912890285,1.88205578821395,0.149140413022801,1.61086199943693,0.0520804353784699,1.07063998063613,0.740548792582182,1.10497110983789,1.16546527192409,1.49209764556502,1.57378593226827,1.05474727940631,-0.433333301308004,0.144008649943886,0.220906016247695,0.57734195125189,0.654239317555698,0.0768973663038082,"Carbohydrates","Nucleosides","Pyrimidine nucleosides","Streptovirudin A1",NA,NA,"CC(C)CC=CC(=O)NC1C(C(C(OC1OC2C(C(C(C(O2)CO)O)O)NC(=O)C)CC(C3C(C(C(O3)N4CCC(=O)NC4=O)O)O)O)O)O",NA,NA,NA,NA,NA,NA,NA,"InChI=1S/C30H48N4O16/c1-11(2)5-4-6-16(38)32-19-23(43)20(40)14(47-29(19)50-28-18(31-12(3)36)22(42)21(41)15(10-35)48-28)9-13(37)26-24(44)25(45)27(49-26)34-8-7-17(39)33-30(34)46/h4,6,11,13-15,18-29,35,37,40-45H,5,7-10H2,1-3H3,(H,31,36)(H,32,38)(H,33,39,46)","VFVPUOZOQGGMBI"
"545_158.96_5.8",545,158.964079670213,5.842617,0.985248290601614,0.0227618160501156,0.289258392963229,0.0415505098992069,0.451912810946584,0.441795781723298,0.00645430995937067,1.64279309073566,0.538714030942381,1.3814236422757,0.344945346996863,0.3547784350989,1.1492709162772,0.886302503265328,0.864153342248444,0.771186750410691,0.751914391993555,0.975009479342231,0.200718922874133,-0.174128906857433,-0.210640756489165,-0.374847829731566,-0.411359679363298,-0.0365118496317319,NA,NA,NA,NA,NA,NA,NA,NA,NA,NA,NA,NA,NA,NA,NA,NA
"524_534.37_5.4",524,534.365309916223,5.405283,0.98539970155387,0.00206238151412319,0.040301649434427,0.00367220230737564,0.072729102056124,0.355067834667475,0.00638757359503179,2.68563099271288,1.39467717902984,2.43507340084862,1.13829177437656,0.449688668332392,1.19922582316816,0.790291832675763,0.770129880950812,0.659001680424076,0.642189207464074,0.974487966481082,0.262103354572137,-0.339542596270988,-0.376826320765238,-0.601645950843125,-0.638929675337375,-0.03728372449425,"Amino acids and Peptides","Oligopeptides","Tripeptides","3-{[(1R,2S,5S)-3-[(2S)-2-{[tert-butyl(methyl)carbamoyl]amino}-3,3-dimethylbutanoyl]-6,6-dimethyl-3-azabicyclo[3.1.0]hexan-2-yl]formamido}-4-cyclobutyl-2-oxobutanamide",NA,NA,"CC1(C2C1C(N(C2)C(=O)C(C(C)(C)C)NC(=O)N(C)C(C)(C)C)C(=O)NC(CC3CCC3)C(=O)C(=O)N)C",NA,NA,NA,NA,NA,NA,NA,"InChI=1S/C28H47N5O5/c1-26(2,3)21(31-25(38)32(9)27(4,5)6)24(37)33-14-16-18(28(16,7)8)19(33)23(36)30-17(20(34)22(29)35)13-15-11-10-12-15/h15-19,21H,10-14H2,1-9H3,(H2,29,35)(H,30,36)(H,31,38)","MXQJWXDHKUABDI"
"706_345.14_6.9",706,345.139344637141,6.8936133,0.98755233385733,0.0550863291539435,0.991191504165755,0.0313423227669173,0.925821098793704,0.0899103656669322,0.00543988030583832,1.25895616720379,0.00384242909945098,1.5038688212856,0.0334729261830746,1.04619023604832,1.34451963265011,0.943480412256083,0.972595103744283,0.701723046168122,0.723377390798861,1.0308588192293,0.427090821570151,-0.0839355287673704,-0.0400887661337239,-0.511026350337521,-0.467179587703875,0.0438467626336465,"Carbohydrates","Saccharides","Disaccharides","5-{[3,4,5-trihydroxy-6-(hydroxymethyl)oxan-2-yl]oxy}hexane-1,2,3,4,6-pentol","C([C@@H]1[C@H]([C@@H]([C@H]([C@H](O1)OC[C@H]([C@H]([C@@H](C(CO)O)O)O)O)O)O)O)O","OC[C@@H](O)[C@@H](O[C@H]1O[C@H](CO)[C@@H](O)[C@H](O)[C@H]1O)[C@H](O)[C@@H](O)CO","C(C1C(C(C(C(O1)OC(CO)C(C(C(CO)O)O)O)O)O)O)O","InChI=1S/C12H24O11/c13-1-4(15)7(17)8(18)5(16)3-22-12-11(21)10(20)9(19)6(2-14)23-12/h4-21H,1-3H2/t4?,5-,6-,7-,8-,9-,10+,11-,12+/m1/s1","InChI=1S/C12H24O11/c13-1-4(15)7(17)8(18)5(16)3-22-12-11(21)10(20)9(19)6(2-14)23-12/h4-21H,1-3H2/t4?,5-,6-,7-,8-,9-,10+,11-,12+/m1/s1 [M+H]+","SERLAGPUMNYUCK-BLEZHGCXSA-N","SERLAGPUMNYUCK","VQHSOMBJVWLPSR","InChI=1S/C12H24O11/c13-1-4(16)7(18)11(5(17)2-14)23-12-10(21)9(20)8(19)6(3-15)22-12/h4-21H,1-3H2/t4-,5+,6+,7+,8+,9-,10+,11+,12+/m0/s1","VQHSOMBJVWLPSR-WUJBLJFYSA-N","InChI=1S/C12H24O11/c13-1-4(16)7(17)8(18)5(2-14)22-12-11(21)10(20)9(19)6(3-15)23-12/h4-21H,1-3H2","LSRAJKPAPWYOQO"
"683_750.45_6.7",683,750.453143772481,6.6926594,0.987999264861013,0.0462287026370243,0.160473038383246,0.0800383455090222,0.26040572005721,0.876458086642928,0.00524337855703227,1.33508829443749,0.794597924411647,1.09670189734378,0.584349480311224,0.0572688475963433,1.12857484252112,0.770898305206436,0.742851935249257,0.683072381344537,0.658221242633589,0.963618586566139,0.17450209540503,-0.375387538574584,-0.428853412479805,-0.549889633979614,-0.603355507884835,-0.0534658739052211,"Amino acids and Peptides","Oligopeptides","Microcolins and mirabimids","N-[(R)-3,7-Dimethyloctyl]-N',N''-bis[2-[2-[2-(2-methoxyethoxy)ethoxy]ethoxy]ethyl]-1,3,5-benzenetricarboxamide",NA,NA,"CC(C)CCCC(C)CCNC(=O)C1=CC(=CC(=C1)C(=O)NCCOCCOCCOCCOC)C(=O)NCCOCCOCCOCCOC",NA,NA,NA,NA,NA,NA,NA,"InChI=1S/C37H65N3O11/c1-30(2)7-6-8-31(3)9-10-38-35(41)32-27-33(36(42)39-11-13-46-19-21-50-25-23-48-17-15-44-4)29-34(28-32)37(43)40-12-14-47-20-22-51-26-24-49-18-16-45-5/h27-31H,6-26H2,1-5H3,(H,38,41)(H,39,42)(H,40,43)","FUIMIOFLIRZCJH"
"287_319.14_3.2",287,319.136346478104,3.208686,0.98936165313387,0.039169412299869,0.920898642368882,0.0228717170445834,0.786404558242323,0.113892789827449,0.00464492655228929,1.40705294458281,0.0357881672866011,1.64070123045246,0.104353977864437,0.943503768785408,1.28154820550836,0.923444923615445,0.947287917871862,0.720569791792682,0.739174627844837,1.02581961700874,0.357887746705851,-0.114902176772624,-0.0781251110577421,-0.472789923478474,-0.436012857763593,0.0367770657148816,"Fatty acids","Monoterpenoids","N-acyl amines","3-(Diethylsulfamoyl)-3-methylpentane-2-sulfonic acid",NA,NA,"CCC(C)(C(C)S(=O)(=O)O)S(=O)(=O)N(CC)CC",NA,NA,NA,NA,NA,NA,NA,"InChI=1S/C10H23NO5S2/c1-6-10(5,9(4)17(12,13)14)18(15,16)11(7-2)8-3/h9H,6-8H2,1-5H3,(H,12,13,14)","KLNFZQCSAYIPSC"
"306_616.37_3.8",306,616.370976029085,3.76132,0.989666296474236,0.0100396626292522,0.441827234726284,0.01710871948605,0.613486044997278,0.143004186507691,0.00451121957484039,1.9982808808878,0.354747517240519,1.76678249431358,0.212195311746442,0.844651248195257,1.2310569886377,0.909387210587712,0.889614789555924,0.738704397100293,0.722643060205022,0.978257423458804,0.299897549248808,-0.137033380393023,-0.168747322291737,-0.436930929641831,-0.468644871540545,-0.0317139418987138,"Amino acids and Peptides","Oligopeptides","Cyclic peptides","Cyl-2",NA,"C=C1Cc2ccc3[nH]c4c(c3c2[C@H]2[C@@H]1C[C@@H]2C(C)(C)O)[C@@H](OC)[C@@H]1CC[C@@]2(O)[C@@]35O[C@@H]3[C@@H](O)[C@@H](C(=C)C)O[C@H]5CC[C@]2(C)[C@@]41C","CCC(C)C1C(=O)N2CCCCC2C(=O)NC(C(=O)NC(C(=O)N1)CC3=CC=C(C=C3)OC)CCCCCC(=O)C4CO4",NA,NA,NA,NA,"CHJPLPXYURJSLZ","InChI=1S/C38H49NO6/c1-17(2)30-29(40)33-38(45-33)24(44-30)12-13-35(6)36(7)21(11-14-37(35,38)42)31(43-8)28-27-23(39-32(28)36)10-9-19-15-18(3)20-16-22(34(4,5)41)26(20)25(19)27/h9-10,20-22,24,26,29-31,33,39-42H,1,3,11-16H2,2,4-8H3/t20-,21+,22+,24+,26+,29+,30-,31+,33-,35-,36-,37+,38+/m1/s1","CHJPLPXYURJSLZ-UMIAAJJFSA-N","InChI=1S/C32H46N4O7/c1-4-20(2)28-32(41)36-17-9-8-11-25(36)31(40)33-23(10-6-5-7-12-26(37)27-19-43-27)29(38)34-24(30(39)35-28)18-21-13-15-22(42-3)16-14-21/h13-16,20,23-25,27-28H,4-12,17-19H2,1-3H3,(H,33,40)(H,34,38)(H,35,39)","WANLLPADDCXPGO"
"675_521.17_6.7",675,521.168942296553,6.670509,0.991726732034154,0.0291020240524571,0.993931305615872,0.0475821279127844,0.948390057888487,0.0186443915512875,0.00360798018349663,1.53607680468269,0.0026436303138511,1.32255613984991,0.0230130074424793,1.72945178501547,0.702741527682925,0.939654807530546,0.970481994558878,1.33712719472943,1.38099422949821,1.03280692737511,-0.508933939442198,-0.0897972305724892,-0.0432266481530449,0.419136708869709,0.465707291289153,0.0465705824194444,"Amino acids and Peptides","Small peptides","Dipeptides","2-{4-[2-({[(9H-fluoren-9-yl)methoxy]carbonyl}amino)-4-methoxybutanoyl]morpholin-2-yl}acetic acid",NA,NA,"COCCC(C(=O)N1CCOC(C1)CC(=O)O)NC(=O)OCC2C3=CC=CC=C3C4=CC=CC=C24",NA,NA,NA,NA,NA,NA,NA,"InChI=1S/C26H30N2O7/c1-33-12-10-23(25(31)28-11-13-34-17(15-28)14-24(29)30)27-26(32)35-16-22-20-8-4-2-6-18(20)19-7-3-5-9-21(19)22/h2-9,17,22-23H,10-16H2,1H3,(H,27,32)(H,29,30)","WUBAWOGUGPYCAI"
"735_529.17_7.8",735,529.174415753012,7.7654862,0.991873169317667,0.0045762121678784,0.804632641648785,0.00284201829821618,0.649044864716819,0.021925173389044,0.00354385746979144,2.33949384846268,0.0944023533203104,2.54637313021265,0.187725281896849,1.65905696345304,1.37079069444691,0.915023558540136,0.933876564456588,0.667515151836752,0.681268532270997,1.02060384756271,0.455008303330344,-0.128119206844245,-0.0986962211994518,-0.583127510174589,-0.553704524529796,0.0294229856447932,"Carbohydrates","Saccharides","Disaccharides","1,6-bis({[3,4,5-trihydroxy-6-(hydroxymethyl)oxan-2-yl]oxy})hexane-2,3,4,5-tetrol",NA,NA,"C(C1C(C(C(C(O1)OCC(C(C(C(COC2C(C(C(C(O2)CO)O)O)O)O)O)O)O)O)O)O)O",NA,NA,NA,NA,NA,NA,NA,"InChI=1S/C18H34O16/c19-1-7-11(25)13(27)15(29)17(33-7)31-3-5(21)9(23)10(24)6(22)4-32-18-16(30)14(28)12(26)8(2-20)34-18/h5-30H,1-4H2","MCJYGWIJVVVJHZ"
"183_305.15_1.2",183,305.147018234362,1.1957107,0.992427811748196,0.00754758231732022,0.621246385814782,0.00470714650170723,0.465371317269547,0.0642589304578756,0.0033010735820849,2.1221921416685,0.20673612481839,2.32724228482641,0.332200387562898,1.19206650723312,1.24580899118805,0.904912767167683,0.920873925790346,0.726365577362485,0.739177460031145,1.01763833951931,0.317082889718382,-0.144149370581384,-0.118924440294175,-0.461232260299765,-0.436007330012556,0.0252249302872089,"Amino acids and Peptides","Small peptides","Dipeptides","(1S,6R)-6-[2-(2-methylpropanoylamino)ethylcarbamoyl]cyclohex-3-ene-1-carboxylic acid",NA,NA,"CC(C)C(=O)NCCNC(=O)C1CC=CCC1C(=O)O",NA,NA,NA,NA,NA,NA,NA,"InChI=1S/C14H22N2O4/c1-9(2)12(17)15-7-8-16-13(18)10-5-3-4-6-11(10)14(19)20/h3-4,9-11H,5-8H2,1-2H3,(H,15,17)(H,16,18)(H,19,20)","HVDRDDOXYJQABP"
"449_183.09_4.9",449,183.086394402051,4.871246,0.993712937665,0.0477869711542036,0.827167517451012,0.0742410824041677,0.930655727707174,0.195725998747838,0.00273905583759882,1.32069049516872,0.0824065284918736,1.12935570490974,0.0312109454508441,0.7083514821459,1.2466382831416,0.947584419062186,0.926701113058156,0.760111759663134,0.743360063291831,0.977961535052784,0.318042922410187,-0.0776736180552303,-0.109823990382572,-0.395716540465418,-0.42786691279276,-0.0321503723273421,"Fatty acids","Fatty acyls","Fatty alcohols","G-Ol","C([C@H]([C@H]([C@@H]([C@H](CO)O)O)O)O)O","OC[C@@H](O)[C@@H](O)[C@H](O)[C@H](O)CO|O=C[C@@H](O)[C@H](O)[C@H](O)CO|O[C@H]1[C@H](O)[C@H](O)OC[C@H]1O","C(C(C(C(C(CO)O)O)O)O)O","InChI=1S/C6H14O6/c7-1-3(9)5(11)6(12)4(10)2-8/h3-12H,1-2H2/t3-,4+,5-,6-/m1/s1",NA,"FBPFZTCFMRRESA-JGWLITMVSA-N","FBPFZTCFMRRESA","FBPFZTCFMRRESA|PYMYPHUHKUWMLA|SRBFZHDQGSBBOR","InChI=1S/C6H14O6/c7-1-3(9)5(11)6(12)4(10)2-8/h3-12H,1-2H2/t3-,4-,5-,6-/m1/s1|InChI=1S/C5H10O5/c6-1-3(8)5(10)4(9)2-7/h1,3-5,7-10H,2H2/t3-,4-,5+/m1/s1|InChI=1S/C5H10O5/c6-2-1-10-5(9)4(8)3(2)7/h2-9H,1H2/t2-,3-,4+,5-/m1/s1","FBPFZTCFMRRESA-KVTDHHQDSA-N|PYMYPHUHKUWMLA-WDCZJNDASA-N|SRBFZHDQGSBBOR-SQOUGZDYSA-N","InChI=1S/C6H14O6/c7-1-3(9)5(11)6(12)4(10)2-8/h3-12H,1-2H2","FBPFZTCFMRRESA"
"708_711.25_6.9",708,711.253677345421,6.894291,0.994506244219826,0.0220319841842367,0.774860205589643,0.0338656750390093,0.890221189131021,0.11399665891486,0.00239248572033908,1.65694638884737,0.110776642548249,1.47024026324985,0.0505020728111233,0.943107877050397,1.35158954389692,0.930477338516028,0.90869567387799,0.688431885787799,0.672316294529793,0.976590870366842,0.434657094748408,-0.103957080560661,-0.13813088440491,-0.538614175309069,-0.572787979153318,-0.034173803844249,"Amino acids and Peptides","Oligopeptides","Cyclic peptides","3-[2,2-diamino-1-(6-{[14,15-dimethoxy-3-({1H,5H-pyrrolo[3,4-b]pyrrol-5-yl}methyl)-8,17-dioxatetracyclo[8.7.0.0²,⁷.0¹¹,¹⁶]heptadeca-2,4,6,11(16),12,14-hexaen-5-yl]oxy}-3,4,5-trihydroxyoxan-2-yl)ethoxy]-3-oxopropanoic acid",NA,NA,"COC1=C(C2=C(C=C1)C3COC4=CC(=CC(=C4C3O2)CN5C=C6C=CNC6=C5)OC7C(C(C(C(O7)C(C(N)N)OC(=O)CC(=O)O)O)O)O)OC",NA,NA,NA,NA,NA,NA,NA,"InChI=1S/C34H38N4O13/c1-45-20-4-3-17-18-13-47-21-8-16(48-34-27(44)25(42)26(43)31(51-34)32(33(35)36)49-23(41)9-22(39)40)7-15(11-38-10-14-5-6-37-19(14)12-38)24(21)28(18)50-29(17)30(20)46-2/h3-8,10,12,18,25-28,31-34,37,42-44H,9,11,13,35-36H2,1-2H3,(H,39,40)","JFNYSUCWSKPXNW"
"290_377.25_3.3",290,377.254840578259,3.3466818,0.994524355140486,0.0158344861141435,0.633400440045982,0.0103097580448474,0.492455076941328,0.126081267832177,0.00238457686975884,1.80039602647667,0.198321639244063,1.98675152686204,0.307633380854357,0.899349432708659,1.25327824861067,0.891688817571181,0.908293976918381,0.711485113987793,0.724734493657157,1.0186221459998,0.325706752509423,-0.165387770026256,-0.138768781512091,-0.49109452253568,-0.464475534021515,0.0266189885141648,"Alkaloids","Ornithine alkaloids","Quinolizidine alkaloids","4-(4-acetylpiperazine-1-carbonyl)-N,N-dipropylbenzamide",NA,"CCCCC/C=C/C/C=C\CCCCCCCC(=O)OC[C@H](O)CO","CCCN(CCC)C(=O)C1=CC=C(C=C1)C(=O)N2CCN(CC2)C(=O)C",NA,NA,NA,NA,"WECGLUPZRHILCT","InChI=1S/C21H38O4/c1-2-3-4-5-6-7-8-9-10-11-12-13-14-15-16-17-21(24)25-19-20(23)18-22/h6-7,9-10,20,22-23H,2-5,8,11-19H2,1H3/b7-6+,10-9-/t20-/m1/s1","WECGLUPZRHILCT-IHNKIBRCSA-N","InChI=1S/C20H29N3O3/c1-4-10-22(11-5-2)19(25)17-6-8-18(9-7-17)20(26)23-14-12-21(13-15-23)16(3)24/h6-9H,4-5,10-15H2,1-3H3","NHUMPRHPRPXYGT"
"565_205.07_6.2",565,205.068330540229,6.165857,0.994649935133583,0.0323221849074499,0.81363622902026,0.0493472434748127,0.917161837789392,0.143829539077459,0.00232974135496402,1.49049928956896,0.0895697216963233,1.30673710190242,0.0375540241364793,0.842151911304289,1.35505561766466,0.933094362518412,0.909917506549352,0.688602261305357,0.671498272607827,0.975161294612791,0.438352067580826,-0.0999051087154847,-0.136192338902258,-0.538257176296311,-0.574544406483084,-0.0362872301867736,NA,NA,NA,NA,NA,NA,NA,NA,NA,NA,NA,NA,NA,NA,NA,NA
"691_367.12_6.8",691,367.1211165921,6.757423,0.995473395955444,0.00629368508915717,0.735497232577792,0.0093781997364718,0.852921170588305,0.0380343938322013,0.00197034200938533,2.20109499123895,0.133418957033603,2.02788052191453,0.0690911057146795,1.41982350086099,1.31893375904776,0.941703469331143,0.926185580997889,0.713988449284238,0.702222969610371,0.983521470570481,0.399372109780469,-0.0866552502014558,-0.110626797773164,-0.486027359981925,-0.509998907553633,-0.023971547571708,NA,NA,NA,NA,NA,NA,NA,NA,NA,NA,NA,NA,NA,NA,NA,NA
"664_183.09_6.6",664,183.086366619033,6.6344714,0.997391934549382,0.0185160124576016,0.769915979542749,0.0132517931776566,0.662542385923228,0.0982919826245093,0.00113414804352295,1.73245253569513,0.113556666531315,1.87772535082384,0.17878633266099,1.00748190479182,1.2873237873696,0.908611892425658,0.922507928883031,0.705814575431901,0.716609090839534,1.01529369863328,0.364374965510229,-0.138263906561561,-0.11636678381073,-0.50263887207179,-0.480741749320959,0.0218971227508319,"Fatty acids","Fatty acyls","Fatty alcohols","G-Ol","C([C@H]([C@H]([C@@H]([C@H](CO)O)O)O)O)O","OC[C@@H](O)[C@@H](O)[C@H](O)[C@H](O)CO|O=C[C@@H](O)[C@H](O)[C@H](O)CO|O[C@H]1[C@H](O)[C@H](O)OC[C@H]1O","C(C(C(C(C(CO)O)O)O)O)O","InChI=1S/C6H14O6/c7-1-3(9)5(11)6(12)4(10)2-8/h3-12H,1-2H2/t3-,4+,5-,6-/m1/s1",NA,"FBPFZTCFMRRESA-JGWLITMVSA-N","FBPFZTCFMRRESA","FBPFZTCFMRRESA|PYMYPHUHKUWMLA|SRBFZHDQGSBBOR","InChI=1S/C6H14O6/c7-1-3(9)5(11)6(12)4(10)2-8/h3-12H,1-2H2/t3-,4-,5-,6-/m1/s1|InChI=1S/C5H10O5/c6-1-3(8)5(10)4(9)2-7/h1,3-5,7-10H,2H2/t3-,4-,5+/m1/s1|InChI=1S/C5H10O5/c6-2-1-10-5(9)4(8)3(2)7/h2-9H,1H2/t2-,3-,4+,5-/m1/s1","FBPFZTCFMRRESA-KVTDHHQDSA-N|PYMYPHUHKUWMLA-WDCZJNDASA-N|SRBFZHDQGSBBOR-SQOUGZDYSA-N","InChI=1S/C6H14O6/c7-1-3(9)5(11)6(12)4(10)2-8/h3-12H,1-2H2","FBPFZTCFMRRESA"
"257_266.19_2.7",257,266.186446027015,2.7070138,0.997433966871377,0.0430046780532179,0.389779136752659,0.0596739821337759,0.48940169304862,0.518842441864992,0.00111584629047915,1.36648429925314,0.409181410563917,1.22421498007076,0.310334532572294,0.284964505383143,1.16533866454648,0.871692548865586,0.857378165722499,0.748016499739863,0.735733046372547,0.983578633129633,0.220749284200746,-0.198108717271112,-0.221996417416366,-0.418858001471858,-0.442745701617111,-0.0238877001452534,"Alkaloids","Nicotinic acid alkaloids","Pyridine alkaloids","1,6-Bis(morpholino)-2,4-hexadiyne",NA,NA,"C1COCCN1CC#CC#CCN2CCOCC2",NA,NA,NA,NA,NA,NA,NA,"InChI=1S/C14H20N2O2/c1(3-5-15-7-11-17-12-8-15)2-4-6-16-9-13-18-14-10-16/h5-14H2","ZNXWKPCOJLBLFJ"
"267_519.32_2.7",267,519.318035971715,2.742254,0.997493582310045,0.0145182823538527,0.433316251727575,0.0104446944736684,0.341155276587382,0.203722180796188,0.00108988980291837,1.83808476162278,0.363195022243613,1.98110425940225,0.467047907177388,0.690961683454619,1.25820831005914,0.854605346490975,0.868179275110001,0.679224051898692,0.690012351825266,1.01588327135415,0.331370795834123,-0.226669752205001,-0.203935111426838,-0.558040548039124,-0.535305907260961,0.0227346407781635,"Amino acids and Peptides","Linear polyketides","Open-chain polyketides","N-[(4R,7S,8R)-8-methoxy-4,7,10-trimethyl-5-[4-oxanyl(oxo)methyl]-11-oxo-2-oxa-5,10-diazabicyclo[10.4.0]hexadeca-1(12),13,15-trien-14-yl]cyclopropanecarboxamide",NA,"O=C(CCc1ccc(O)c(O)c1)NCCCCNCCCNC(=O)CCc1ccc(O)c(O)c1","CC1CN(C(COC2=C(C=C(C=C2)NC(=O)C3CC3)C(=O)N(CC1OC)C)C)C(=O)C4CCOCC4",NA,NA,NA,NA,"RNEHQZRKZJSYOL","InChI=1S/C25H35N3O6/c29-20-8-4-18(16-22(20)31)6-10-24(33)27-14-2-1-12-26-13-3-15-28-25(34)11-7-19-5-9-21(30)23(32)17-19/h4-5,8-9,16-17,26,29-32H,1-3,6-7,10-15H2,(H,27,33)(H,28,34)","RNEHQZRKZJSYOL-UHFFFAOYSA-N","InChI=1S/C27H39N3O6/c1-17-14-30(26(32)20-9-11-35-12-10-20)18(2)16-36-23-8-7-21(28-25(31)19-5-6-19)13-22(23)27(33)29(3)15-24(17)34-4/h7-8,13,17-20,24H,5-6,9-12,14-16H2,1-4H3,(H,28,31)","GAPZQUHMQDIXFX"
"567_367.12_6.2",567,367.121099598749,6.21305,0.997886149822544,0.0515815396683849,0.770126662446676,0.0378959763477813,0.670334659534951,0.246928028466318,0.00091900512978383,1.28750569865594,0.113437840700545,1.42140689933856,0.173708324906399,0.60742961109122,1.24326948957726,0.898525402409147,0.91291834772117,0.722711696813752,0.734288386688863,1.01601840668437,0.314139047103732,-0.154368803826985,-0.131442264914043,-0.468507850930717,-0.445581312017775,0.0229265389129419,"Carbohydrates","Saccharides","Disaccharides","5-{[3,4,5-trihydroxy-6-(hydroxymethyl)oxan-2-yl]oxy}hexane-1,2,3,4,6-pentol",NA,"COc1ccc([C@@H]2COc3cc(O)ccc3[C@H]2O)c(O)c1","C(C1C(C(C(C(O1)OC(CO)C(C(C(CO)O)O)O)O)O)O)O",NA,NA,NA,NA,"YZBBUYKPTHDZHF","InChI=1S/C16H16O5/c1-20-10-3-5-11(14(18)7-10)13-8-21-15-6-9(17)2-4-12(15)16(13)19/h2-7,13,16-19H,8H2,1H3/t13-,16+/m0/s1","YZBBUYKPTHDZHF-XJKSGUPXSA-N","InChI=1S/C12H24O11/c13-1-4(16)7(17)8(18)5(2-14)22-12-11(21)10(20)9(19)6(3-15)23-12/h4-21H,1-3H2","LSRAJKPAPWYOQO"
"707_183.09_6.9",707,183.086364287374,6.8952804,0.998057625450342,0.0305645131117634,0.928685680626544,0.0413137707927753,0.971880276053675,0.0864637594780666,0.000844382868335925,1.51478251806686,0.0321312507724361,1.38390516426434,0.0123872316289885,1.06316588509796,1.30877046105217,0.962961962934567,0.948883531949597,0.735776052097327,0.725019061926834,0.985380075717564,0.388212092134309,-0.054449282249009,-0.0756970763347314,-0.442661374383318,-0.46390916846904,-0.0212477940857224,"Fatty acids","Fatty acyls","Fatty alcohols","G-Ol","C([C@H]([C@H]([C@@H]([C@@H](CO)O)O)O)O)O","OC[C@@H](O)[C@@H](O)[C@H](O)[C@H](O)CO|O=C[C@@H](O)[C@H](O)[C@H](O)CO|O[C@H]1[C@H](O)[C@H](O)OC[C@H]1O","C(C(C(C(C(CO)O)O)O)O)O","InChI=1S/C6H14O6/c7-1-3(9)5(11)6(12)4(10)2-8/h3-12H,1-2H2/t3-,4-,5-,6-/m1/s1",NA,"FBPFZTCFMRRESA-KVTDHHQDSA-N","FBPFZTCFMRRESA","FBPFZTCFMRRESA|PYMYPHUHKUWMLA|SRBFZHDQGSBBOR","InChI=1S/C6H14O6/c7-1-3(9)5(11)6(12)4(10)2-8/h3-12H,1-2H2/t3-,4-,5-,6-/m1/s1|InChI=1S/C5H10O5/c6-1-3(8)5(10)4(9)2-7/h1,3-5,7-10H,2H2/t3-,4-,5+/m1/s1|InChI=1S/C5H10O5/c6-2-1-10-5(9)4(8)3(2)7/h2-9H,1H2/t2-,3-,4+,5-/m1/s1","FBPFZTCFMRRESA-KVTDHHQDSA-N|PYMYPHUHKUWMLA-WDCZJNDASA-N|SRBFZHDQGSBBOR-SQOUGZDYSA-N","InChI=1S/C6H14O6/c7-1-3(9)5(11)6(12)4(10)2-8/h3-12H,1-2H2","FBPFZTCFMRRESA"
"281_505.3_3.1",281,505.302417922687,3.1151292,0.998076339679267,0.0135915449493622,0.565351858500152,0.0183822178387759,0.665665192293153,0.132277283454587,0.000836239640979995,1.86673117425741,0.247681175821531,1.73560209158786,0.176744151761314,0.878514732663664,1.25985483499314,0.909470673603235,0.8973290828501,0.721885290544755,0.712247997091656,0.986649827085649,0.33325751078819,-0.136900976778949,-0.15629092453846,-0.470158487567139,-0.48954843532665,-0.019389947759511,"Amino acids and Peptides","Linear polyketides","Cyclic peptides","(1-Amino-2-hydroxy-4-phenylbutyl)-[2-hydroxy-1-[(2-methylpropan-2-yl)oxycarbonylamino]-4-phenylbutyl]carbamic acid",NA,NA,"CC(C)(C)OC(=O)NC(C(CCC1=CC=CC=C1)O)N(C(C(CCC2=CC=CC=C2)O)N)C(=O)O",NA,NA,NA,NA,NA,NA,NA,"InChI=1S/C26H37N3O6/c1-26(2,3)35-24(32)28-23(21(31)17-15-19-12-8-5-9-13-19)29(25(33)34)22(27)20(30)16-14-18-10-6-4-7-11-18/h4-13,20-23,30-31H,14-17,27H2,1-3H3,(H,28,32)(H,33,34)","BMTZVUJLMRUNAN"
"575_353.14_6.4",575,353.1418439123,6.407959,0.998128154903503,0.0375319301454929,0.482543560528779,0.0504658525884539,0.579429367969554,0.383311027946559,0.000813693788558394,1.42559910065534,0.316463475598204,1.29700238521995,0.23699949666437,0.416448685813634,1.32073659588953,0.840297519470412,0.823046126215045,0.636233994034568,0.62317204564224,0.979469898630381,0.401342768102023,-0.251027869534005,-0.280954808594124,-0.652370637636027,-0.682297576696147,-0.0299269390601196,"Amino acids and Peptides","Small peptides","Tripeptides","4-Amino-2-[[3-hydroxy-2-(pyrrolidine-2-carbonylamino)butanoyl]amino]-4-oxobutanoic acid",NA,NA,"CC(C(C(=O)NC(CC(=O)N)C(=O)O)NC(=O)C1CCCN1)O",NA,NA,NA,NA,NA,NA,NA,"InChI=1S/C13H22N4O6/c1-6(18)10(17-11(20)7-3-2-4-15-7)12(21)16-8(13(22)23)5-9(14)19/h6-8,10,15,18H,2-5H2,1H3,(H2,14,19)(H,16,21)(H,17,20)(H,22,23)","WVXQQUWOKUZIEG"
"226_408.25_1.9",226,408.249183309363,1.9205407,0.998729142414685,0.004989787646276,0.393751073029311,0.00645855798929118,0.471883434910963,0.0859754611240131,0.000552277443954855,2.30191793654353,0.404778249684696,2.18986443668001,0.326165267948493,1.06562548618839,1.27256591178522,0.892461149899775,0.882915771212378,0.701308389321684,0.69380749793445,0.989304432256273,0.347740381757201,-0.164138726940984,-0.1796522813061,-0.511879108698186,-0.527392663063301,-0.0155135543651155,"Amino acids and Peptides","Small peptides","Tripeptides","2-((3-Aziridin-1-ylpropionyl)methyl)-2-ethylpropane-1,3-diyl bis(aziridine-1-propionate)",NA,"C/C=C(\C)C(=O)OC1CC2C(O)C(OC(=O)C(C)C)C(C1)N2C","CCC(COC(=O)CCN1CC1)(COC(=O)CCN2CC2)COC(=O)CCN3CC3",NA,NA,NA,NA,"RZKWUOOSGIFSGP","InChI=1S/C17H27NO5/c1-6-10(4)17(21)22-11-7-12-14(19)15(13(8-11)18(12)5)23-16(20)9(2)3/h6,9,11-15,19H,7-8H2,1-5H3/b10-6+","RZKWUOOSGIFSGP-UXBLZVDNSA-N","InChI=1S/C21H35N3O6/c1-2-21(15-28-18(25)3-6-22-9-10-22,16-29-19(26)4-7-23-11-12-23)17-30-20(27)5-8-24-13-14-24/h2-17H2,1H3","KDRBAEZRIDZKRP"
"535_257.15_5.8",535,257.147135465574,5.7628684,0.998866971986099,0.0250153491890254,0.999984105668793,0.0194260979639649,0.997848725455116,0.0265820854393969,0.000492346788331888,1.60179343042565,6.90287519502143e-06,1.71161442548893,0.000935293061077671,1.57541095043263,1.29978934467401,0.987763918903429,0.997604600693131,0.759941542028231,0.767512524072379,1.00996258478506,0.378277826315194,-0.0177618240549876,-0.00345997636987942,-0.396039650370182,-0.381737802685073,0.0143018476851082,"Amino acids and Peptides","Small peptides","Aminoacids","N-(D-ribulosyl)-cadaverine",NA,NA,"C(CCN)CCNCC(=O)C(C(CO)O)O",NA,NA,NA,NA,NA,NA,NA,"InChI=1S/C10H22N2O4/c11-4-2-1-3-5-12-6-8(14)10(16)9(15)7-13/h9-10,12-13,15-16H,1-7,11H2","BZKXSLSRJJQPEX"
"230_394.23_2.1",230,394.233500760459,2.1378696,0.999065967998049,0.0493099305373594,0.592034788795573,0.0622135724950555,0.670802200976746,0.366410130571418,0.000405834505094325,1.30706560925679,0.227652772773634,1.20611485941377,0.17340552109504,0.436032527388348,1.20537083028284,0.896992565520546,0.886204856703212,0.744163159573114,0.735213458330715,0.987973469087703,0.269477057414965,-0.156832067079603,-0.174287861583658,-0.426309124494567,-0.443764918998623,-0.0174557945040559,"Fatty acids","Fatty amides","Aminoacids","6-[4-(7-carboxylato-6-hydroxyheptyl)cyclohexyl]-3-hydroxy-2-methylpiperidin-1-ium",NA,"C/C=C(\C)C(=O)OC1CC2C(O)C(OC(=O)CC)C(C1)N2C","CC1C(CCC(N1)C2CCC(CC2)CCCCCC(CC(=O)O)O)O",NA,NA,NA,NA,"HGOLJZZEGFBRMR","InChI=1S/C16H25NO5/c1-5-9(3)16(20)21-10-7-11-14(19)15(22-13(18)6-2)12(8-10)17(11)4/h5,10-12,14-15,19H,6-8H2,1-4H3/b9-5+","HGOLJZZEGFBRMR-WEVVVXLNSA-N","InChI=1S/C20H37NO4/c1-14-19(23)12-11-18(21-14)16-9-7-15(8-10-16)5-3-2-4-6-17(22)13-20(24)25/h14-19,21-23H,2-13H2,1H3,(H,24,25)","LCYHJMKSXUPWHT"
"511_196.06_5.1",511,196.063885888391,5.141709,0.999220578927643,0.0197808917710617,0.548235741206247,0.0247242273526235,0.62209772728217,0.194048569387065,0.000338630255731983,1.70375413323828,0.261032654855134,1.60687727148954,0.20614138526819,0.712089554725531,1.23576192425189,0.90155801407632,0.892452495271156,0.729556394628444,0.722188050753731,0.989900240846405,0.305400827558872,-0.149507764708096,-0.164152717522347,-0.454908592266967,-0.469553545081219,-0.0146449528142517,NA,NA,NA,NA,"C1COCCN1CCS(=O)(=O)O",NA,NA,"InChI=1S/C6H13NO4S/c8-12(9,10)6-3-7-1-4-11-5-2-7/h1-6H2,(H,8,9,10)",NA,"SXGZJKUKBWWHRA-UHFFFAOYSA-N","SXGZJKUKBWWHRA",NA,NA,NA,NA,NA
"679_781.25_6.7",679,781.24976842407,6.668681,0.999247179634883,0.00866171762549839,0.997278727280668,0.0069640961190599,0.999880901295689,0.00619318033688776,0.000327068857936034,2.06239597850121,0.00118344469495282,2.15713524334316,5.17269904538838e-05,2.20808627374871,0.664431274231137,0.991835285188962,0.977059537569191,1.49275827862963,1.47052009058397,0.985102619517155,-0.589808113525227,-0.0118275438033533,-0.033481618733872,0.577980569721874,0.556326494791355,-0.0216540749305188,"Amino acids and Peptides","Oligopeptides","Linear peptides","[5-(acetyloxy)-15-cyano-22-hydroxy-21-methoxy-6,20,24-trimethyl-3-sulfanyl-8,10-dioxa-14,24-diazahexacyclo[14.7.1.0²,¹⁴.0⁴,¹².0⁷,¹¹.0¹⁸,²³]tetracosa-4,6,11,18,20,22-hexaen-13-yl]methyl 6-hydroxy-7-methoxy-1,2,3,4-tetrahydroisoquinoline-1-carboxylate",NA,NA,"CC1=CC2=C(C3C4C(C5=C(C(=C6C(=C5C(N4C(C(C2)N3C)C#N)COC(=O)C7C8=CC(=C(C=C8CCN7)O)OC)OCO6)C)OC(=O)C)S)C(=C1OC)O",NA,NA,NA,NA,NA,NA,NA,"InChI=1S/C39H42N4O10S/c1-16-9-20-10-22-23(13-40)43-24(14-50-39(47)30-21-12-26(48-5)25(45)11-19(21)7-8-41-30)28-29(35(53-18(3)44)17(2)36-37(28)52-15-51-36)38(54)32(43)31(42(22)4)27(20)33(46)34(16)49-6/h9,11-12,22-24,30-32,38,41,45-46,54H,7-8,10,14-15H2,1-6H3","YMAUZYADYYYPHZ"
"656_997.37_6.6",656,997.366465452436,6.6242976,0.999289986637905,0.0611809604886427,0.991126687844683,0.0494880726414388,0.975251625431056,0.0996674299032311,0.00030846440512308,1.21338370924668,0.00387082955574753,1.30549945985801,0.0108833171862297,1.00144674062775,0.751914059214092,1.05611523126102,1.03869224160083,1.40456907051969,1.38139755318112,0.983502756948793,-0.411360317866023,0.0787672537297,0.0547682555055497,0.490127571595723,0.466128573371573,-0.0239989982241503,"Amino acids and Peptides","Oligopeptides","Linear peptides","H-Met-Asp-Trp-Asn-Met-His-Ala-Ala-OH",NA,NA,"CC(C(=O)NC(C)C(=O)O)NC(=O)C(CC1=CN=CN1)NC(=O)C(CCSC)NC(=O)C(CC(=O)N)NC(=O)C(CC2=CNC3=CC=CC=C32)NC(=O)C(CC(=O)O)NC(=O)C(CCSC)N",NA,NA,NA,NA,NA,NA,NA,"InChI=1S/C41H58N12O12S2/c1-20(34(57)48-21(2)41(64)65)47-37(60)29(14-23-18-44-19-46-23)52-36(59)27(10-12-67-4)49-39(62)30(15-32(43)54)53-38(61)28(13-22-17-45-26-8-6-5-7-24(22)26)51-40(63)31(16-33(55)56)50-35(58)25(42)9-11-66-3/h5-8,17-21,25,27-31,45H,9-16,42H2,1-4H3,(H2,43,54)(H,44,46)(H,47,60)(H,48,57)(H,49,62)(H,50,58)(H,51,63)(H,52,59)(H,53,61)(H,55,56)(H,64,65)","WAZHUIVKKDBLRB"
"702_367.12_6.9",702,367.121277322505,6.894228,0.999591206285196,0.0594103168499465,0.933610443081879,0.0498019064449565,0.898505644122917,0.157428425299335,0.000177573152443947,1.22613813141701,0.0298342990498026,1.30275403188532,0.046479190448453,0.80291684862195,1.25221873834599,0.942456835010963,0.950571517285379,0.752629557561018,0.759109801008849,1.00861013679669,0.324486595148482,-0.0855015511391538,-0.0731329211944751,-0.409988146287635,-0.397619516342957,0.0123686299446787,NA,NA,NA,NA,NA,"COc1ccc([C@@H]2COc3cc(O)ccc3[C@H]2O)c(O)c1",NA,NA,NA,NA,NA,"YZBBUYKPTHDZHF","InChI=1S/C16H16O5/c1-20-10-3-5-11(14(18)7-10)13-8-21-15-6-9(17)2-4-12(15)16(13)19/h2-7,13,16-19H,8H2,1H3/t13-,16+/m0/s1","YZBBUYKPTHDZHF-XJKSGUPXSA-N",NA,NA
"239_394.23_2.2",239,394.233507307402,2.1820676,0.999723643477816,0.00608143038075848,0.346277067123446,0.00710390560541652,0.389038065642813,0.122566866876737,0.000120036699849221,2.21599426062704,0.460576269500299,2.14850281796694,0.41000790281357,0.911626915440485,1.24442807329927,0.882543495889953,0.876930669551378,0.709196067515678,0.704685701300864,0.993640170297879,0.315482846395087,-0.180260711961483,-0.189465307688529,-0.49574355835657,-0.504948154083615,-0.00920459572704577,"Amino acids and Peptides","Oligopeptides","Cyclic peptides","Unk-Ala(tBu)-Ala((S)-2-oxopyrrolidin-3-yl)-MeOH",NA,"C/C=C(\C)C(=O)OC1CC2C(O)C(OC(=O)CC)C(C1)N2C","CC(C)(C)CC(C(=O)NC(CC1CCNC1=O)C(=O)CO)NC(=O)C2CCCO2",NA,NA,NA,NA,"HGOLJZZEGFBRMR","InChI=1S/C16H25NO5/c1-5-9(3)16(20)21-10-7-11-14(19)15(22-13(18)6-2)12(8-10)17(11)4/h5,10-12,14-15,19H,6-8H2,1-4H3/b9-5+","HGOLJZZEGFBRMR-WEVVVXLNSA-N","InChI=1S/C20H33N3O6/c1-20(2,3)10-14(23-19(28)16-5-4-8-29-16)18(27)22-13(15(25)11-24)9-12-6-7-21-17(12)26/h12-14,16,24H,4-11H2,1-3H3,(H,21,26)(H,22,27)(H,23,28)","PFJSVGDZMGOTSD"
"529_528.32_5.7",529,528.316104007711,5.7040253,0.999872936285746,0.0180076657877039,0.766796096962956,0.0159452939389452,0.728694110113996,0.0966630969511962,5.51865761306044e-05,1.74454257819761,0.115320106372698,1.79736747047024,0.13745474077482,1.01473929478301,1.32170869930975,0.910461559686143,0.915919596738714,0.688851908262102,0.692981439266492,1.00599480230055,0.402404246157523,-0.13532998797727,-0.126707136824474,-0.537734234134794,-0.529111382981998,0.0086228511527961,"Amino acids and Peptides","Oligopeptides","Tripeptides","(2S)-N-(3-amino-1-cyclobutyl-2,3-dioxopropyl)-3-[(2S)-2-(tert-butylcarbamoylamino)-3,3-dimethylbutanoyl]-6,6-dimethyl-3-azabicyclo[3.1.0]hexane-2-carboxamide",NA,NA,"CC1(C2C1C(N(C2)C(=O)C(C(C)(C)C)NC(=O)NC(C)(C)C)C(=O)NC(C3CCC3)C(=O)C(=O)N)C",NA,NA,NA,NA,NA,NA,NA,"InChI=1S/C26H43N5O5/c1-24(2,3)19(29-23(36)30-25(4,5)6)22(35)31-12-14-15(26(14,7)8)17(31)21(34)28-16(13-10-9-11-13)18(32)20(27)33/h13-17,19H,9-12H2,1-8H3,(H2,27,33)(H,28,34)(H2,29,30,36)","LIVZWBUJKWXSLM"
"185_283.17_1.2",185,283.165107010919,1.2106836,0.999883050691549,0.0432060415050525,0.480873210976113,0.0485627902262713,0.518467012025206,0.425596154769489,5.07934095076088e-05,1.36445552149862,0.317969416416134,1.31369636836896,0.285278870810488,0.371002304514551,1.17314058057432,0.883709737279086,0.878808243701824,0.75328545607591,0.749107360408243,0.99445350280698,0.230375905732157,-0.178355514131971,-0.186379691794405,-0.408731419864128,-0.416755597526563,-0.00802417766243458,"Fatty acids","Fatty amides","Piperidine alkaloids","2-cyclohexa-1,4-dien-1-yl-2-[[(E)-4-ethoxy-4-oxobut-2-en-2-yl]amino]acetic acid",NA,"NCCCCNC(=O)C=Cc1ccc(O)c(O)c1","CCOC(=O)C=C(C)NC(C1=CCC=CC1)C(=O)O",NA,NA,NA,NA,"KTZNZCYTXQYEHT","InChI=1S/C13H18N2O3/c14-7-1-2-8-15-13(18)6-4-10-3-5-11(16)12(17)9-10/h3-6,9,16-17H,1-2,7-8,14H2,(H,15,18)","KTZNZCYTXQYEHT-UHFFFAOYSA-N","InChI=1S/C14H19NO4/c1-3-19-12(16)9-10(2)15-13(14(17)18)11-7-5-4-6-8-11/h4-5,8-9,13,15H,3,6-7H2,1-2H3,(H,17,18)","VJKNZMGRRRECHM"
"528_417.25_5.6",528,417.247228667274,5.5817213,0.999901178430413,0.00941150233277332,0.460419377019592,0.0105184691775516,0.495327225261336,0.127377207220848,4.29197830999241e-05,2.02634104578041,0.33684640711957,1.9780474613342,0.30510780071567,0.894908277368014,1.23981231425834,0.89593875495055,0.891850941727537,0.722640632494851,0.719343509877177,0.995437396584951,0.310121738529198,-0.158527979735131,-0.165125487432546,-0.468649718264329,-0.475247225961743,-0.00659750769741463,"Amino acids and Peptides","Small peptides","Dipeptides","1,6-Bis(cyclohexyloximinocarbonyl)hexane",NA,NA,"C1CCC(=NOC(=O)NCCCCCCNC(=O)ON=C2CCCCC2)CC1",NA,NA,NA,NA,NA,NA,NA,"InChI=1S/C20H34N4O4/c25-19(27-23-17-11-5-3-6-12-17)21-15-9-1-2-10-16-22-20(26)28-24-18-13-7-4-8-14-18/h1-16H2,(H,21,25)(H,22,26)","RXSVYGIGWRDVQC"
"148_154.09_0.8",148,154.086246731928,0.8012114,0.999967845336351,0.0511905069839347,0.610718295466494,0.0474546535443537,0.585158075783826,0.361508998059031,1.39648175086303e-05,1.29081056923399,0.214159069522513,1.32372119294084,0.232726796880241,0.441880888525048,1.176945993821,0.897940419081298,0.901065189150212,0.76294105574556,0.765596037439979,1.00347993029661,0.235048121366826,-0.155308373693356,-0.15029661075575,-0.390356495060182,-0.385344732122575,0.0050117629376064,"Terpenoids","Sesquiterpenoids","4-pyrone derivatives","3-(5-methylfuran-2-yl)prop-2-enal",NA,"COC(=O)c1ccccc1|COc1ccc(C=O)cc1|Cc1ccccc1C(=O)O","CC1=CC=C(O1)C=CC=O",NA,NA,NA,NA,"QPJVMBTYPHYUOC|ZRSNZINYAWTAHE|ZWLPBLYKEWSWPD","InChI=1S/C8H8O2/c1-10-8(9)7-5-3-2-4-6-7/h2-6H,1H3|InChI=1S/C8H8O2/c1-10-8-4-2-7(6-9)3-5-8/h2-6H,1H3|InChI=1S/C8H8O2/c1-6-4-2-3-5-7(6)8(9)10/h2-5H,1H3,(H,9,10)","QPJVMBTYPHYUOC-UHFFFAOYSA-N|ZRSNZINYAWTAHE-UHFFFAOYSA-N|ZWLPBLYKEWSWPD-UHFFFAOYSA-N","InChI=1S/C8H8O2/c1-7-4-5-8(10-7)3-2-6-9/h2-6H,1H3","XYYLGSWUPMPWLD"
"704_362.17_6.9",704,362.16654144412,6.894748,0.99997039885631,0.0428261346100896,0.929186066910032,0.0397661480014474,0.915064729611308,0.118803447278271,1.28558036365811e-05,1.36829112227083,0.0318973110429778,1.40048647546453,0.0385481838366078,0.925170957400198,1.28485130209847,0.944919543451898,0.948372768516343,0.735431050977352,0.738118696667406,1.00365451756012,0.361601403669465,-0.0817366006906563,-0.0764738568781331,-0.443338004360121,-0.438075260547598,0.00526274381252307,"Carbohydrates","Nucleosides","Purine nucleosides","7-propyl-9-[(2S,3S,4R)-2,3,4,5-tetrahydroxypentyl]-3H-purine-2,6,8-trione",NA,NA,"CCCN1C2=C(NC(=O)NC2=O)N(C1=O)CC(C(C(CO)O)O)O",NA,NA,NA,NA,NA,NA,NA,"InChI=1S/C13H20N4O7/c1-2-3-16-8-10(14-12(23)15-11(8)22)17(13(16)24)4-6(19)9(21)7(20)5-18/h6-7,9,18-21H,2-5H2,1H3,(H2,14,15,22,23)","VJQJDBABJHUNLH"
"470_259_5",470,258.998176516778,4.965353,0.999992349510516,0.0203031797219095,0.560512706051762,0.0193582475896202,0.544884687333394,0.192138839557692,3.32257807646559e-06,1.6924359410258,0.251414538099121,1.71313395986877,0.263695396720691,0.716384836592682,1.30039700708952,0.872522614734026,0.874749770015366,0.670966335647648,0.672679008984481,1.0025525473423,0.378952140730208,-0.196735570164715,-0.193057714728022,-0.575687710894924,-0.57200985545823,0.0036778554366933,"Fatty acids","Fatty acyls","Simple phenolic acids","5-chloro-N-methoxy-4-methylthiophene-2-sulfonamide",NA,NA,"CC1=C(SC(=C1)S(=O)(=O)NOC)Cl",NA,NA,NA,NA,NA,NA,NA,"InChI=1S/C6H8ClNO3S2/c1-4-3-5(12-6(4)7)13(9,10)8-11-2/h3,8H,1-2H3","FGZVQHGVTJYDQR"
"534_417.25_5.7",534,417.247246944701,5.723232,0.999995089268774,0.012620784671731,0.597103010675932,0.0121139175584235,0.583460244986565,0.112969517306416,2.13270871009457e-06,1.89891364287247,0.223950739039878,1.91671538626489,0.233988729971914,0.947038726884118,1.27116577965124,0.900060796765212,0.901693455493495,0.708059335118471,0.709343714193505,1.00181394271826,0.346152192328987,-0.151905639856967,-0.149291044339856,-0.498057832185954,-0.495443236668844,0.00261459551710997,"Amino acids and Peptides","Small peptides","Tripeptides","Cyclo-(Isoleucyl-Prolyl-Leucyl-Alanyl)",NA,NA,"CCC(C)C1C(=O)N2CCCC2C(=O)NC(C(=O)NC(C(=O)N1)C)CC(C)C",NA,NA,NA,NA,NA,NA,NA,"InChI=1S/C20H34N4O4/c1-6-12(4)16-20(28)24-9-7-8-15(24)19(27)22-14(10-11(2)3)18(26)21-13(5)17(25)23-16/h11-16H,6-10H2,1-5H3,(H,21,26)(H,22,27)(H,23,25)","HUTLMPQIWUKPAS"
"663_345.14_6.6",663,345.139196618284,6.6331086,0.999995476762102,0.00890152932877053,0.413668644897933,0.00926194415358472,0.425387848427765,0.139650213499682,1.96442170202659e-06,2.05053537290699,0.383347396348567,2.03329784198422,0.371214920254032,0.854958396005491,1.27114392950782,0.874908038638369,0.873329520597296,0.688284008072264,0.687042199017892,0.998195789761482,0.346127393545859,-0.19279671128263,-0.195401987386729,-0.538924104828489,-0.541529380932588,-0.00260527610409901,"Alkaloids","Tryptophan alkaloids","Cyclamides","Desisopropyl butyl torsemide","C([C@@H]1[C@H]([C@@H]([C@H]([C@H](O1)OC[C@H]([C@H]([C@@H](C(CO)O)O)O)O)O)O)O)O","CCCCCC(=O)O[C@H]1[C@H](OC(=O)C(C)C)[C@@H](OC(C)=O)[C@@H](O[C@]2(CO)O[C@H](CO)[C@@H](O)[C@@H]2OC(=O)CCCCC)O[C@@H]1CO","CCCCNC(=O)NS(=O)(=O)C1=C(C=CN=C1)NC2=CC=CC(=C2)C","InChI=1S/C12H24O11/c13-1-4(15)7(17)8(18)5(16)3-22-12-11(21)10(20)9(19)6(2-14)23-12/h4-21H,1-3H2/t4?,5-,6-,7-,8-,9-,10+,11-,12+/m1/s1","InChI=1S/C12H24O11/c13-1-4(15)7(17)8(18)5(16)3-22-12-11(21)10(20)9(19)6(2-14)23-12/h4-21H,1-3H2/t4?,5-,6-,7-,8-,9-,10+,11-,12+/m1/s1 [M+H]+","SERLAGPUMNYUCK-BLEZHGCXSA-N","SERLAGPUMNYUCK","BVFYJVCMRWNZTQ","InChI=1S/C30H50O15/c1-6-8-10-12-21(35)41-24-20(15-32)40-29(26(39-18(5)34)25(24)43-28(38)17(3)4)45-30(16-33)27(23(37)19(14-31)44-30)42-22(36)13-11-9-7-2/h17,19-20,23-27,29,31-33,37H,6-16H2,1-5H3/t19-,20-,23-,24-,25+,26-,27+,29-,30+/m1/s1","BVFYJVCMRWNZTQ-KJCPGIIQSA-N","InChI=1S/C17H22N4O3S/c1-3-4-9-19-17(22)21-25(23,24)16-12-18-10-8-15(16)20-14-7-5-6-13(2)11-14/h5-8,10-12H,3-4,9H2,1-2H3,(H,18,20)(H2,19,21,22)","YITRQCQYMPXGMU"
"305_377.25_3.8",305,377.254804159751,3.7607117,0.999998064784988,0.0114565287182316,0.401717921350201,0.0111177747947986,0.39314966997257,0.182012331198953,8.40454014196827e-07,1.94094695190494,0.396078793187701,1.95398212741626,0.405442084563793,0.739899187892699,1.21716157966358,0.881842067940732,0.882933887114212,0.724506986315221,0.725404007049134,1.00123811191728,0.28352070026679,-0.181407793073387,-0.17962268000724,-0.464928493340178,-0.463143380274031,0.00178511306614669,"Amino acids and Peptides","Small peptides","Dipeptides","N-[2-[4-(adamantane-1-carbonyl)piperazin-1-yl]-2-oxo-ethyl]prop-2-enamide (3e)",NA,"CCCCC/C=C/C/C=C\CCCCCCCC(=O)OC[C@H](O)CO","C=CC(=O)NCC(=O)N1CCN(CC1)C(=O)C23CC4CC(C2)CC(C4)C3",NA,NA,NA,NA,"WECGLUPZRHILCT","InChI=1S/C21H38O4/c1-2-3-4-5-6-7-8-9-10-11-12-13-14-15-16-17-21(24)25-19-20(23)18-22/h6-7,9-10,20,22-23H,2-5,8,11-19H2,1H3/b7-6+,10-9-/t20-/m1/s1","WECGLUPZRHILCT-IHNKIBRCSA-N","InChI=1S/C20H29N3O3/c1-2-17(24)21-13-18(25)22-3-5-23(6-4-22)19(26)20-10-14-7-15(11-20)9-16(8-14)12-20/h2,14-16H,1,3-13H2,(H,21,24)","HYUPHTCREDOBCB"
